-- phpMyAdmin SQL Dump
-- version 4.5.1
-- http://www.phpmyadmin.net
--
-- Host: 127.0.0.1
-- Generation Time: Nov 26, 2017 at 09:38 AM
-- Server version: 10.1.8-MariaDB
-- PHP Version: 5.5.30

SET SQL_MODE = "NO_AUTO_VALUE_ON_ZERO";
SET time_zone = "+00:00";


/*!40101 SET @OLD_CHARACTER_SET_CLIENT=@@CHARACTER_SET_CLIENT */;
/*!40101 SET @OLD_CHARACTER_SET_RESULTS=@@CHARACTER_SET_RESULTS */;
/*!40101 SET @OLD_COLLATION_CONNECTION=@@COLLATION_CONNECTION */;
/*!40101 SET NAMES utf8mb4 */;

--
-- Database: `register_update`
--

-- --------------------------------------------------------

--
-- Table structure for table `class`
--

CREATE TABLE `class` (
  `class_id` varchar(100) NOT NULL,
  `class_name` varchar(100) NOT NULL
) ENGINE=InnoDB DEFAULT CHARSET=latin1;

--
-- Dumping data for table `class`
--

INSERT INTO `class` (`class_id`, `class_name`) VALUES
('1', '1'),
('2', '2'),
('3', '3'),
('4', '4'),
('5', '5'),
('6', '6'),
('7', '7'),
('8', '8');

-- --------------------------------------------------------

--
-- Table structure for table `county`
--

CREATE TABLE `county` (
  `county_id` int(10) NOT NULL,
  `county_name` varchar(100) NOT NULL
) ENGINE=InnoDB DEFAULT CHARSET=latin1;

--
-- Dumping data for table `county`
--

INSERT INTO `county` (`county_id`, `county_name`) VALUES
(1, 'NAIROBI'),
(2, 'BARINGO'),
(3, 'BOMET'),
(4, 'BUNGOMA'),
(5, 'BUSIA'),
(6, 'ELGEYO MARAKWET'),
(7, 'EMBU'),
(8, 'GARISSA'),
(9, 'HOMA BAY'),
(10, 'ISIOLO'),
(11, 'KAJIADO'),
(12, 'KAKAMEGA '),
(13, 'KERICHO'),
(14, 'KIAMBU'),
(15, 'KILIFI'),
(16, 'KIRINYAGA'),
(17, 'KISII'),
(18, 'KISUMU'),
(19, 'KITUI'),
(20, 'KWALE'),
(21, 'LAIKIPIA'),
(22, 'LAMU'),
(23, 'MACHAKOS'),
(24, 'MAKUENI'),
(25, 'MANDERA'),
(26, 'MARSABIT'),
(27, 'MERU'),
(28, 'MIGORI'),
(29, 'MOMBASA'),
(30, 'MURANGA'),
(31, 'NAKURU'),
(32, 'NANDI'),
(33, 'NAROK'),
(34, 'NYAMIRA'),
(35, 'NYANDARUA'),
(36, 'NYERI'),
(37, 'SAMBURU'),
(38, 'SIAYA'),
(39, 'TAITA TAAVET'),
(40, 'TANA RIVER'),
(41, 'THARAKA NITHI'),
(42, 'TRANS NZOIA'),
(43, 'TURKANA'),
(44, 'UASIN GISHU'),
(45, 'VIHIGA '),
(46, 'WAJIR'),
(47, 'WEST POKOT');

-- --------------------------------------------------------

--
-- Table structure for table `district`
--

CREATE TABLE `district` (
  `district_id` int(5) NOT NULL,
  `district_name` varchar(15) NOT NULL,
  `district_county_id` int(5) NOT NULL
) ENGINE=InnoDB DEFAULT CHARSET=latin1;

--
-- Dumping data for table `district`
--

INSERT INTO `district` (`district_id`, `district_name`, `district_county_id`) VALUES
(1, 'KIBERA', 1),
(2, 'KASARANI', 1),
(3, 'STAREHE', 1),
(4, 'EMBAKASI', 1),
(5, 'WESTLANDS', 1),
(6, 'DAGORETTI', 1),
(7, 'MAKADARA', 1),
(8, 'PUMWANI', 1),
(9, 'NGONG', 1),
(10, 'RUIRU', 1),
(11, 'RUNYENJES', 1),
(12, 'BARINGO', 2),
(13, 'KOIBATEK', 2),
(14, 'TRANS NZOIA', 2),
(15, 'BURETI', 3),
(16, 'BOMET', 3),
(18, 'KOIBATEK', 3),
(19, 'KAKAMEGA', 3),
(20, 'KERICHO', 3),
(21, 'UASIN GISHU', 3),
(23, 'NAROK', 3),
(24, 'BUNGOMA', 4),
(25, 'MT ELGON', 4),
(26, 'TESO', 4),
(27, 'BUSIA', 5),
(28, 'UASIN GISHU', 5),
(29, 'KAKAMEGA', 5),
(30, 'TESO', 5),
(31, 'KEIYO', 6),
(32, 'MARAKWET', 6),
(33, 'MBEERE', 7),
(35, 'EMBU', 7),
(36, 'GARISSA', 8),
(37, 'IJARA', 8),
(38, 'WEST POKOT', 7),
(39, 'NYANDARUA', 8),
(40, 'SUBA', 9),
(41, 'HOMA BAY', 9),
(42, 'RACHUONYO', 9),
(43, 'KISUMU', 9),
(44, 'NYANDO', 9),
(45, 'BONDO', 9),
(46, 'ISIOLO', 10),
(47, 'GARISSA', 10),
(48, 'WAJIR', 10),
(49, 'KAJIADO', 11),
(50, 'NAROK', 11),
(51, 'MACHAKOS', 11),
(52, 'NAIROBI', 11),
(53, 'BUTERE/MUMIAS', 12),
(54, 'LUGARI', 12),
(55, 'KAKAMEGA', 12),
(56, 'NANDI NORTH', 12),
(57, 'UASIN GISHU', 12),
(58, 'BUNGOMA', 12),
(59, 'TRANS NZOIA', 12),
(60, 'KERICHO', 13),
(61, 'BURETI', 13),
(63, 'THIKA', 14),
(64, 'SAMBURU', 14),
(65, 'KIAMBU', 14),
(66, 'MALINDI', 15),
(67, 'KILIFI', 15),
(68, 'KIRINYAGA', 14),
(69, 'NAIROBI', 14),
(70, 'MURANGA', 14),
(71, 'KIRINYAGA', 16),
(72, 'MERU SOUTH', 16),
(73, 'NAKURU', 16),
(74, 'THARAKA', 16),
(75, 'CENTRAL KISII', 17),
(76, 'NYAMIRA', 17),
(77, 'GUCHA', 17),
(78, 'NYANDO', 18),
(79, 'KISUMU', 18),
(80, 'KITUI', 19),
(81, 'MWINGI', 19),
(82, 'MACHAKOS', 19),
(83, 'KWALE', 20),
(84, 'MERU NORTH', 16),
(85, 'LAIKIPIA', 21),
(86, 'NYANDARUA', 21),
(87, 'MERU CENTRAL', 21),
(88, 'LAMU', 22),
(89, 'IJARA', 22),
(90, 'MACHAKOS', 23),
(92, 'KITUI', 24),
(93, 'MAKUENI', 24),
(94, 'KAJIADO', 24),
(95, 'MWINGI', 24),
(97, 'MANDERA', 25),
(98, 'MARSABIT', 26),
(99, 'MOYALE', 26),
(101, 'MERU CENTRAL', 27),
(102, 'THARAKA', 27),
(103, 'MIGORI', 28),
(104, 'KURIA', 28),
(105, 'NANDI SOUTH', 28),
(106, 'SUBA', 28),
(107, 'ISIOLO', 26),
(108, 'MOMBASA', 29),
(109, 'MURANGA', 30),
(110, 'MARAGUA', 30),
(111, 'THIKA', 30),
(112, 'BURETI', 27),
(113, 'NAKURU', 31),
(114, 'KERICHO', 31),
(115, 'KOIBATEK', 32),
(116, 'NANDI NORTH', 32),
(117, 'UASIN GISHU', 32),
(118, 'BARINGO', 32),
(119, 'WEST POKOT', 32),
(120, 'narok', 33),
(121, 'TRANS MARA', 33),
(122, 'NYAMIRA', 34),
(123, 'CENTRALKISII', 34),
(124, 'NYANDARUA', 35),
(125, 'LAIKIPIA', 35),
(126, 'TANA RIVER', 40),
(127, 'GARISSA', 40),
(128, 'TAITA TAVETA', 39),
(129, 'SIAYA', 38),
(130, 'BONDO', 38),
(131, 'SAMBURU', 37),
(132, 'NYERI', 36),
(133, 'MERU SOUTH', 41),
(134, 'THARAKA', 41),
(135, 'TRANS NZOIA', 42),
(136, 'MT ELGON', 42),
(137, 'UASIN GISHU', 42),
(138, 'TURKANA', 43),
(139, 'UASIN GISHU', 44),
(140, 'BUNGOMA', 44),
(141, 'VIHIGA', 45),
(142, 'WAJIR', 46),
(143, 'WEST POKOT', 47),
(144, 'TURKANA', 47),
(145, 'KEIYO', 44),
(146, 'GARISSA', 46),
(147, 'MAVOKO', 1);

-- --------------------------------------------------------

--
-- Table structure for table `profile`
--

CREATE TABLE `profile` (
  `profile_id` int(100) NOT NULL,
  `teacher_id` varchar(100) NOT NULL,
  `teacher_username` varchar(100) NOT NULL,
  `teacher_name` varchar(100) NOT NULL,
  `teacher_email` varchar(20) NOT NULL,
  `picture` varchar(100) NOT NULL,
  `location` varchar(100) NOT NULL,
  `year` varchar(17) NOT NULL
) ENGINE=InnoDB DEFAULT CHARSET=latin1;

--
-- Dumping data for table `profile`
--

INSERT INTO `profile` (`profile_id`, `teacher_id`, `teacher_username`, `teacher_name`, `teacher_email`, `picture`, `location`, `year`) VALUES
(5, '123456', 'Brian', 'Brian Ondari Omesa', 'brianomesa@gmail.com', 'KISII', 'KISII', '1990-06-24 01:25'),
(6, '25252525', 'Jameson', '', '', '', '', ''),
(7, '2424', 'Emma ', 'Emma Sharon Achieng', 'sharon@gmail.com', '', '', '24/06/1990'),
(8, '55678', 'Emma', 'Emma Achieng', '', 'NAIROBI', 'NAIROBI', '30/12/1990'),
(9, '56459', 'Omesa', '', '', '', '', ''),
(10, '11111', 'Ma''Leila', '', '9f5334c398ba94047816', '', '', ''),
(11, '12345', 'nation tv', '', '25e4c3ee8f827ff8c4ec', '', '', ''),
(12, '32645502', 'Roy arita', 'roy arita ombachi', 'royombachi@gmail.com', '', '', '18/02/1995');

-- --------------------------------------------------------

--
-- Table structure for table `results`
--

CREATE TABLE `results` (
  `r_id` int(10) NOT NULL,
  `s_log_id` varchar(100) NOT NULL,
  `student_name` varchar(100) NOT NULL,
  `language` int(10) NOT NULL,
  `composition` int(10) NOT NULL,
  `lang_total` int(100) NOT NULL,
  `lugha` int(10) NOT NULL,
  `insha` int(10) NOT NULL,
  `lugha_total` int(11) NOT NULL,
  `maths` int(10) NOT NULL,
  `science` int(10) NOT NULL,
  `socialstudies` int(10) NOT NULL,
  `cre` int(10) NOT NULL,
  `cress_total` int(11) NOT NULL,
  `grand_total` int(11) NOT NULL
) ENGINE=InnoDB DEFAULT CHARSET=latin1;

--
-- Dumping data for table `results`
--

INSERT INTO `results` (`r_id`, `s_log_id`, `student_name`, `language`, `composition`, `lang_total`, `lugha`, `insha`, `lugha_total`, `maths`, `science`, `socialstudies`, `cre`, `cress_total`, `grand_total`) VALUES
(28, '80603', 'ESTHER ADHIAMBO', 42, 25, 74, 40, 23, 70, 88, 86, 62, 23, 94, 413),
(29, '80603', 'MERCY WAIRIMU', 45, 23, 76, 46, 23, 77, 56, 66, 57, 23, 89, 363),
(30, '80603', 'TALL TALL', 45, 30, 83, 46, 28, 82, 88, 86, 45, 30, 83, 423),
(31, '80603', 'ROBBY KIAGE', 42, 22, 71, 41, 21, 69, 72, 74, 46, 22, 76, 362),
(32, '80603', 'LINDA DREAMER', 40, 20, 67, 40, 20, 67, 84, 72, 48, 25, 81, 370),
(33, '527535', 'KELVIN', 40, 24, 71, 43, 25, 76, 70, 84, 55, 26, 90, 391),
(34, '527535', 'MARYANNE', 35, 19, 60, 45, 28, 81, 86, 75, 50, 25, 83, 385),
(35, '527535', 'YVONNE', 45, 22, 74, 40, 19, 66, 50, 60, 59, 28, 97, 347),
(36, '527535', 'VINCENT', 43, 25, 76, 44, 26, 78, 80, 78, 54, 25, 88, 399),
(37, '527535', 'BRIAN', 45, 25, 78, 40, 20, 67, 84, 82, 54, 25, 88, 398),
(39, '15760', 'TOWNSEND OMMONDI', 45, 12, 63, 45, 23, 76, 66, 68, 55, 25, 89, 362),
(40, '435059', 'KEVIN MUKIRAI', 33, 8, 46, 43, 25, 76, 62, 54, 38, 24, 69, 306),
(41, '435059', 'STEPHEN NG''ANG''A', 9, 3, 13, 31, 14, 50, 17, 30, 19, 15, 38, 148),
(42, '435059', 'MELVIN NG''ANG''A', 21, 5, 29, 39, 23, 69, 50, 32, 33, 15, 53, 233),
(43, '435059', 'CHRIS MASHETI', 18, 3, 23, 24, 18, 47, 30, 28, 26, 19, 50, 178),
(44, '435059', 'KELVIN MWANGI', 14, 5, 21, 33, 12, 50, 42, 44, 26, 21, 52, 209),
(45, '435059', 'ISMAEL MOHAMMED', 27, 8, 39, 41, 15, 62, 44, 48, 30, 19, 54, 248),
(46, '435059', 'FABIAN MWENDWA', 22, 6, 31, 33, 15, 53, 44, 36, 23, 13, 40, 204),
(47, '435059', 'NAFTALI KAMAU', 36, 5, 46, 30, 20, 56, 32, 34, 18, 8, 29, 196),
(48, '435059', 'WALTER KANULE', 20, 10, 33, 38, 22, 67, 46, 34, 23, 12, 39, 219),
(49, '435059', 'SIMON MWANGI', 22, 19, 46, 40, 18, 64, 46, 42, 30, 16, 51, 249),
(50, '435059', 'PATRICK KAMAU', 16, 3, 21, 31, 8, 43, 38, 30, 15, 7, 24, 157),
(51, '435059', 'EMMANUEL OMONDI', 30, 15, 50, 41, 20, 68, 46, 36, 35, 25, 67, 266),
(52, '435059', 'LEWIS MUNENE', 31, 12, 48, 42, 20, 69, 46, 56, 36, 22, 64, 283),
(53, '435059', 'DENIS MWANGI', 31, 9, 44, 41, 20, 68, 54, 42, 34, 21, 61, 269),
(54, '435059', 'BERNARD NGUGI', 12, 5, 19, 24, 6, 33, 30, 28, 19, 13, 36, 146),
(55, '435059', 'BONFACE MANJANI', 18, 18, 40, 3, 27, 33, 7, 18, 32, 15, 52, 151),
(56, '435059', 'HESBON NJOROGE', 15, 3, 20, 38, 18, 62, 36, 36, 26, 16, 47, 201),
(57, '435059', 'DYRON GITAU', 14, 13, 30, 12, 22, 38, 36, 20, 20, 15, 39, 163),
(58, '435059', 'JACKSON NGUGI', 16, 10, 29, 41, 18, 66, 42, 24, 26, 20, 51, 212),
(59, '435059', 'STEPHEN MAKUMI', 12, 3, 17, 13, 10, 26, 22, 22, 23, 13, 40, 126),
(60, '435059', 'VICTOR MKANGA', 28, 20, 53, 37, 13, 56, 38, 46, 33, 13, 51, 244),
(61, '435059', 'PRECIOUS KOOME', 21, 8, 32, 28, 5, 37, 26, 42, 21, 16, 41, 178),
(62, '435059', 'JOSEPH KAMAU', 25, 8, 37, 39, 6, 50, 36, 42, 27, 20, 52, 217),
(63, '435059', 'ALEX ZANDAR', 30, 13, 48, 37, 22, 66, 44, 42, 31, 26, 63, 263),
(64, '435059', 'JOSEPH MBUGUA', 21, 10, 34, 28, 7, 39, 32, 44, 24, 19, 48, 197),
(65, '435059', 'BRIAN KIARIE', 27, 20, 52, 36, 21, 63, 26, 36, 20, 9, 32, 210),
(66, '435059', 'ENOCK ONSOTI', 23, 11, 38, 41, 20, 68, 42, 24, 29, 20, 54, 226),
(67, '435059', 'RAMTON IGUNZA', 13, 10, 26, 25, 10, 39, 22, 24, 23, 13, 40, 150),
(68, '435059', 'OLIVER WAMBUA', 22, 10, 36, 25, 10, 39, 36, 30, 29, 16, 50, 190),
(69, '435059', 'CLINTON ATUTI', 21, 21, 47, 42, 21, 70, 46, 44, 26, 16, 47, 253),
(70, '435059', 'SIMON GASACK', 14, 14, 31, 25, 21, 51, 34, 38, 22, 15, 41, 195),
(71, '435059', 'KELVIN OMONDI', 32, 0, 36, 36, 20, 62, 36, 48, 32, 20, 58, 240),
(73, '435059', 'EMMANUEL LAIBON', 15, 3, 20, 22, 11, 37, 38, 42, 20, 3, 26, 162),
(74, '435059', 'NICK MOCHACHE', 13, 6, 21, 38, 10, 53, 34, 28, 23, 11, 38, 174),
(75, '435059', 'BRIDGET WAIRIMU', 18, 8, 29, 20, 5, 28, 34, 24, 16, 8, 27, 141),
(76, '435059', 'RUTH WAKARUA', 22, 4, 29, 36, 12, 53, 44, 46, 30, 14, 49, 221),
(77, '435059', 'SUSAN WARUIRU', 25, 12, 41, 42, 23, 72, 34, 34, 25, 19, 49, 230),
(78, '435059', 'DEBORAH WANJIRU', 15, 6, 23, 30, 3, 37, 30, 28, 28, 20, 53, 171),
(79, '435059', 'LYNETTE AKOTH ', 20, 13, 37, 36, 17, 59, 42, 36, 23, 18, 46, 219),
(80, '435059', 'CHRISTINE KERAUMA', 24, 15, 43, 38, 24, 69, 54, 44, 31, 21, 58, 268),
(81, '435059', 'FAITH WACICI', 28, 5, 37, 39, 22, 68, 52, 44, 31, 21, 58, 258),
(82, '435059', 'BLESSED WAMBUI', 28, 20, 53, 42, 23, 72, 28, 28, 23, 20, 48, 229),
(83, '435059', 'ANNROSE WATIRI', 32, 6, 42, 45, 25, 78, 22, 36, 27, 21, 53, 231),
(84, '435059', 'CYNTHIA WANJIRU', 22, 7, 32, 42, 18, 67, 38, 36, 28, 19, 52, 225),
(85, '435059', 'IRENE WANJIKU', 19, 23, 47, 33, 20, 59, 40, 28, 25, 19, 49, 222),
(86, '435059', 'QUITA AKOTH', 25, 10, 39, 25, 8, 37, 24, 26, 17, 12, 32, 158),
(87, '435059', 'MONICA WAYUA', 19, 14, 37, 35, 21, 62, 42, 40, 16, 19, 39, 220),
(88, '435059', 'CAROLINE NYAMBURA', 30, 13, 48, 44, 27, 79, 48, 52, 26, 19, 50, 277),
(89, '435059', 'MARY NYAMBURA', 31, 8, 43, 25, 16, 46, 42, 22, 21, 15, 40, 193),
(90, '435059', 'SARAH WANJA', 17, 19, 40, 37, 20, 63, 40, 32, 23, 14, 41, 216),
(91, '435059', 'PULINE MUTINDI', 17, 19, 40, 37, 20, 63, 40, 32, 23, 14, 41, 216),
(92, '435059', 'LYNETTE TAKA', 37, 20, 63, 46, 25, 79, 74, 64, 33, 27, 67, 347),
(93, '435059', 'DIVINA KEMUMA', 16, 6, 24, 27, 10, 41, 38, 42, 26, 23, 54, 200),
(94, '435059', 'TERESIA NJERI', 16, 7, 26, 37, 22, 66, 48, 42, 23, 18, 46, 227),
(95, '435059', 'CYNTHIA MUTHONI', 13, 8, 23, 25, 22, 52, 34, 26, 22, 10, 36, 171),
(96, '435059', 'MERCY WAIRIMU', 17, 2, 21, 26, 16, 47, 28, 26, 18, 10, 31, 153),
(97, '435059', 'MAUREEN AKINYI', 18, 11, 32, 28, 15, 48, 44, 44, 25, 22, 52, 220),
(98, '435059', 'TRIZA ATIENO', 26, 16, 47, 42, 20, 69, 36, 50, 29, 24, 59, 260),
(99, '435059', 'TERESA NYANDONG', 17, 20, 41, 30, 16, 51, 40, 28, 19, 13, 36, 196),
(100, '435059', 'PHYLGONA NGEREZA', 35, 5, 44, 40, 8, 53, 44, 50, 34, 23, 63, 255),
(101, '435059', 'HARINA KAGHEGA', 32, 20, 58, 37, 23, 67, 44, 42, 32, 18, 56, 266),
(102, '435059', 'ROSEMARY WAMBUI', 17, 7, 27, 31, 18, 54, 30, 34, 21, 15, 40, 185),
(103, '435059', 'IRENE JARENGA', 11, 6, 19, 35, 15, 56, 34, 42, 23, 20, 48, 198),
(104, '435059', 'JANET KERUBO', 23, 13, 40, 38, 22, 67, 36, 30, 26, 15, 46, 218),
(105, '435059', 'DONNIE KHATIALA', 18, 15, 37, 47, 21, 76, 44, 42, 17, 24, 46, 244),
(106, '435059', 'SHIRLYNE EMALI', 25, 15, 44, 38, 8, 51, 30, 19, 28, 20, 53, 198),
(107, '435059', 'RAEL AUMA', 32, 7, 43, 41, 12, 59, 52, 42, 30, 19, 54, 251),
(108, '435059', 'ESTHER AJOS', 29, 24, 59, 46, 20, 73, 58, 26, 35, 25, 67, 283),
(109, '435059', 'DIANA GATHONI', 20, 4, 27, 28, 18, 51, 26, 40, 25, 16, 46, 189),
(110, '435059', 'VALERIE KERUBO', 14, 4, 20, 34, 24, 64, 46, 20, 18, 10, 31, 182),
(111, '435059', 'MARY MUGESHI', 11, 3, 16, 20, 10, 33, 22, 26, 13, 11, 27, 124),
(112, '435059', 'FAITH MUTHONI', 17, 8, 28, 31, 9, 44, 28, 33, 27, 14, 46, 179),
(113, '435059', 'SUSAN MWENDE', 20, 6, 29, 41, 24, 72, 34, 40, 38, 14, 58, 233),
(114, '238790', 'SUSAN WARUIRU', 24, 10, 38, 30, 18, 53, 44, 52, 32, 17, 54, 242),
(115, '238790', 'BLESSED WAMBUI', 36, 20, 62, 39, 12, 57, 50, 36, 34, 20, 60, 265),
(116, '238790', 'TERESIA NJERI', 24, 20, 49, 25, 14, 43, 54, 50, 31, 17, 53, 250),
(117, '238790', 'ENOCK ONSOTI', 22, 20, 47, 30, 18, 53, 60, 48, 32, 19, 57, 265),
(118, '238790', 'CYNTHIA WANJIRU', 34, 16, 56, 33, 21, 60, 62, 50, 41, 16, 63, 291),
(119, '238790', 'IRENE WANJIKU', 30, 16, 51, 28, 22, 56, 42, 48, 24, 15, 43, 240),
(120, '238790', 'RUTH WAKARUA', 25, 20, 50, 28, 12, 44, 58, 48, 36, 14, 56, 256),
(122, '238790', 'MAUREEN AKINYI', 17, 8, 28, 23, 16, 43, 50, 32, 25, 11, 40, 193),
(124, '238790', 'MONICA WAYUA', 26, 10, 40, 39, 18, 63, 56, 44, 33, 11, 49, 252),
(125, '238790', 'WALTER KANULE', 32, 17, 54, 37, 21, 64, 70, 74, 42, 19, 68, 331),
(126, '238790', 'LYNETTE AKOTH', 29, 25, 60, 32, 20, 58, 62, 48, 37, 15, 58, 286),
(127, '238790', 'JANET KERUBO', 28, 25, 59, 35, 20, 61, 46, 48, 31, 15, 51, 265),
(128, '238790', 'JOSEPH KAMAU', 28, 18, 51, 36, 10, 51, 70, 52, 37, 19, 62, 286),
(129, '238790', 'PULINE MUTINDI', 27, 21, 53, 29, 20, 54, 64, 48, 33, 14, 52, 272),
(130, '238790', 'SARAH WANJA', 30, 9, 43, 36, 14, 56, 56, 60, 32, 18, 56, 270),
(131, '238790', 'JACKSON NGUGI', 26, 17, 48, 38, 20, 64, 66, 50, 38, 20, 64, 293),
(132, '238790', 'BRIAN KIARIE', 30, 20, 56, 39, 22, 68, 58, 54, 35, 15, 56, 291),
(133, '238790', 'KELVIN MWANGI', 31, 19, 56, 41, 21, 69, 56, 64, 38, 18, 62, 307),
(134, '238790', 'FABIAN MWENDWA', 18, 15, 37, 29, 8, 41, 52, 40, 31, 7, 42, 212),
(135, '238790', 'HESBON NJOROGE', 27, 10, 41, 25, 10, 39, 52, 36, 32, 14, 51, 219),
(136, '238790', 'DIVINA KEMUMA', 32, 12, 49, 34, 20, 60, 68, 54, 21, 10, 34, 265),
(137, '238790', 'SHIRLYNE EMALI', 27, 10, 41, 36, 18, 60, 68, 62, 39, 19, 64, 296),
(138, '238790', 'IRENE JARENGA', 27, 13, 44, 29, 14, 48, 32, 34, 32, 14, 51, 209),
(139, '238790', 'JOSEPH MBUGUA', 30, 18, 53, 36, 17, 59, 60, 66, 39, 21, 67, 305),
(140, '238790', 'TERESA NYANDONG', 31, 12, 48, 30, 18, 53, 74, 40, 43, 30, 81, 296),
(141, '238790', 'NAFTALI KAMAU', 29, 10, 43, 22, 15, 41, 38, 44, 17, 12, 32, 199),
(142, '238790', 'MARY NYAMBURA', 26, 14, 44, 27, 16, 48, 52, 36, 34, 13, 52, 232),
(143, '238790', 'OLIVER WAMBUA', 32, 20, 58, 26, 14, 44, 56, 48, 37, 18, 61, 267),
(144, '238790', 'NEWTON KAVAE', 25, 10, 39, 31, 18, 54, 44, 48, 29, 16, 50, 235),
(145, '238790', 'HARON WARIU', 19, 20, 43, 35, 15, 56, 52, 40, 31, 16, 52, 243),
(146, '238790', 'NELSON LUMOSI', 16, 10, 29, 19, 14, 37, 18, 22, 12, 9, 23, 129),
(147, '238790', 'TYSON IMBINDI', 22, 5, 30, 31, 4, 39, 44, 38, 30, 12, 47, 198),
(148, '238790', 'STEPHEN NJENGA', 25, 26, 57, 36, 15, 57, 50, 58, 32, 22, 60, 281),
(149, '238790', 'LINDA SHENJERO', 17, 16, 37, 14, 15, 32, 36, 20, 21, 10, 34, 159),
(150, '238790', 'BONFACE MANJANI', 18, 6, 27, 16, 4, 22, 28, 52, 27, 7, 38, 167),
(151, '238790', 'RAMTON IGUNZA', 25, 13, 42, 23, 5, 31, 42, 44, 30, 14, 49, 208),
(152, '238790', 'STEPHEN NG''ANG''A', 22, 16, 42, 20, 21, 46, 23, 23, 30, 9, 43, 177),
(153, '238790', 'BERNARD NGUGI', 27, 12, 43, 24, 12, 40, 66, 42, 34, 16, 56, 247),
(155, '238790', 'STEPHEN MAKUMI', 15, 8, 26, 14, 15, 32, 48, 34, 28, 9, 41, 181),
(156, '238790', 'MARY MUGESHI', 16, 10, 29, 22, 20, 47, 36, 38, 22, 14, 40, 190),
(157, '238790', 'LYNETTE TAKA', 45, 20, 72, 39, 17, 62, 76, 76, 47, 22, 77, 363),
(158, '238790', 'KELVIN MUKIRAI', 43, 20, 70, 31, 16, 52, 80, 74, 45, 25, 78, 354),
(159, '238790', 'ESTHER AJOS', 38, 19, 63, 38, 10, 53, 70, 66, 42, 22, 71, 324),
(160, '238790', 'LEWIS MUNENE', 32, 18, 56, 36, 15, 57, 62, 62, 42, 16, 64, 301),
(161, '238790', 'CAROLINE NYAMBURA', 40, 21, 68, 33, 23, 62, 78, 60, 36, 20, 62, 330),
(162, '238790', 'DENIS MWANGI', 32, 15, 52, 40, 20, 67, 76, 72, 37, 22, 66, 332),
(163, '238790', 'CHRISTINE KERAUMA', 33, 19, 58, 34, 15, 54, 72, 52, 35, 14, 54, 291),
(164, '238790', 'EMMANUEL OMONDI', 27, 18, 50, 32, 20, 58, 60, 50, 37, 17, 60, 278),
(165, '238790', 'HARINA KAGHEGA', 37, 0, 41, 38, 0, 42, 58, 38, 41, 19, 67, 246),
(166, '238790', 'ALEX ZANDAR', 38, 24, 69, 41, 16, 63, 60, 44, 35, 21, 62, 298),
(167, '238790', 'TRIZA ATIENO', 37, 14, 57, 38, 17, 61, 58, 38, 41, 19, 67, 280),
(168, '238790', 'FAITH WACICI', 36, 20, 62, 31, 18, 54, 70, 60, 38, 22, 67, 313),
(169, '238790', 'PHYLGONA NGEREZA', 43, 16, 66, 41, 21, 69, 76, 72, 43, 19, 69, 351),
(170, '238790', 'CLINTON ATUTI', 32, 10, 47, 40, 17, 63, 68, 56, 37, 18, 61, 295),
(171, '238790', 'RAEL AUMA', 37, 16, 59, 35, 15, 56, 64, 72, 43, 19, 69, 319),
(172, '238790', 'SIMON MWANGI', 27, 11, 42, 35, 19, 60, 56, 44, 41, 18, 66, 268),
(173, '238790', 'ISMAEL MOHAMMED', 30, 20, 56, 39, 21, 67, 56, 60, 37, 14, 57, 295),
(174, '238790', 'VICTOR MKANGA', 26, 28, 60, 27, 21, 53, 46, 46, 42, 16, 64, 270),
(175, '238790', 'DONNIE KHATIALA', 28, 28, 62, 42, 14, 62, 60, 34, 47, 22, 77, 295),
(176, '238790', 'KELVIN OMONDI', 32, 24, 62, 37, 20, 63, 70, 74, 43, 18, 68, 337),
(177, '238790', 'MELVIN NG''ANG''A', 22, 11, 37, 31, 16, 52, 46, 54, 35, 16, 57, 246),
(178, '238790', 'SUSAN MWENDE', 27, 22, 54, 36, 20, 62, 58, 58, 37, 9, 51, 284),
(179, '238790', 'ANNROSE WATIRI', 35, 18, 59, 39, 18, 63, 52, 70, 33, 15, 53, 298),
(180, '238790', 'DIANA GATHONI', 12, 10, 24, 8, 15, 26, 34, 24, 21, 6, 30, 138),
(181, '238790', 'ROSEMARY WAMBUI', 25, 18, 48, 25, 22, 52, 48, 40, 33, 14, 52, 240),
(182, '238790', 'VALERIE KERUBO', 23, 16, 43, 26, 18, 49, 54, 48, 23, 11, 38, 232),
(183, '238790', 'FAITH MUTHONI', 26, 14, 44, 25, 17, 47, 50, 44, 36, 10, 51, 236),
(184, '238790', 'CHRIS MASHETI', 14, 17, 34, 30, 20, 56, 44, 38, 26, 13, 43, 215),
(185, '238790', 'PRECIOUS KOOME', 27, 12, 43, 35, 8, 48, 54, 42, 34, 15, 54, 242),
(186, '238790', 'NICK MOCHACHE', 22, 26, 53, 37, 15, 58, 50, 40, 34, 15, 54, 256),
(187, '238790', 'DEBORAH WANJIRU', 30, 5, 39, 21, 15, 40, 40, 42, 22, 16, 42, 203),
(188, '238790', 'CYNTHIA MUTHONI', 24, 12, 40, 26, 10, 40, 58, 42, 24, 6, 33, 213),
(189, '238790', 'DYRON GITAU', 23, 20, 48, 22, 20, 47, 48, 40, 25, 18, 48, 230),
(190, '238790', 'EMMANUEL LAIBON', 17, 18, 39, 11, 16, 30, 38, 16, 15, 6, 23, 146),
(191, '238790', 'QUITA AKOTH', 26, 20, 51, 28, 19, 52, 44, 38, 28, 13, 46, 231),
(192, '238790', 'PATRICK KAMAU', 14, 14, 31, 11, 10, 23, 48, 36, 27, 10, 41, 180),
(193, '238790', 'MERCY WAIRIMU', 22, 15, 41, 17, 15, 36, 52, 24, 25, 11, 40, 193),
(194, '646589', 'WILSON KISANGIRA', 45, 21, 73, 45, 27, 80, 68, 68, 55, 21, 84, 374),
(195, '646589', 'BRIAN ONDARI', 35, 21, 62, 36, 21, 63, 44, 62, 45, 15, 67, 298),
(196, '238790', 'HANNAH KAGHEHA', 37, 18, 61, 32, 12, 49, 64, 66, 38, 18, 62, 302),
(197, '238790', 'MAGRET WANGARI', 28, 18, 51, 32, 18, 56, 46, 50, 36, 15, 57, 259),
(198, '696337', 'JESSE OTIENO', 28, 24, 58, 33, 21, 60, 72, 72, 46, 24, 78, 340),
(199, '696337', 'EMILY MORAA', 46, 28, 82, 31, 20, 57, 82, 60, 39, 29, 76, 356),
(200, '435059', 'JAMES KIOO', 49, 29, 98, 49, 29, 98, 98, 98, 59, 29, 98, 489);

-- --------------------------------------------------------

--
-- Table structure for table `school`
--

CREATE TABLE `school` (
  `school_id` int(10) NOT NULL,
  `school_name` varchar(100) NOT NULL,
  `school_county_id` int(10) NOT NULL,
  `school_district_id` int(10) NOT NULL
) ENGINE=InnoDB DEFAULT CHARSET=latin1;

--
-- Dumping data for table `school`
--

INSERT INTO `school` (`school_id`, `school_name`, `school_county_id`, `school_district_id`) VALUES
(1, 'RISA CHILDRENS CENTER PRI', 1, 1),
(2, 'ROHO ACADEMY PRI', 1, 2),
(3, 'ABUNDANT LIFE SELF HELP SCH', 1, 3),
(4, 'ST JOSEPH RESOURCE CENTRE PRI SCH', 1, 2),
(5, 'VESSEL OF HOPE CENTRE-PRI', 1, 4),
(6, 'ANTPAUL ACADEMY', 1, 4),
(7, 'KOYOVE ACADEMY PRI', 1, 2),
(8, 'GUUM PRI SCH', 1, 1),
(9, 'GLORY PRI SCH KAREN', 1, 1),
(10, 'JOY SHIRU PRI SCH', 1, 5),
(11, 'KARIAKOR METHODIST CHURCH PRI SCH', 1, 3),
(12, 'MUTIRITHIA EDUCATIONAL CENTRE - PRI', 1, 2),
(13, 'SKYVIEW EDUCATIOIN CENTER', 1, 2),
(14, 'GENIUS LEARNERS CENTER PRI', 1, 2),
(15, 'RFC CENTER PRI SCH', 1, 1),
(16, 'BRIGHT ACADEMY PR', 1, 3),
(17, 'JOJO JUNIOR SCH PRI', 1, 2),
(18, 'BETHESDA EDUCATION CENTRE PRI SCH.', 1, 2),
(19, 'VIARA JOY ACADEMY', 1, 3),
(20, 'CHRISTIAN HOPE NET ST CATHERINE PRI.', 1, 1),
(21, 'LIMIGOSHEP CHILDREN CENTER PRI SCH', 1, 1),
(22, 'YOUNG HEIRS ACADEMY PRI', 1, 2),
(23, 'CAREVAS SCHOOL', 1, 5),
(24, 'JOLLY JUNIOR ACADEMY - PRI', 1, 5),
(25, 'BAIM MISSION CENTRE-PRI', 1, 4),
(26, 'RESTORATION ACADEMY- PRI.', 1, 1),
(27, 'PAVID JUNIOR SCH - PRI', 1, 7),
(28, 'SIMCOD COMM. DEVPT.  EDUCATIONAL CENTRE - PRI', 1, 2),
(29, 'OLYMPIC ACADEMY- PRI SCH', 1, 1),
(30, 'CHRISCO ED CENTER PRI', 1, 6),
(31, 'HIGHPEAK ACADEMY (PRI)', 1, 6),
(32, 'HOPE LEARNING CENTRE', 1, 2),
(33, 'GREEN ANGELS ACADEMY PRI', 1, 4),
(34, 'HOPE GLAM ACADEMY PRI', 1, 4),
(35, 'HIGHVIEW SCH PRI', 1, 2),
(36, 'KAYOLE ST PATRICKS ACADEMY (PRI)', 1, 4),
(37, 'DAVIS JUNIOR  - PRI', 1, 2),
(38, 'LITTLE ANJELS JUNIOR ACADEMY', 1, 2),
(39, 'PELIDA SCHOOL - PRI', 1, 6),
(40, 'ST JOSEPHS FREINADEMETZ CATHOLIC PRI SCH', 1, 4),
(41, 'BENROSE ACADEMY - PRI', 1, 2),
(42, 'GRACE ED CENTER PRI SCH', 1, 4),
(43, 'CHURCH OF THE ROCK ACADEMY- PRI', 1, 1),
(44, 'BRINGERS OF JOY EDUCAATION CENTRE', 1, 2),
(45, 'CLIQUE NINE ACADEMY PRI SCH.', 1, 6),
(46, 'ST. JACINTA JNR CHRISTIAN PRI SCH.', 1, 2),
(47, 'HAPPY DAY ACADEMY - PRI', 1, 2),
(48, 'MASAI GIRLS PRI SCH', 1, 9),
(49, 'WINSTONE ACADEMY PRI', 1, 8),
(50, 'CROSSROAD ACADEMY  - PRI', 1, 6),
(51, 'SHARPENER CHILDRENS CENTRE - PRI', 1, 2),
(52, 'ACHIEVERS PATNA PRIMARY SCH', 1, 2),
(53, 'SALAMA PRI SCH SPECIAL UNIT', 1, 3),
(54, 'EDN PRI SCH', 1, 6),
(55, 'KARIOBANGI PRI SCH', 1, 3),
(56, 'TUMAINI HIGHRIDGE PRI SCH', 1, 2),
(57, 'MYTO JNR ACADEMY - PRI', 1, 2),
(58, 'MWANGAZA HIGH PRI SCH', 1, 2),
(59, 'BRILLIANT CENTRE PRI SCH.', 1, 2),
(60, 'GLARDWAY COMMUNITY PRI SCH.', 1, 6),
(61, 'WHITE COTTEGE SCHOOL -PRI', 1, 5),
(62, 'SANDOTA EDUCATIONAL CENTRE - PRI', 1, 2),
(63, 'NELION ACADEMY', 1, 2),
(64, 'AGAPE GLAD KIDS EDUCATION CENTER PRI', 1, 2),
(65, 'BURUBURU CHURCH OF GOD PRI SCH', 1, 7),
(66, 'BOMA JUNIOR ACADEMY', 1, 6),
(67, 'ACTS PREP SCH &ED CENTER PRI SCH', 1, 2),
(68, 'SMARTCHILD EDU CENTER PRI', 1, 4),
(69, 'ST ANTONY HAPPY DAY CENTRE', 1, 4),
(70, 'JOYLANDS ACADEMY PRI SCH.', 1, 2),
(71, 'BURU BURU COMMUNITY CENTRE PRI SCH', 1, 7),
(72, 'JOYLANDS JNR ACADEMY PRI', 1, 2),
(73, 'PRICY BABY CARE PRI SCHOOL', 1, 2),
(74, 'RED PETALS JUNIOR SCH', 1, 2),
(75, 'FOUR SKILLS ACADEMY PRI', 1, 6),
(76, 'VERO''S KINDERGATEN & SCH -PRI', 1, 2),
(77, 'SOWETO REVELATION ACADEMY- PRI', 1, 4),
(78, 'JAMII COMMUNITY CENTER PRI', 1, 4),
(79, 'SUCCESS JUNIOR ACADEMY PRI', 1, 2),
(80, 'BLUE STAR CHILDREN CENTRE', 1, 5),
(81, 'SUNRAYS  ACADEMY PRI', 1, 2),
(82, 'FOUNTAIN FILL PRI SCH', 1, 4),
(83, 'PEARLS EDUCATION CENTRE - PRI', 1, 5),
(84, 'MUGWAM EDUCATION CENTRE (PRI) SCH', 1, 6),
(85, 'MUGWAM EDUC CENTRE PRI SCHOOL', 1, 6),
(86, 'WISELINK ACADEMY - PRI SCH', 1, 2),
(87, 'LISA CROWE COMMUNITY PRI SCH', 1, 6),
(88, 'HOPE OF THE CITY ED CENTER PRI', 1, 4),
(89, 'SIMCOD COMM. DEVPT.  EDUCATIONAL CENTRE - SU', 1, 2),
(90, 'PEDRO EDUCATION CENTRE - PRI', 1, 2),
(91, 'NJATHAINI PRI SCHOOL SPECIAL UNIT', 1, 2),
(92, 'SAINTS EDUCATION CENTRE PRI', 1, 4),
(93, 'BRIGHT JUNIOR SELF HELP GROUP PRI', 1, 2),
(94, 'QUEEN OF ANGLES ACADEMY - PRI', 1, 6),
(95, 'SUCCESS EDUCATION CENTER PRI', 1, 2),
(96, 'APOSTOLIC ED CENTER PRI', 1, 6),
(97, 'JOYRAX HUMANIST SCH. -PRI', 1, 3),
(98, 'SHINNING LIGHTS EDUCATIONAL CENTRE - PRI', 1, 2),
(99, 'DORBEN JUNIOR ACADEMY - PRI', 1, 2),
(100, 'HERITAGE SCH OF KENYA NUR', 1, 1),
(101, 'FAITH LEARNING CENTER PRI', 1, 2),
(102, 'YOUNG STARS PRIMARY SCH', 1, 4),
(103, 'KABETE VET. LAB PRI SCH -SPECIAL UNIT', 1, 5),
(104, 'LITTLE WONDER SCHOOL - PRI', 1, 2),
(105, 'MT OLIVES JUNIOR SCH - PRI', 1, 2),
(106, 'ALIPAUTRISIA HOPE FOUNDATION EDUCATION CENTRE (PRI', 1, 6),
(107, 'BREMIER SCH PRI', 1, 5),
(108, 'KINGS PAVILLION PRI SCH', 1, 6),
(109, 'MAWEZI PREP SCH - PRI', 1, 2),
(110, 'KENVALE ACADEMY WAITHAKA (PRI)', 1, 6),
(111, 'GLADWAY COMMUNITY CENTRE PRI SCH.', 1, 6),
(112, 'SAIMOS CARE CENTRE - PRI', 1, 2),
(113, 'NJATHAINI REACH ACEDEMY - PRI', 1, 2),
(114, 'AMK CENTER', 1, 2),
(115, 'DALUZA PRI SCH', 1, 1),
(116, 'BUNKA AND BIDDLES PRI', 1, 1),
(117, 'HUMP DEV CENTER PRI SCH', 1, 2),
(118, 'MWIKI MERCY CHILDRENS CENTRE - PRI', 1, 2),
(119, 'BOMA PARK PRI SCH', 1, 1),
(120, 'KYUNA ACADEMY PRI', 1, 5),
(121, 'KENYA ADONAIMASTERS & SERVANTS OF CHILDREN- PRI', 1, 1),
(122, 'PARENT BENEFICIARY PRI SCH', 1, 2),
(123, 'OASIS ACADEMY (PRI)', 1, 6),
(124, 'PCEA RUARAKA KASARANI CHODONG PRI SCH', 1, 2),
(125, 'HARVEST CHILDREN PRI SCH', 1, 8),
(126, 'SEED JUNIOR ACADEMY PRI', 1, 1),
(127, 'KAG JUNIOR ACADEMY', 1, 2),
(128, 'FRONT RUNNERS ACADEMY - PRI', 1, 2),
(129, 'AKIMAM SPRINGS - PRI', 1, 2),
(130, 'SILVERLINE SCH PRI', 1, 4),
(131, 'UTAWALA ACADEMY', 1, 4),
(132, 'SPRING FIELDS PRMARY', 1, 4),
(133, 'WATAI ACADEMY-PRI', 1, 147),
(134, 'MERRYSTART ACADEMY-PRI', 1, 147),
(135, 'GITU ACADEMY (PRI)', 1, 6),
(136, 'TERYSAM MONTESSORI ACADEMY - PRI', 1, 7),
(137, 'NEW PUMWANI PRI SCH', 1, 8),
(138, 'GRANDMAK PRIMARY', 1, 4),
(139, 'SHEEP CARE COMMUNITY CENTRE', 1, 4),
(140, 'ST. VERONICA COMMUNITY CENTRE- PRI', 1, 4),
(141, 'DOMINIQUE JUNIOR ACADEMY - PRI', 1, 7),
(142, 'INNERCORE DAY CARE', 1, 4),
(143, 'BRIGHT MAUA SCHOOL PRI', 1, 4),
(144, 'JOSPER JUNIOR ACADEMY PRI', 1, 4),
(145, 'JOVIAL ACADEMY PRI', 1, 4),
(146, 'SOWETO GOOD SAMARITAN -PRI', 1, 4),
(147, 'FRIDOM JUNIOR SCHOOL PRI', 1, 4),
(148, 'MUSANDA HOLY GHOST CHURCH SCH - PRI', 1, 6),
(149, 'NICKFIELD ACADEMY (PRI)', 1, 4),
(150, 'MAGODO CHILDRENS HOME - PRI', 1, 7),
(151, 'LITTLE STAR ACADEMY-PRI', 1, 147),
(152, 'CEDAR PROGRESIVE ACADEMY', 1, 4),
(153, 'GARDEN OF HOPE PRI', 1, 8),
(154, 'UHURU PRI', 1, 8),
(155, 'LAVINGTON UNITED CHURCH ACADEMY - PRI', 1, 5),
(156, 'JACARANDA SPECIAL SCH PRI', 1, 5),
(157, 'JOYBELLLS ACADEMY PRI', 1, 8),
(158, 'FLOMINA HOPE EDUCATION CENTRE - PRI', 1, 4),
(159, 'BRIGHTEST STAR PREPARATORY', 1, 6),
(160, 'RIRUTA HGM PRI SCH (SPECIAL)', 1, 6),
(161, 'KAYOLE HEKIMA ACADEMY (PRI)', 1, 4),
(162, 'BROOKFIELD ACADEMY (PRI)', 1, 4),
(163, 'A HAPPY OFFER CHILDRENS CENTER', 1, 4),
(164, 'RICKEN DAY CARE PRI', 1, 4),
(165, 'ST. PHILLIPS LEARNING CENTRE - PRI', 1, 6),
(166, 'TINY STEPS SCHOOL - PRI', 1, 6),
(167, 'ROYAL STEP ACADEMY PRI', 1, 6),
(168, 'PALACE ACADEMY (PRI)', 1, 4),
(169, 'WAITHAKA RIVERSIDE SCH', 1, 6),
(170, 'PUMWANI PRI SCH SPECIAL SCH', 1, 3),
(171, 'RIVER LINE ACADEMY (PRI)', 1, 4),
(172, 'ST BRIDGET CATHOLIC PRI SCH.', 1, 8),
(173, 'THAWABU PRI SCH', 1, 4),
(174, 'SUNRISE OF AFRICA SCH -PRI', 1, 6),
(175, 'LIFELINE CENTER SCH PRI', 1, 8),
(176, 'YOUNG HEARTS JUNIOR ACADEMY', 1, 4),
(177, 'JABULANII CENTRE PRI', 1, 6),
(178, 'HALLMARK ACADEMY PRI', 1, 4),
(179, 'COMPUERA ACADEMY PRI', 1, 5),
(180, 'MKOMBOZI CENTER PRI SCH', 1, 8),
(181, 'SAFAITH CENTRE PRIMARY SCHOOL', 1, 3),
(182, 'ST JOSEPH PRIMARY SCH', 1, 8),
(183, 'GREAT LOVE ACADEMY', 1, 4),
(184, 'FANAKA CHILD COUNSELLING CENTER PRI SCH', 1, 8),
(185, 'LOGEF ED CENTER PRI SCH', 1, 4),
(186, 'MUSLIM ACADEMY PRI', 1, 3),
(187, 'AUGUSTANA ACADEMY - PRI', 1, 5),
(188, 'KANGEMI VALLEY ACADEMY PRI', 1, 5),
(189, 'SUD ACADEMY PRI', 1, 5),
(190, 'GREAT COMMISION ACADEMY', 1, 4),
(191, 'DREAMLANE PREPARATORY SCH', 1, 4),
(192, 'LIGHT CHRISTIAN ACADEMY - PRI', 1, 6),
(193, 'FACODEP CENTRE & SCHOOL -  PRI', 1, 5),
(194, 'BUSY BEE CHILDRENS CENTRE - PRI', 1, 5),
(195, 'SLUCANO ACE ACADEMY PRI', 1, 8),
(196, 'SUNNY SHINE COMMUNITY CENTRE - PRI', 1, 5),
(197, 'HAPPY TOT''S ACADEMY PRI SCH', 1, 3),
(198, 'DIVINE VISION COMM CENTER PRI SCH', 1, 4),
(199, 'DAYLIGHT ED CENTER PRI', 1, 4),
(200, 'FUTURE GATE PRI SCH', 1, 4),
(201, 'BY FAITH ED CENTER PRI', 1, 4),
(202, 'FOUNTAIN JUNIOR PRI SCH', 1, 4),
(203, 'HAPPY KIDS ED SCH PRI', 1, 4),
(204, 'SALEM ED CENTER PRI', 1, 8),
(205, 'STANJO JUNIOR ACADEMY - PRI', 1, 4),
(206, 'GREAT SAINTS ACADEMY PRI', 1, 5),
(207, 'GOD''S FAVOR PRI SCH', 1, 4),
(208, 'FELMA EDUCATION CENTRE', 1, 4),
(209, 'SKYROCK PRI SCH', 1, 4),
(210, 'VICTORY CENTRE PRI', 1, 4),
(211, 'HAMONI SELFHELP SCH PRI', 1, 5),
(212, 'IMMACULATE PRI SCH', 1, 4),
(213, 'WISDOM JUNIOR EDUCATION CENTRE', 1, 4),
(214, 'SOLIDARITY PRI SCH', 1, 4),
(215, 'HOPE EDUCATION CENTRE & SCH - PRI', 1, 5),
(216, 'MARGA EDUCATION CENTRE', 1, 5),
(217, 'PREBYSTERIAN EMMANUEL ACADEMY PRI', 1, 4),
(218, 'THE GOLDEN HEART ACADEMY', 1, 4),
(219, 'JUJA ROAD ESTATE PRI SCH', 1, 3),
(220, 'ORBIT SCH OF THE CROSS', 1, 4),
(221, 'DIWOPA PRI SCH', 1, 4),
(222, 'KOMAROCK SENIOR SCH', 1, 4),
(223, 'PARKLANDS PRI SCH (SPECIAL UNIT)', 1, 3),
(224, 'PENUEL EDUCATIONAL CENTRE (PRI)', 1, 8),
(225, 'RAINBOW ACADEMY', 1, 4),
(226, 'PRESTIGE ELITE JUNIOR ACADEMY-PRI SCH', 1, 4),
(227, 'TIMANNE JUNIOR ACADEMY - PRI', 1, 4),
(228, 'GREAT LEARNERS ED CENTER PRI', 1, 4),
(229, 'URITHI HERITAGE MODEL SCH', 1, 4),
(230, 'HAPPYLAND ACADEMY PRI', 1, 4),
(231, 'SHANGILIA MTOTO WA AFRICA -PRI', 1, 5),
(232, 'SPRIGOH PRI SCH', 1, 5),
(233, 'JASIPA PRI SCH', 1, 4),
(234, 'KANGEMI CHILDREN CENTER PRI', 1, 5),
(235, 'AKIBA SCHOOL - PRI', 1, 5),
(236, 'KIPAWA JUNIOR SCH', 1, 4),
(237, 'PCEA KABETE EDUCATION CENTRE - PRI', 1, 5),
(238, 'WELKIM ACADEMY', 1, 4),
(239, 'REDEMPTAS ACADEMY PRI SCH', 1, 3),
(240, 'TENDER FOOT SELF HELP SCH. - PRI', 1, 5),
(241, 'DEVINE MERCY CATHOLIC JUNIOR ACADEMY', 1, 4),
(242, 'WARUKU MILLENIUM SELFHELP GROUP PRI', 1, 5),
(243, 'TRUE VISION EDUCATION CENTRE - PRI', 1, 5),
(244, 'YOUNG STARS PRI SCH', 1, 4),
(245, 'VISION COMMUNITY CENTRE - PRI', 1, 5),
(246, 'WILEYCE PRIMARY SCH', 1, 4),
(247, 'NEMI ACADEMY PRI', 1, 3),
(248, 'ST LUCIA ACADEMY-PRI SCH', 1, 4),
(249, 'BRIGHT BEGINNERS ACADEMY', 1, 4),
(250, 'PLAYLEARN ACADEMY', 1, 4),
(251, 'FUNZO JUNIOR SCH PRI', 1, 3),
(252, 'ST PAUL PRI SCH', 1, 3),
(253, 'CARMEL CNTER PRI SCH', 1, 4),
(254, 'SUNRISE SCH PRI', 1, 4),
(255, 'LUCKY JUNIOR SCH PRI', 1, 4),
(256, 'KIURU MSINGI BORA -PRI', 1, 6),
(257, 'ST RACHAEL JUNIOR SCH PRI', 1, 3),
(258, 'LOVING CONCERN EDUCATION CENTRE PRI', 1, 3),
(259, 'HARVEST MISSION PRI SCH', 1, 3),
(260, 'AGAPE JUNIOR CENTRE PRI', 1, 3),
(261, 'KAG JUNIOR ACADEMY', 1, 3),
(262, 'GRACIOUS DAY ACADEMY PRI', 1, 4),
(263, 'NEW MATHARE SCH (PRI)', 1, 3),
(264, 'FRIENDS SCH KABETE PRI', 1, 5),
(265, 'UNIVERSAL PRIMARY', 1, 5),
(266, 'KOMAROCK CHRISTIA SCH', 1, 4),
(267, 'SWEET ANGELS PREPARATORY PRI', 1, 5),
(268, 'CLEVER JUNIOR LEARNING CENTER PRI', 1, 4),
(269, 'EBEDNEZER EARLY LEARNERS - PRI', 1, 2),
(270, 'GOOD DAY EDUCATIONAL CENTRE', 1, 4),
(271, 'MATOPENI PRIMARY', 1, 4),
(272, 'TENDER CARE JUNIOR ACADEMY', 1, 4),
(273, 'REEDEMED GOSPEL CHURCH SCHOOL', 1, 2),
(274, 'GREEN GATES PRI SCH', 1, 5),
(275, 'ANNOINTED  PRIMARY SCHOOL', 1, 2),
(276, 'CHRISTIAN ASSEMBLY CENTRE - PRI', 1, 2),
(277, 'LYANN ACADEMY', 1, 4),
(278, 'DYCENT VIEW ACADEMY PRI', 1, 2),
(279, 'GOOD HOPE ACADEMY', 1, 3),
(280, 'AGA KHAN PRI SCH - DEAF UNIT', 1, 5),
(281, 'BRIGHT ANJELS ACADEMY PRI', 1, 2),
(282, 'GOODSTART JUNIOR SCH PRI', 1, 3),
(283, 'BORAN EDUCATION CHILDRENS CENTRE', 1, 3),
(284, 'THUITA DAYCARE PRI', 1, 4),
(285, 'AIPCA NGEI 2 JUNIOR ACADEMY', 1, 3),
(286, 'OSHWAL ACADEMY NAIROBI - SPECIAL UNIT', 1, 5),
(287, 'BEN JOS ACADEMY - PRI', 1, 2),
(288, 'JOY DAY CARE CENTRE - PRI', 1, 2),
(289, 'MOTHERS JOY CENTRE', 1, 3),
(290, 'NYOTA EDC CNTR', 1, 2),
(291, 'FURAHA PREPARATORY ACADEMY', 1, 3),
(292, 'ELJOY CHILDRENS CENTRE (PRI)', 1, 3),
(293, 'EASTLANDS COMPLEX EDU CENTRE (PRI)', 1, 3),
(294, 'GRACIOUS KIDIO JUNIOR SCH (PRI)', 1, 3),
(295, 'VUMILIA DAY - PRI', 1, 2),
(296, 'FURAHA COMMUNITY CENTRE (PRI)', 1, 3),
(297, 'AISHER COLLIER PRI SCH', 1, 3),
(298, 'CLEAN WIN PRI SCH', 1, 3),
(299, 'TRUSTED CARE PRI SCH', 1, 3),
(300, 'KOMAROCK ROAD PRI SCH', 1, 4),
(301, 'GOSPEL JUNIOR ACADEMY PRI', 1, 2),
(302, 'JITEGEMEA PRI SCH', 1, 4),
(303, 'GATE PASS JUNIOR SCH', 1, 4),
(304, 'TWINSA SCH PRI', 1, 4),
(305, 'RESSURECTED ACADEMY PRI', 1, 2),
(306, 'STAR OF HOPE ACADEMY - PRI', 1, 2),
(307, 'PCEA MATHARE NORTH JEDIDIA ACADEMY  -PRI', 1, 2),
(308, 'PCEA KARIOBANGI NORTH ACADEMY - PRI', 1, 2),
(309, 'LITTLE BEES PRI SCH', 1, 3),
(310, 'SPRING VALLEY COMMUNITY SCH PRI', 1, 5),
(311, 'ST MICHAELS HILL SCH', 1, 4),
(312, 'JUPITER DAY CARE AND YOUTH EDUCATION CENTRE', 1, 4),
(313, 'POPE JOHN PAUL II SCH - PRI', 1, 2),
(314, 'UPENDO EDUCATION CENTRE - PRI', 1, 2),
(315, 'OKOA MAISHA EDUCATIONAL CENTRE (PRI)', 1, 3),
(316, 'YOUNG TREES ACADEMY', 1, 3),
(317, 'BRETHREN ASSEMBLY ACADEMY', 1, 2),
(318, 'SILVER GATE ACADEMY', 1, 4),
(319, 'MATHARE NORTH EDUCATIONAL CENTRE - PRI', 1, 2),
(320, 'STERLUM PRI SCH', 1, 2),
(321, 'STELUM ELITE SCH - PRI', 1, 2),
(322, 'HEARDS OF CARE AND HOPE CENTRE (PRI)', 1, 2),
(323, 'ST BARBRA CHILDRENS HOME & PRI SCH', 1, 3),
(324, 'KESTREL MANOR PRI SCH', 1, 5),
(325, 'MARY JUNIOR ACADEMY PRI SCH', 1, 4),
(326, 'BENCIA PREP SCH - PRI', 1, 2),
(327, 'BENCIA PREP SCH - PRI', 1, 2),
(328, 'ST. CHRISTOPHERS WHOLISTIC PRI SCH', 1, 2),
(329, 'ST CHRISTOPHER PRI SCH', 1, 2),
(330, 'HAPPY JUNIOR SCHOOL - PRI', 1, 2),
(331, 'BIGPEN ACADEMY PRI', 1, 2),
(332, 'ST. ANN''S JUNIOR SCH - PRI', 1, 5),
(333, 'QUEEN''S JUNIOR SCH - PRI', 1, 2),
(334, 'VICTORIOUS KING ACADEMY - PRI', 1, 2),
(335, 'IMMACULATE EDUCATION CENTRE - PRI', 1, 2),
(336, 'QUEENS JUNIOR PRI SCH', 1, 2),
(337, 'JODAMPA ACADEMY PRI', 1, 2),
(338, 'GOSHEN ED CENTER PRI', 1, 2),
(339, 'ST. SYLVIA JNR ACADEMY - PRI', 1, 2),
(340, 'BGRIGHT ANGELS JUNIOR SCH - PRI', 1, 2),
(341, 'DAMASCUS PRI SCH', 1, 2),
(342, 'LUCETA JUNIOR SCH PRI', 1, 2),
(343, 'ALL SEASONS ACADEMY', 1, 4),
(344, 'RAMULA SUCCESS ACADEMY PRI', 1, 2),
(345, 'MWITO ACADEMY - PRI', 1, 2),
(346, 'BETTERLIFE COMM CENTER PRI SCH', 1, 2),
(347, 'MOGRA STAR JUNIOR ACADEMY - PRI', 1, 2),
(348, 'CITY STAR ACADEMY - PRI', 1, 2),
(349, 'DELIGENT EDUCATION CENTRE PRI SCH.', 1, 2),
(350, 'HAPPY TIMES ACADEMY PRI', 1, 2),
(351, 'TUMAINI SCHOOL PRI', 1, 2),
(352, 'AL TAAWON ED CENTER PRI', 1, 2),
(353, 'RIVER OF LIFE INTERNATIONAL ACADEMY - PRI', 1, 2),
(354, 'BLOSSOM CHILDRENS CENTRE - PRI', 1, 2),
(355, 'DAY SHELTER AND WELFARE CENTER PRI', 1, 2),
(356, 'ST. STEPHEN CATHOLIC PRI', 1, 2),
(357, 'JOYSTAR EDUCATION CENTRE - PRI', 1, 2),
(358, 'SPARKLE REHEMA PRI SCH', 1, 2),
(359, 'MATHARE JNR CENTRE - PRI', 1, 2),
(360, 'GOSPEL REVIVAL CENTRE ACADEMY', 1, 4),
(361, 'BRAINHOUSE ACADEMY - PRI', 1, 2),
(362, 'BLESSED PREPARATORY CENTRE-PRI', 1, 4),
(363, 'THE MOUNT KENYA PREP SCH', 1, 2),
(364, 'HIGHRIDGE BAPTIST  ACADEMY  PRI', 1, 2),
(365, 'WIMA JUNIOR ACADEMY PRI SCH', 1, 4),
(366, 'SIMABENA SCHOOL', 1, 2),
(367, 'ALPHA & OMEGA PRI SCH', 1, 4),
(368, 'HOPE FOR CHILDREN PRI SCH', 1, 2),
(369, 'ARCJUNIOR ACADEMY PRI', 1, 2),
(370, 'BASEROOT ACADEMY', 1, 4),
(371, 'HAVEN PRI SCH', 1, 2),
(372, 'SDA CHURCH MATHARE NORTH - PRI', 1, 2),
(373, 'NAIROBI SLUMS SCH PRJ. (TOPMARK JNR ACADEMY)', 1, 2),
(374, 'ARISE AND SHINE PRIMARY', 1, 2),
(375, 'MGUU TUPU PRI SCH', 1, 2),
(376, 'KAO LA TUMAINI PRI SCH', 1, 2),
(377, 'GRACIOUS ACADEMY', 1, 2),
(378, 'MEFAG CHILDRENS CENTER PRI', 1, 2),
(379, 'RBC KOCHLAND ACADEMY - PRI', 1, 2),
(380, 'MENNOR KIDS CHILDREN CENTER PRI SCH', 1, 2),
(381, 'STEWARD DAY CARE CENTRE', 1, 4),
(382, 'NEW JERUSALEMACADEMY PRI', 1, 2),
(383, 'ST JOHN INFORMAL PRI SCH', 1, 2),
(384, 'GREAT HOPE NETWORK PRI SCH', 1, 2),
(385, 'FURAHA ACADEMY PRI', 1, 2),
(386, 'RIVERSIDE MADRASSA PRI', 1, 2),
(387, 'RIVERSIDE PEAK PRI SCH', 1, 2),
(388, 'JOYLAND JUNIOR ACADEMY PRI', 1, 2),
(389, 'MARANATHA FAITH ASSEMBLIES PRI SCH', 1, 2),
(390, 'JOY VILLA SCH', 1, 4),
(391, 'NEEMA ACADEMY PRI', 1, 2),
(392, 'MONDLENE PRI SCH', 1, 2),
(393, 'SILVERBRIDGE PRI SCH', 1, 4),
(394, 'TORTOLA GRACIOUS ACADEMY PRI', 1, 2),
(395, 'PURPOSEFUL JUNIOR SCHOOL', 1, 4),
(396, 'CHITEGEMEE PRI  SCH', 1, 2),
(397, 'PROMISEDLAND JITEGEMEE PRI SCH', 1, 2),
(398, 'HAPPY KIDS JUNIOR ACADEMY', 1, 2),
(399, 'NGUNYUMU CENTER PRI SCH', 1, 2),
(400, 'ST LOUIS ACADEMY PRI', 1, 2),
(401, 'FAITH INTEGRATION CENTER PRI SCH', 1, 2),
(402, 'JEMERODGE JUNIOR ACADEMY PRI SCH', 1, 4),
(403, 'DANDORA BAPTIST ACADEMY', 1, 4),
(404, 'ST GEORGINA ACADEMY', 1, 4),
(405, 'VICTORY SELF HELP JUNIOR SCH PRI', 1, 2),
(406, 'IMPERIAL JUNIOR SCH DANDORA', 1, 4),
(407, 'SINAI NON-FORMAL PRI SCH', 1, 2),
(408, 'WAMA JUNIOR SCH', 1, 4),
(409, 'DE ANN ACADEMY PRI', 1, 2),
(410, 'LUCY JUNIOR ACADEMY PRI', 1, 2),
(411, 'BENRAY JUNIOR ACADEMY', 1, 2),
(412, 'SIX TO SIX BABYCARE HOME & ACADEMY', 1, 2),
(413, 'HEKIMA PRI SCH', 1, 10),
(414, 'USHIRIKA PRI SCH', 1, 4),
(415, 'TRYSTAR ACADEMY PRI', 1, 4),
(416, 'NJOKIM JUNIOR ACADEMY', 1, 4),
(417, 'KASA EMMANUEL PRI SCH', 1, 2),
(418, 'SAVYO BELLS ACADEMY PRI', 1, 2),
(419, 'DANDORA IV PREPARATORY SCH', 1, 4),
(420, 'KABETE INTERNATIONAL SCHOOL', 1, 5),
(421, 'CITY DAY ACADEMY PRI', 1, 4),
(422, 'HAPPY JUNIOR PRI SCH', 1, 2),
(423, 'KABETE REHAB. SCH.', 1, 5),
(424, 'JEHOVA JIREH PRI SCH', 1, 2),
(425, 'BUKEWA ALLIANCE ACADEMY PRI', 1, 2),
(426, 'OMEGA DEV GROUP PRI SCH', 1, 2),
(427, 'CLASSMAX ACADEMY - PRI', 1, 2),
(428, 'MERCURY JNR ACADEMY - PRI', 1, 2),
(429, 'JOMICO LEARNING CENTRE PRI SCH', 1, 2),
(430, 'FAITH CHRISTIAN SCHOOL - PRI', 1, 2),
(431, 'ASTON JUNIOR ACADEMY PRI', 1, 2),
(432, 'ST. JUDE''S ACADEMY - PRI', 1, 2),
(433, 'EUREKA SCHOOL - PRI', 1, 2),
(434, 'GOSPEL ASSEMBLY CHRISTIAN ACADEMY', 1, 2),
(435, 'GREEN PLAIN ACADEMY PRI', 1, 2),
(436, 'LA VERNE PRIMARY SCHOOL', 1, 2),
(437, 'PRESTIGE SCH - PRI', 1, 2),
(438, 'KID MEGATON SCHOOL  - PRI', 1, 2),
(439, 'RED-WOOD DAY CARE & PREP SCH - PRI', 1, 2),
(440, 'BLESSED BRAINS EDUCATIONAL TRUST  SCH -PRI', 1, 2),
(441, 'EXETER ACADEMY COMPLEX - PRI', 1, 2),
(442, 'SANTAPRIS ACADEMY  - PRI', 1, 2),
(443, 'ST. BENEDICTS THOME SENIOR SCH', 1, 2),
(444, 'ROREEN JUNIOR SCH - PRI', 1, 2),
(445, 'RIDGE ACADEMY - PRI SCH', 1, 2),
(446, 'FIRM FOUNDATION SENIOR SCH - PRI', 1, 2),
(447, 'CHARIOTS EDUCATIONAL CENTRE - PRI', 1, 2),
(448, 'KIDSTAR ACADEMY - PRI', 1, 2),
(449, 'PCEA MWIKI EDUCATIONAL CENTRE', 1, 2),
(450, 'INTERNATIONAL SCH OF KENYA', 1, 5),
(451, 'MWIKI GOODHOPE ACADEMY - PRI', 1, 2),
(452, 'ADDAR ACADEMY - PRI SCH', 1, 2),
(453, 'KASARANI PREP SCHOOL', 1, 2),
(454, 'CHRISTIAN OUTREACH LEARNING CENTRE PRI', 1, 2),
(455, 'JAMUAN ACADEMY - PRI', 1, 2),
(456, 'HIGHGATE CHILDRENS DEVELOPMENT TRAINING ACADEMY', 1, 2),
(457, 'MT. OLIVE''S EDUCATION CENTRE - PRI', 1, 2),
(458, 'GARDEN ESTATE PRI SCH', 1, 2),
(459, 'KELLYN ACADEMY  PRI SCH', 1, 2),
(460, 'DICKMA ACADEMY - PRI', 1, 2),
(461, 'ST. PAUL''S ACADEMY - PRI SCH', 1, 2),
(462, 'ST. MONICA ACADEMY - PRI', 1, 2),
(463, 'HAPPY JUNIOR ACADEMY - PRI', 1, 2),
(464, 'ESTEEM ACADEMY - PRI SCH', 1, 2),
(465, 'ESTEEM ACADEMY-PRI', 1, 2),
(466, 'EUNIAH CENTRE - PRI', 1, 2),
(467, 'GARDEN ESTATATE ACADEMY PRI', 1, 2),
(468, 'ROSSLYN ACADEMY (PRI)', 1, 5),
(469, 'MOUNTAIN VIEW SCHOOL - PRI', 1, 2),
(470, 'RIDGEWAYS ACADEMY', 1, 2),
(471, 'JALYN JNR ACADEMY - PRI SCH', 1, 2),
(472, 'ROYAL INTERNATIONAL ACADEMY PRI', 1, 2),
(473, 'POTTER HOUSE PRI SCH', 1, 5),
(474, 'A.C.C AND S ZIMMERMAN ACADEMY', 1, 2),
(475, 'GOOD HOPE PRIMARY', 1, 2),
(476, 'KASTEMIL SCHOOL - PRI', 1, 2),
(477, 'ST. ANTONY''S JUNIOR ACADEMY - PRI', 1, 2),
(478, 'LINDSAR KINDERGATEN & SCH - PRI', 1, 2),
(479, 'ROYAL INTERNATIONAL ACADEMY - PRI', 1, 2),
(480, 'UNITY LEARNING CENTRE - PRI', 1, 2),
(481, 'SHILOH LEARNING CENTRE', 1, 2),
(482, 'JUDIMMA ACADEMIC CENTRE - PRI', 1, 2),
(483, 'JOY SCHOOL - PRI', 1, 2),
(484, 'ELITE ZIMMERMAN CENTRE PRI SCH.', 1, 2),
(485, 'ZIMMERMAN PREMIER SCH - PRI', 1, 2),
(486, 'SACRED HILL CHILDREN''S CENTRE - PRI', 1, 2),
(487, 'HOPE EDUCATIONAL CENTRE PRI SCH', 1, 2),
(488, 'SERAN GLORY ACADEMY PRI', 1, 2),
(489, 'MIDAS GOLDEN ACADEMY-PRI', 1, 2),
(490, 'SERENE ACADEMY - PRI', 1, 2),
(491, 'GLORIZONE ACADEMY', 1, 2),
(492, 'TOTOS ACADEMY - PRI', 1, 2),
(493, 'RAINBOW ACADEMY - PRI', 1, 2),
(494, 'R L MWANGI MEMORIAL SCH', 1, 2),
(495, 'PCEA GITHURAI PROGRESSIVE SCH - PRI', 1, 2),
(496, 'RED ROSES ACADEMY', 1, 2),
(497, 'ROBINS ACADEMY PRI', 1, 2),
(498, 'MARY QUEEN CATHOLIC SCH - PRI', 1, 2),
(499, 'LUCIANA PRI SCH', 1, 2),
(500, 'NEW HOPE ACADEMY - PRI', 1, 2),
(501, 'MARCES PRI SCHOOL', 1, 2),
(502, 'GITHURAI PRI SCH - SPECIAL UNIT', 1, 2),
(503, 'LEAN MOL SENIOR ACADEMY', 1, 2),
(504, 'TREETOP LEARNING CENTRE PRI', 1, 2),
(505, 'VERMONA STARS SCHOOL', 1, 2),
(506, 'ESTHER MEMORIAL JUNIOR ACADEMY PRI', 1, 2),
(507, 'NEW GLORY ACADEMY - PRI', 1, 2),
(508, 'NAKIM STAR EDUCATION CENTRE - PRI', 1, 2),
(509, 'BRIGHT HILL PRI SCH', 1, 10),
(510, 'BRIGHT HILLS SCH', 1, 10),
(511, 'WHITE ROSES ACADEMY PRI SCH', 1, 2),
(512, 'VALLEYSPRING ACADEMY PRI', 1, 2),
(513, 'TINY TOTS ACADEMY - PRI', 1, 2),
(514, 'READINGLAND SCH - PRI', 1, 2),
(515, 'GRACIOUS GLORY CENTER PRI', 1, 2),
(516, 'WILLIAMS JUNIOR PREPARATORY SCHOOL', 1, 2),
(517, 'JUJEN ACADEMY - PRI', 1, 2),
(518, 'JUJEN ACADEMY PRI', 1, 2),
(519, 'JOLLY CHILDRENS CENTER PRI', 1, 2),
(520, 'KING KIDS TECHNICAL SCHOOL - PRI', 1, 2),
(521, 'TUBBIES ACADEMY PRI', 1, 2),
(522, 'TRUE LIGHT ACADEMY PRI SCH', 1, 2),
(523, 'JESUS EMBASSY ACADEMY PRI SCH', 1, 2),
(524, 'STEP BY STEP JUNIOR SCH', 1, 2),
(525, 'BAS ACADEMY - PRI', 1, 2),
(526, 'ST RITAS PRIMARY SCHOOL', 1, 2),
(527, 'REBY PETER MEMORIAL ACADEMY', 1, 2),
(528, 'PESAKA SCHOOL PRI', 1, 2),
(529, 'KIWANJA BRIGHT STAR PRI SCH', 1, 2),
(530, 'RONGAI COMMUNITY CHILDREN CENTER-PRI', 1, 9),
(531, 'BETHEL ACADEMY PRI SCH', 1, 9),
(532, 'HOUSE OF HOPE PRI SCH', 1, 1),
(533, 'HILLCREST PRI', 1, 1),
(534, 'NAIROBI ACADEMY PRI', 1, 1),
(535, 'SHILIDA ACADEMY-PRI', 1, 1),
(536, 'THE NAIROBI JAPANESE SCH-ELEMENTARY', 1, 1),
(537, 'MASAI BOYS PRI SCH', 1, 9),
(538, 'CHAMREC CHILDRENS CENTER PRI', 1, 1),
(539, 'MERCIFUL REDEEMER HOME ACADEMY PRI', 1, 1),
(540, 'SAOMI ACADEMY PRI', 1, 1),
(541, 'PCEA LANGATA PRI SCH', 1, 1),
(542, 'SERARE SCH-PRI', 1, 9),
(543, 'REM SCH PRI', 1, 1),
(544, 'HAPPY HOUSE ACADEMY PRI', 1, 1),
(545, 'MITUMBA PRI SCH', 1, 1),
(546, 'TALENT ACADEMY PRI.', 1, 1),
(547, 'SILVER BRIDGE SCHOOL', 1, 4),
(548, 'UZIMA ACADEMY', 1, 4),
(549, 'RIARA SPRINGS PRI SCH', 1, 4),
(550, 'GOLDEN HOUR JNR SCH PRI', 1, 4),
(551, 'JOHARI JNR ACADEMY PRI', 1, 4),
(552, 'SHAMMAR SPRINGS ACADEMY PRI', 1, 4),
(553, 'HOYWICK ACADEMY PRI', 1, 1),
(554, 'ST CATHERINE COMM CENTER PRI SCH', 1, 1),
(555, 'ELO-HIM ACADEMY PRI', 1, 4),
(556, 'JAWIN JNR SCH PRI', 1, 4),
(557, 'PIPELINE MUKURU ACADEMY PRI', 1, 4),
(558, 'EUNIVERS CHILDREN PRI SCH.', 1, 1),
(559, 'ST BAKHITA PRY SCH', 1, 7),
(560, 'WHITE STAR ACADEMY- HIGHRISE PRI', 1, 1),
(561, 'CHEPOR PRI SCH', 1, 1),
(562, 'ST ANNAH''S PRIMARY', 1, 1),
(563, 'VICTORIA HOPE CHILDREN CENTRE PRI SCH', 1, 1),
(564, 'ST LAZARUS COMMUNITY SCH', 1, 1),
(565, 'CANA JUNOIR ACADEMY PRI', 1, 1),
(566, 'HIS IMPERIAL MAJESTY PRIMARY SCH', 1, 1),
(567, 'ST JUDY ACADEMY PRI SCH.', 1, 1),
(568, 'BETHEL CHILDREN CENTRE PRI SCH', 1, 1),
(569, 'KISCE PRI SCH', 1, 1),
(570, 'ZAREPHATH ACADEMY', 1, 4),
(571, 'TASSIA SCH', 1, 4),
(572, 'JAMII ACADEMY PRI', 1, 1),
(573, 'DRUG FIGHTERS PRI SCH', 1, 1),
(574, 'EASTGATE PREPARATORY SCH', 1, 4),
(575, 'MARANATHA LAINI SABA PRI SCH', 1, 1),
(576, 'SAVANNAH ACADEMY', 1, 4),
(577, 'TUNZA CHILDREN CENTRE-PRI SCH', 1, 1),
(578, 'FUNGUO PRI SCH', 1, 1),
(579, 'ST JULIUS PRIMARY SCH', 1, 1),
(580, 'FAULU ACADEMY PRI SCH', 1, 1),
(581, 'REDROSE ACADEMY', 1, 1),
(582, 'HOPE CHRISTIAN SCH', 1, 4),
(583, 'GALILAYA C. O. MISSION ACADEMY PRI SCH.', 1, 1),
(584, 'WINKA ACADEMY', 1, 1),
(585, 'ST VERONICA''S JUNIOR SCH - PRI', 1, 7),
(586, 'HOPE RESTORATION PRI SCH', 1, 1),
(587, 'MARIAKANI CHRISTIAN CENTRE - PRI', 1, 7),
(588, 'NEW DIRECTION PRI SCH', 1, 1),
(589, 'PATMOS PRI SCH', 1, 1),
(590, 'AKILI COMPLEX PRI SCH', 1, 1),
(591, 'HAPPY KIDS PRI SCH', 1, 1),
(592, 'NEW HOPE OUTREACH MINISTRIES PRI SCH.', 1, 1),
(593, 'MISSIONARIES OF CHARITY BROTHERS PRI SCH', 1, 1),
(594, 'SKYVIEW PRI. SCH', 1, 1),
(595, 'MASHIMONI FRIENDS PRI. SCH', 1, 1),
(596, 'JOBBELFER ACADEMY', 1, 4),
(597, 'DANA ACADEMY PE PRIMARY', 1, 1),
(598, 'TENDERLINGS PRI SCH', 1, 1),
(599, 'OPTIMISTIC ED CENTER PRI SCH.', 1, 1),
(600, 'JOY ACADEMY PRIMARY', 1, 1),
(601, 'UPENDO RESCUE CENTRE - PRI', 1, 7),
(602, 'ANTIOCH ACADEMY PRI SCH.', 1, 1),
(603, 'LITTLE PRINCE PRI SCH.', 1, 1),
(604, 'SWEET VALLEY PRI SCH', 1, 1),
(605, 'RIZIKI DAY CARE- PRI', 1, 1),
(606, 'ST CATHRINE PRIMARY SCHOOL', 1, 7),
(607, 'HOLY TRINITY CHURCH PRI. SCH', 1, 1),
(608, 'L, AZIZI KINDERGATEN PRI', 1, 6),
(609, 'EMBAKASI PREBYSTERIAN ACADEMY', 1, 4),
(610, 'KAMULU ACADEMY PRI SCH', 1, 147),
(611, 'HOPE STREAMS ACADEMY PRI', 1, 6),
(612, 'ROSE OF SHARON PRI SCH', 1, 6),
(613, 'MODERN CARE SCH PRI', 1, 4),
(614, 'NEEMA SCH PRI', 1, 4),
(615, 'SEWDISH SCHOOL', 1, 5),
(616, 'MARA ROAD ACADEMY PRI', 1, 6),
(617, 'HORIZON ACADEMY PRI', 1, 5),
(618, 'EARLY BIRD EDUCATION CENTRE PRI', 1, 7),
(619, 'JONLESTA  SCH - PRI', 1, 5),
(620, 'SHEKINAH GLORY EDUCATION CENTRE - PRI', 1, 7),
(621, 'ST. CHRISTOPHER''S PREP. SCH  - PRI', 1, 5),
(622, 'SOLID ROCK SCH PRI', 1, 6),
(623, 'JOKEN PRI SCH', 1, 7),
(624, 'RIRUTA CENTRAL PRI SCH', 1, 6),
(625, 'RIRUTA JUBILEE ACADEMY(PRY)', 1, 6),
(626, 'KINGS HIGH SCH AND CENTER-PRI', 1, 6),
(627, 'ST JOSEPH ECUMENICAL SCH PRI', 1, 5),
(628, 'VINEYARD SCH - PRI', 1, 5),
(629, 'SATELITE STAREHE PRIMARY SCH', 1, 6),
(630, 'NPC BURUBURU PRIMARY  SCHOOL', 1, 7),
(631, 'SUNRISE CHILDRENS GARDEN PRI', 1, 4),
(632, 'BLESSINGS ACADEMY', 1, 7),
(633, 'CORNER STONE ACADEMY', 1, 6),
(634, 'RIRUTA SATELITE ACADEMY', 1, 6),
(635, 'NILE ROAD SPECIAL SCH - PRI', 1, 7),
(636, 'ST CLEMENT OF ALEXANDRIA PRI SCH', 1, 6),
(637, 'DOSABI BLESSED CENTRE PRI SCH.', 1, 6),
(638, 'KILIMANI INTERGRATED PRI SCH', 1, 5),
(639, 'WORLD HARVEST MISSION CHURCH PRI SCH', 1, 4),
(640, 'FRENCH SCH PRI', 1, 5),
(641, 'KCCL PRI SCH', 1, 5),
(642, 'WOODPECKER SCHOOL (PRI)', 1, 8),
(643, 'ABUNDANT JUNIOR CARE CENTRE PRI SCH.', 1, 6),
(644, 'RIRUTA DELIVERANCE CHURCH  ACADEMY', 1, 6),
(645, 'BIGNET PRY SCH', 1, 6),
(646, 'YMCA JUNIOR SCH (PRI)', 1, 8),
(647, 'PRECIOUS JUNIOR ACADEMY', 1, 6),
(648, 'KEY ACADEMY (PRI)', 1, 6),
(649, 'MAXWELL ADVENTIST PREP. SCH - PRI', 1, 5),
(650, 'NEW HOPE ACADEMY (PRI)', 1, 6),
(651, 'EMMANUEL CHURCH ACADEMY - PRI', 1, 6),
(652, 'E.C.U.C PRIMARY SCH', 1, 6),
(653, 'JERICHO BAPTIST CHURCH -PRI', 1, 7),
(654, 'LAURA ACADEMY PRI', 1, 4),
(655, 'MAKINI JUNIOR ACADEMY PRI', 1, 5),
(656, 'WAITHAKA SPECIAL SCH', 1, 6),
(657, 'KAHUHO ROAD PRI SCH', 1, 6),
(658, 'GLORIOUS PRI SCH', 1, 8),
(659, 'ST MARY ACADEMY JACARANDA PRI', 1, 4),
(660, 'ST. FRANSIS OF ASIS ACADEMY - PRI', 1, 6),
(661, 'VICTORY ALPHA ACADEMY (PRI)', 1, 6),
(662, 'GOOD SHEPHERED PRI SCH', 1, 6),
(663, 'ELSHADDAI JUNIOR ACADEMY', 1, 4),
(664, 'GALILEE PRI SCH (PRI)', 1, 4),
(665, 'PLESIAN PRI', 2, 12),
(666, 'KADOKOI PRI', 2, 12),
(667, 'MURTERIT PRI', 2, 12),
(668, 'GREENBELLS JUNIOR ACADEMY SANDAI', 2, 12),
(669, 'BAKWANIN PRI SCH', 2, 12),
(670, 'KEWAMOI PRI', 2, 12),
(671, 'BORUYO PRIMARY', 2, 12),
(672, 'KIMOTONY PRI', 2, 12),
(673, 'KAPLOTEN PRI SCH', 2, 12),
(674, 'BUIWON PRI SCH', 2, 12),
(675, 'CHEMORGONG PRI SCH', 2, 13),
(676, 'AGAPE ACADEMY CHEPKOTOYAN', 2, 12),
(677, 'GREEN BELLS ACADEMY LOBOI PRI', 2, 12),
(678, 'KOKORWONIN PRI', 2, 12),
(679, 'KAMWETON PRIMARY', 2, 12),
(680, 'SAIMET PRI', 2, 12),
(681, 'RIMO PRIMARY', 2, 12),
(682, 'CHEPKEW PRI', 2, 12),
(683, 'KIMOIGUT PRI SCH', 2, 12),
(684, 'KAMWETIO PRIMARY', 2, 12),
(685, 'KAPLELWO PRI SCH', 2, 13),
(686, 'CHEBINYINY PRI', 2, 12),
(687, 'AGAPE ACADEMY SANDAI', 2, 12),
(688, 'LELEN PRI SCH', 2, 13),
(689, 'KONOIYO PRI', 2, 12),
(690, 'EMSOS PRI', 2, 13),
(691, 'CHEMINTANY PRI SCH', 2, 12),
(692, 'KOKWOTOTO PRI', 2, 12),
(693, 'TILINGWO PRI SCH', 2, 12),
(694, 'ARAM PRI SCH', 2, 13),
(695, 'SORTI PRI SCH', 2, 13),
(696, 'KATUNOI PRI', 2, 12),
(697, 'KOSITEI PRI SCH', 2, 12),
(698, 'GRACE JUNIOR ACADEMY', 2, 12),
(699, 'PERKERRA PRI SCH', 2, 14),
(700, 'KAPTERIT PRI SCH', 2, 13),
(701, 'SOY ACADEMY PRI SCH', 2, 13),
(702, 'KATIKIT PRI SCH', 2, 12),
(703, 'KABERGEI PRI', 2, 13),
(704, 'NGINYANG A PRI SCH', 2, 12),
(705, 'OASIS HILLSIDE ACADEMY', 2, 13),
(706, 'KAPKONY PRI', 2, 12),
(707, 'KAPTENO PRI', 2, 12),
(708, 'KAPCHEREBET PRI', 2, 12),
(709, 'KAPSOGO PRI', 2, 12),
(710, 'YEMO PRI', 2, 12),
(711, 'RIONGO PRI SCH', 2, 12),
(712, 'MARAMAR PRI SCH', 2, 12),
(713, 'LONGEWAN PRI', 2, 12),
(714, 'KIPCHOBET PRI SCH', 2, 13),
(715, 'KAMGOIN PRI', 2, 12),
(716, 'CHESAKAM PRI SCH', 2, 12),
(717, 'KEON PRI', 2, 12),
(718, 'GREENBELL ACADEMY', 2, 12),
(719, 'KIMOROK PRI SCH', 2, 12),
(720, 'KAPLAIMOI PRI SCH', 2, 13),
(721, 'NAKOKO PRI SCH', 2, 12),
(722, 'KAGIR PRI SCH', 2, 12),
(723, 'AGAPE JUNIOR ACADEMY', 2, 12),
(724, 'SIRONOI PRI', 2, 12),
(725, 'SERETON PRI SCH', 2, 12),
(726, 'TURKWO PRI', 2, 12),
(727, 'MATEBEI PRI SCH', 2, 13),
(728, 'KIRIBOT PRI', 2, 13),
(729, 'ST LIKES KOSITEI PRI', 2, 12),
(730, 'KAMUNGEI PRI SCH', 2, 12),
(731, 'KAMPI TURKANA PRI SCH', 2, 12),
(732, 'CHELONGON PRI SCH', 2, 12),
(733, 'KOKWENMOI PRI', 2, 13),
(734, 'SOMONIK ACADEMY PRI SCH', 2, 13),
(735, 'CHEMUTUNG PRI SCH', 2, 13),
(736, 'SEREMWAI ACADEMY', 2, 12),
(737, 'BARKETIEW PRI', 2, 12),
(738, 'TIAN PRI SCH', 2, 13),
(739, 'SDA KABARNET ACADEMY', 2, 12),
(740, 'MOCHONGOI UNIT FOR THE DEAF', 2, 12),
(741, 'ILLIAGAT PRI SCH', 2, 12),
(742, 'WARWA ACADEMY', 2, 12),
(743, 'KIMOSO PRI', 2, 12),
(744, 'KABARNET SCHOOL FOR THE DEAF AND BLIND', 2, 12),
(745, 'GIDEM ACADEMY PRI SCH', 2, 13),
(746, 'TILELON PRI', 2, 12),
(747, 'MOLOK PRI SCH', 2, 13),
(748, 'NGELECHA PRI', 2, 12),
(749, 'KIMAGOK PRI', 2, 12),
(750, 'KAISO PRI SCH', 2, 12),
(751, 'HERO ACADEMY PRI SCH', 2, 13),
(752, 'NGOLBELON PRI', 2, 12),
(753, 'CHAPIN PRIMARY', 2, 12),
(754, 'KAKWANE PRI', 2, 12),
(755, 'KAPLOGOS PRI SCH', 2, 13),
(756, 'LELBATAI PRI SCH', 2, 12),
(757, 'KAPCHEMON PRI', 2, 12),
(758, 'SOKOTEL PRI', 2, 12),
(759, 'SOKEE PRI', 2, 12),
(760, 'KAPNGEMUI PRI SCH', 2, 13),
(761, 'CHOMIEK PRI', 2, 13),
(762, 'KAPYEMIT PRI', 2, 12),
(763, 'KOMBOSANG PRI SCH', 2, 12),
(764, 'TULWOBSOO PRI', 2, 12),
(765, 'MANAACH PRI', 2, 12),
(766, 'CHEBIREBEI PRI', 2, 13),
(767, 'KAPKOIBAI PRI', 2, 12),
(768, 'KAMRIO PRI SCH', 2, 12),
(769, 'KAPKUNDUL PRI', 2, 13),
(770, 'GREENBELLS JUNIOR ACADEMY PRI', 2, 13),
(771, 'KAPKARARAM PRI SCH', 2, 13),
(772, 'SEREMWO PRI', 2, 12),
(773, 'BRAIN HARVESTERS PR', 2, 13),
(774, 'BETLA ACADEMY PRI', 2, 13),
(775, 'ROROBAI PRI', 2, 12),
(776, 'AGAPE EDUCATIONAL CENTRE', 2, 12),
(777, 'CHEMURA PRI', 2, 12),
(778, 'BARTUM PRIMARY', 2, 12),
(779, 'CHEPKOK VISIONS PRI', 2, 13),
(780, 'NGARIE PRI', 2, 13),
(781, 'KAMOTIONY PRI', 2, 12),
(782, 'GREENVIEW ACADEMY PRI', 2, 13),
(783, 'LISI ACADEMY PRI', 2, 13),
(784, 'MOCHONGOI PRI', 2, 13),
(785, 'GREENVIEW PRI SCH', 2, 13),
(786, 'KAPSOIT PRI SCH', 2, 13),
(787, 'ESAGERI UNIT FOR THE DEAF', 2, 13),
(788, 'AIC KAPKARANI PRI', 2, 12),
(789, 'LOMANIRA PRI', 2, 13),
(790, 'KIPKABER PRI SCH', 2, 13),
(791, 'JICA GREEN BELLS ACADEMY', 2, 12),
(792, 'KAPKOLE PRI', 2, 12),
(793, 'NGEYWAN PRI', 2, 12),
(794, 'BIRINGWENY PRI', 2, 12),
(795, 'KAPSOMIN PRI', 2, 12),
(796, 'CHEBUGAR PRI', 2, 12),
(797, 'ROSONDONIN PRI', 2, 12),
(798, 'NANGARUA PRI', 2, 12),
(799, 'KAPTILOMWO PRI', 2, 12),
(800, 'NESWIN DAYSTAR PRI', 2, 13),
(801, 'KOSILE PRI', 2, 12),
(802, 'SESOI PRI SCH', 2, 12),
(803, 'KOKORWONIN PRI', 2, 13),
(804, 'AIC ACADEMY KABARTONJO', 2, 12),
(805, 'MAJI MAZURI SPECIAL UNIT', 2, 13),
(806, 'REBEKO PRI', 2, 12),
(807, 'MOGOTIO LITTLE FRIENDS ACADEMY', 2, 13),
(808, 'ST MARY''S PAROCHIAL PRI', 2, 13),
(809, 'SIBOO PRI SCH', 2, 12),
(810, 'KAMOGOI PRI SCH', 2, 12),
(811, 'MONDOI PRI', 2, 12),
(812, 'NUREGOI PRI', 2, 12),
(813, 'SENEBO PRI SCH', 2, 12),
(814, 'SAIMO VIEW ACADEMY', 2, 12),
(815, 'CHAMBAI PRI', 2, 12),
(816, 'KATUIT PRI', 2, 12),
(817, 'TEBELEKWO PRI', 2, 12),
(818, 'KOIBOWARE PRI SCH', 2, 12),
(819, 'KAPTOROT PRI SCH', 2, 12),
(820, 'VISION ACADEMY/LOBIN', 2, 12),
(821, 'LAWAN PRI', 2, 12),
(822, 'KIBANJALAL PRIMARY', 3, 15),
(823, 'EXODUS JUNIOR ACADEMY PRI SCH', 3, 15),
(824, 'GOOWILL ACADEMY PRI SCH', 3, 15),
(825, 'CHEBUGON ''B'' PRI SCH', 3, 15),
(826, 'KIMUGUL CHRISTIAN ACADEMY', 3, 15),
(827, 'MOITA PRI SCH', 3, 15),
(828, 'SIOMO CHURCH OF CHRIST ACADEMY', 3, 15),
(829, 'SAPARET PRI SCH', 3, 15),
(830, 'SIGITO BOARDING ACADEMY PRI SCH', 3, 15),
(831, 'KAPKISIARA RESOURCE CENTRE ACADEMY PRI SCH', 3, 15),
(832, 'AFRI-TECH ACADEMY PRI SCH', 3, 15),
(833, 'KAKIMIRAI CENTRAL PRI SCH', 3, 15),
(834, 'CHEMATICH PRI SCH', 3, 15),
(835, 'FOUNTAIN GATE ACADEMY PRI SCH', 3, 15),
(836, 'NYAGAA PRI SCH', 3, 15),
(837, 'KAPTILOTWO PRY', 3, 15),
(838, 'CHEBOET PRI SCH', 3, 15),
(839, 'MATEJA PRI SCH', 3, 15),
(840, 'TIRGAGA PRY', 3, 15),
(841, 'BORDERLINE  ACADEMY PRI', 3, 15),
(842, 'ST. THERESA''S ACADEMY PRI SCH', 3, 15),
(843, 'KIMULOT MARANATHA ACADEMY PRI', 3, 15),
(844, 'CHEPTEBE PRIMARY SCHOOL', 3, 15),
(845, 'CHEPSEGEM PRI SCH', 3, 15),
(846, 'EBENEZER MISSION PRIMARY', 3, 15),
(847, 'KAPTORORGO F.G.C ACADEMY PRI', 3, 15),
(848, 'KISABITA PRI SCH', 3, 15),
(849, 'EMMANUEL ACADEMY PRI SCH', 3, 15),
(850, 'ILYO ACADEMY PRY SCH', 3, 15),
(851, 'NURU JUNIOR ACADEMY PRI SCH', 3, 15),
(852, 'LELECHWET PRI SCH', 3, 15),
(853, 'BORUT PRI SCH', 3, 15),
(854, 'KAPSIO PRI SCH', 3, 15),
(855, 'EMMANUEL MISSION PRI SCH', 3, 15),
(856, 'KIPSEGON PRI SCH', 3, 15),
(857, 'TAKITECH PRI SCH', 3, 15),
(858, 'DAMSIDE ACA. PRI SCH', 3, 15),
(859, 'CHEMANER VISIONARY ACADEMY PRI SCH', 3, 15),
(860, 'ST. ANTONY MONTESSORI PRI SCH', 3, 15),
(861, 'SUNSHINE ACADEMY PRI SCH', 3, 15),
(862, 'ST. PETER,S ACA. PRI SCH', 3, 15),
(863, 'CHEBWONGO MISSION PRIMARY', 3, 15),
(864, 'EDEN ACA. PRI SCH', 3, 15),
(865, 'KIPTERGEKYAN PRI SCH', 3, 15),
(866, 'BONYORIOT PRI SCH', 3, 15),
(867, 'AFLOSA JUNIOR ACDEMY PRI SCH', 3, 15),
(868, 'VISION OPENER ACA. PRI SCH', 3, 15),
(869, 'KONGOTIK PRI SCH', 3, 15),
(870, 'CHEPKUSUI PRI SCH', 3, 15),
(871, 'KIRICHA JUNIOR ACA. PRI SCH', 3, 15),
(872, 'SARAMEK PRI SCH', 3, 15),
(873, 'CHEBIRIR PRI SCH', 3, 15),
(874, 'KAMINJEIWET CHRISTIAN PRI SCH', 3, 15),
(875, 'KIMUGUL GOODSHEPHERD ACADEMY', 3, 15),
(876, 'KELONGET VALLEY PRI SCH', 3, 15),
(877, 'HOPE ACADEMY PRI SCH', 3, 23),
(878, 'KAPTEBENGWET TOWNSHIP ACADEMY PRI', 3, 15),
(879, 'TUIYOBEI PRIMARY SCHOOL', 3, 15),
(880, 'KAPTOROKWO PRI SCH', 3, 15),
(881, 'RIVERSIDE JUNIOR ACADEMY PRI', 3, 15),
(882, 'KAPMAKITUI PRI SCH', 3, 15),
(883, 'MASESE ACADEMY PRI SCH', 3, 15),
(884, 'OLMOTONYI PRI SCH', 3, 15),
(885, 'KAPKURES SACHANGWAN ACA. PRI SCH', 3, 15),
(886, 'KAMABWAI PRI SCH', 3, 15),
(887, 'CHEBUI PRI SCH', 3, 15),
(888, 'KAPTILOLWO PRIMARY', 3, 15),
(889, 'SOTIK PRIMARY SCHOOL', 3, 15),
(890, 'LIANAT ACADEMY PRI', 3, 15),
(891, 'GUIDELINE ACADEMY PRI', 3, 15),
(892, 'KENEGUT PRI SCH', 3, 15),
(893, 'KAPTETGOT PRI SCH', 3, 15),
(894, 'NOAH''S ARK ACADEMY PRI SCH', 3, 15),
(895, 'ST. PAUL ABAIKOROS PRI', 3, 15),
(896, 'KAPLETUNDO CENTRAL ACADEMY PRI', 3, 15),
(897, 'ROYAL KING ACADEMY PRI SCH', 3, 15),
(898, 'KIBIBO PRI SCH', 3, 15),
(899, 'RERIKO ACADEMY PRI SCH', 3, 15),
(900, 'ST. CATHERINE TEGAT AC. PRI SCH', 3, 15),
(901, 'KAPSAIYALEL PRI SCH', 3, 15),
(902, 'MAGENJI PRI SCH', 3, 15),
(903, 'EMMANUEL ACADEMY PRI SCH', 3, 17),
(904, 'ST. PETER ACADEMY PRI', 3, 15),
(905, 'KIPIRAT PRI SCH', 3, 15),
(906, 'KENYAGORO CATHOLIC PRIMARY', 3, 15),
(907, 'TUMAINI ACA.PRI', 3, 15),
(908, 'KIPLOKYI COMPLEX ACADEMY PRI SCH', 3, 15),
(909, 'HESHIMA JUNIOR ACADEMY PRI', 3, 15),
(910, 'MUTARAKWA HIGHWAY ACADEMY PRI SCH', 3, 15),
(911, 'KIPTEWIT PRI SCH', 3, 15),
(912, 'KAMENES PRI SCH', 3, 15),
(913, 'CHEPTUIYET PRI SCH', 3, 15),
(914, 'A.I.C SIMOTI ACADEMY PRI', 3, 15),
(915, 'BEEK AB ARWET PRIMARY', 3, 15),
(916, 'HAPPY DAYS PRI', 3, 15),
(917, 'ST JOHN BOSCO SIRONET ACADEMY PRI', 3, 15),
(918, 'JOHNCHES ACADEMY PRI SCH', 3, 15),
(919, 'ST.PETERS PRIMARY', 3, 15),
(920, 'WINNER''S ACADEMY PRI SCH', 3, 15),
(921, 'CHORONOK GREENFIELDS ACADEMY PRI SCH', 3, 15),
(922, 'SIGORIAN ACA.PRI SCH', 3, 15),
(923, 'TAMASON ACADEMY PRY SCH', 3, 15),
(924, 'NYOTA  ACADEMY PRIMARY', 3, 15),
(925, 'SINAI ACADEMY PRI', 3, 15),
(926, 'AIC BUSES ACADEMY PRI', 3, 15),
(927, 'SUNRISE ACADEMY PRI SCH', 3, 18),
(928, 'BETHLEHEM MISSION ACA. PRI SCH', 3, 15),
(929, 'WINSA ACADEMY PRI', 3, 15),
(930, 'WILKO ACA. PRI SCH', 3, 15),
(931, 'KAPSENGERE PRIMARY SCHOOL', 3, 15),
(932, 'SALAIK ACADEMY PRI SCH', 3, 15),
(933, 'J. BOSEK ACADEMY', 3, 15),
(934, 'CHEBIRIR PRI SCH', 3, 20),
(935, 'JOYLAND KAMUNGEI ACADEMY PRI', 3, 15),
(936, 'KORONGORO PRI SCH', 3, 15),
(937, 'KAPKILAIBEI EBENEZER ACADEMY PRI', 3, 15),
(938, 'CHEPKOIN ACADEMY PRI', 3, 15),
(939, 'CHORWET ACADEMY PRI', 3, 15),
(940, 'AIC EMMANUEL PRIMARY', 3, 15),
(941, 'LELBARAK PRI SCH', 3, 15),
(942, 'TEMBWO SPRING PRIMARY', 3, 15),
(943, 'SUGUTEK PRIMARY', 3, 15),
(944, 'NGARIET PRIMARY', 3, 15),
(945, 'MENET ACADEMY PRI SCH', 3, 15),
(946, 'KAMOYO PRI SCH', 3, 15),
(947, 'GOOD SHEPHERD ACA. PRI SCH', 3, 15),
(948, 'KALYET PRI SCH', 3, 15),
(949, 'KEBUMBUR CHRISTIAN ACADEMY PRI', 3, 15),
(950, 'CHEPKORGONG'' PRI SCH', 3, 15),
(951, 'KIBOCHI PRI SCH', 3, 15),
(952, 'SOT ACADEMY PRI SCH', 3, 15),
(953, 'CHELIEK CHRISTIAN ACADEMY PRI', 3, 15),
(954, 'KAMBIRA PRIMARY', 3, 15),
(955, 'TAPAITA PRIMARY SCHOOL', 3, 15),
(956, 'KIPNGOSOS MENTALLY HANDICAPPED UNIT', 3, 15),
(957, 'KAPTAMUITA A PRI SCH', 3, 15),
(958, 'ELKENELI ISRAEL ACADEMY', 3, 15),
(959, 'STAR OF PEACE ACADEMY PRI', 3, 15),
(960, 'KING OFKINGS PRI SCH', 3, 15),
(961, 'TOGONDA PRI SCH', 3, 15),
(962, 'KAPKELACH B PRI SCH', 3, 15),
(963, 'PRODUCE THE BEST ACADEMY PRI', 3, 15),
(964, 'ROYAL KIDS ACA PRI SCH', 3, 15),
(965, 'AIC KIYAP ACADEMY PRI', 3, 15),
(966, 'KAPKEMOI ACADEMY PRI', 3, 15),
(967, 'EMMANUEL SPECIAL UNIT', 3, 15),
(968, 'KIPROBONYIT PRIMARY', 3, 15),
(969, 'KOJABEL ACADEMY PRI', 3, 15),
(970, 'LONGISA ACADEMY PRY SCH', 3, 15),
(971, 'BROOK OF ESH''COL ACA PRI SCH', 3, 15),
(972, 'MAJOR CHEPKWONY VISION ACA. PRI SCH', 3, 15),
(973, 'SOTIN ACA. PRI SCH', 3, 15),
(974, 'KIPKIPYOSIT ACA. PRI SCH', 3, 15),
(975, 'SERWET PRI SCH', 3, 15),
(976, 'NYABONGO PRI SCH', 3, 15),
(977, 'CHEPKEIGEI PRI SCH', 3, 15),
(978, 'DAVSTAR ACADEMY PRI SCH', 3, 15),
(979, 'TEMBWO JUNIOR ACADEMY PRI', 3, 15),
(980, 'RUSEYA ELITES ACADEMY PRI', 3, 15),
(981, 'SMARTLINK ACADEMY PRI', 3, 15),
(982, 'CHEMOBEI PRIMARY', 3, 15),
(983, 'ST. PETER''S MONTESSORI JUNIOR ACA. PRI SCH', 3, 15),
(984, 'INFORLAN ACA. PRI SCH', 3, 15),
(985, 'MONDOIYWET PRI SCH', 3, 15),
(986, 'BOITO AIC ACADEMY PRI', 3, 15),
(987, 'SUNRISE ACADEMY PRI SCH', 3, 15),
(988, 'KIPSIMBOL PRIMARY', 3, 15),
(989, 'REVIVAL ACADEMY PRI SCH', 3, 15),
(990, 'KAMUNGEI CHRISTIAN PRI SCH', 3, 15),
(991, 'SACHANGWAN ACA. PRI SCH', 3, 15),
(992, 'CHINGONDI PRI SCH', 3, 15),
(993, 'CHEIBEI PRIMARY SCHOOL', 3, 15),
(994, 'KURYOT PRI SCH', 3, 21),
(995, 'ALIMA TAUSI PRI SCH', 3, 15),
(996, 'KAPLEWA PRI SCH', 3, 15),
(997, 'TAABOK PRI SCH', 3, 15),
(998, 'SIRISIA MAL SPECIAL UNIT', 4, 24),
(999, 'KAPSOGOM PRIMARY', 4, 25),
(1000, 'MLIMANI SDA', 4, 25),
(1001, 'EBENEZA ACADEMY PRIMARY', 4, 24),
(1002, 'KORUNGOTUNY PRIMARY', 4, 25),
(1003, 'BETHEL DAIMA ACADEMY', 4, 24),
(1004, 'KAPCHEBUK M.S.O.S', 4, 25),
(1005, 'BURKENWO PRIMARY', 4, 25),
(1006, 'NDALU SPECIAL UNIT', 4, 24),
(1007, 'CHEBWEK SDA', 4, 25),
(1008, 'CHEBWEK S.A PRIMARY', 4, 25),
(1009, 'SPRINGFIELD ACADEMY', 4, 25),
(1010, 'KIBUMET K.C.C', 4, 25),
(1011, 'KAIMUGUL R.C', 4, 25),
(1012, 'CHEPKURKUR SA PRIMARY', 4, 25),
(1013, 'KAPKISEI A.I.C PRIMARY', 4, 25),
(1014, 'GLORY NDALU ACADEMY PRI', 4, 24),
(1015, 'KASTAAY ACADEMY', 4, 25),
(1016, 'KABOROM ACK', 4, 25),
(1017, 'LORDS AND QUEENS ACADEMY', 4, 25),
(1018, 'KUBURA S.A', 4, 25),
(1019, 'SOSAP-LEL PRIMARY', 4, 25),
(1020, 'CHEPKWISIMO EDUCATIONAL CENTRE PRI', 4, 25),
(1021, 'CHEPYUK R.C', 4, 25),
(1022, 'CHEPKOWO PCEA', 4, 25),
(1023, 'KIPSIKROK ACK', 4, 25),
(1024, 'TRANS ELGON PREPARATORY PRI SCH', 4, 25),
(1025, 'SIRGOI ACK PRIMARY', 4, 25),
(1026, 'KIMURIO PRIMARY', 4, 25),
(1027, 'BANAAN-TEGA PRIMARY-MILITARY CAMP', 4, 25),
(1028, 'EASTERN GATE ACADEMY', 4, 25),
(1029, 'MT. ELGON EAST ACADEMY', 4, 25),
(1030, 'KONGIT SPECIAL UNIT', 4, 25),
(1031, 'MONTESSORY PRINCE ACADEMY', 4, 25),
(1032, 'KITALE ADVENTIST  PRI SCH', 4, 14),
(1033, 'ADVENT JUNIOR PRI ACADEMY', 4, 24),
(1034, 'NDIVISI FYM SPECIAL UNIT SCH', 4, 24),
(1035, 'USHIRIKA SA ACADEMY', 4, 24),
(1036, 'KISAWAYI PRI', 4, 24),
(1037, 'MOUNT OLIVES ACA PRI SCH', 4, 24),
(1038, 'KENAUSTRIA ACADEMY PWANI', 4, 24),
(1039, 'PERFECT SEED ACADEMY', 4, 24),
(1040, 'AMARANTA ACADEMY', 4, 24),
(1041, 'BANDA MEMORIAL ACA PRI SCH', 4, 24),
(1042, 'SANGO S A ACADEMY PRI', 4, 24),
(1043, 'MISIKHU RC SPECIAL UNIT', 4, 24),
(1044, 'SILUNGAI FYM SPECIAL UNIT SCH', 4, 24),
(1045, 'WANDABWA SPECIAL UNIT SCH', 4, 24),
(1046, 'HUDUMA LITTLE ONES PRI SCH', 4, 24),
(1047, 'SUNRISE CHILDREN EDU CENTRE - PRI', 4, 24),
(1048, 'NAMBAMI FYM SPECIAL UNIT', 4, 24),
(1049, 'MALOMUNYE SPECIAL UNIT SCH', 4, 24),
(1050, 'ST AUGUSTINE ACADEMY', 4, 24),
(1051, 'LILLY WHITE EDUCATIONAL CENTRE', 4, 24),
(1052, 'MAGEMO FYM SPECIAL UNIT', 4, 24),
(1053, 'NANDASABA PRI SCH', 4, 24),
(1054, 'OKIMARU PRI SCH', 4, 25),
(1055, 'NAMARAMBI FYM SPECIAL UNIT SCH', 4, 24),
(1056, 'KAMUNYONGOLE A.C PRIMARY', 4, 24),
(1057, 'KING DAVID CHRISTIAN ACA PRI SCH', 4, 24),
(1058, 'ROCK ACADEMY PRIMARY', 4, 24),
(1059, 'ST MARY''S FAITH ACA PRI SCH', 4, 24),
(1060, 'ST. MARY''S HOPE PROGRESSIVE PRIMARY', 4, 24),
(1061, 'FANA B SCH', 4, 24),
(1062, 'NILE HILLS CHRISTIAN ACA PRI SCH', 4, 24),
(1063, 'MUKHWEYA MARKET NUR SCH', 4, 24),
(1064, 'MARTI WARD ACADEMY', 4, 24),
(1065, 'NDURUSIA PEFA PRI SCH', 4, 24),
(1066, 'KWENA SDA SPECIAL UNIT SCH', 4, 24),
(1067, 'LUNYU DEB SPECIAL UNIT', 4, 24),
(1068, 'HOPESTEP ACADEMIC CENTRE PRIMARY', 4, 24),
(1069, 'MANARWA SPECIAL UNIT SCH', 4, 24),
(1070, 'CHWELE ACA PRI SCH', 4, 24),
(1071, 'BAKISA SA SPECIAL UNIT SCH', 4, 24),
(1072, 'RISING ANGELS ACADEMY', 4, 24),
(1073, 'OASIS ACADEMY PRIMARY', 4, 24),
(1074, 'ELITE PREPARATORY PRI', 4, 24),
(1075, 'BOOKFIELD ACADEMY', 4, 24),
(1076, 'NATOMBO CBM PRI SCH', 4, 24),
(1077, 'ST CECILIA PRI SCH', 4, 24),
(1078, 'TOBA VUNJA PRI SCH', 4, 24),
(1079, 'MASOKHO SPECIAL UNIT SCH', 4, 24),
(1080, 'MAARIFA PRI SCH', 4, 24),
(1081, 'MASOKHO PRI SCH', 4, 24),
(1082, 'IMANI INTERGRATED PRIMARY SCH', 4, 24),
(1083, 'IMANI B INTERGRATED CENTRE', 4, 24),
(1084, 'KABUCHAI SA SPECIAL UNIT SCH', 4, 24),
(1085, 'NEW STAR ACADEMY', 4, 24),
(1086, 'SIRARE SPECIAL UNIT SCH', 4, 24),
(1087, 'EBENEZER EDUCATION CENTRE', 4, 24),
(1088, 'KHALABA RC PRI SCH', 4, 24),
(1089, 'ST MATHEW''S PRI', 4, 24),
(1090, 'ST GABRIEL''S UPPERSPRING ACA PRI', 4, 24),
(1091, 'LUUYA SPECIAL UNIT', 4, 24),
(1092, 'ROI EDUCATION CENTRE', 4, 24),
(1093, 'SUNSET ACA PRI SCH', 4, 24),
(1094, 'NGALASIA ACK PRI SCH', 4, 24),
(1095, 'SIKULU SPECIAL UNIT', 4, 24),
(1096, 'VALLEYVIEW ACADEMY', 4, 24),
(1097, 'AGAPE PRI SCH', 4, 24),
(1098, 'KAMURUMBA JOY ACADEMY PRIMARY', 4, 24),
(1099, 'MILAN S  ACA PRI SCH', 4, 24),
(1100, 'KINGS VIEW ACADEMY', 4, 24),
(1101, 'IMANI INTEGTRATED EDUCATION CENTRE', 4, 24),
(1102, 'NAITIRI RC SPECIAL UNIT', 4, 24),
(1103, 'MATISI SA SPECIAL UNIT', 4, 24),
(1104, 'SIRISIA TOWNSHIP PRIMARY', 4, 24),
(1105, 'MOTHERLAND SCHOOL', 4, 24),
(1106, 'BUNGOMA ELITE SCH', 4, 24),
(1107, 'BRIGHT FOUNTAIN ACADEMY', 4, 24),
(1108, 'GOODWILL ACADEMY', 4, 24),
(1109, 'KISIOMBE PRI SCH', 4, 25),
(1110, 'NAITIRI DAYSTAR ACADEMY', 4, 24),
(1111, 'TUMAINI ACADEMY', 4, 24),
(1112, 'WEBUYE SA SPECIAL UNIT', 4, 24),
(1113, 'KIMAETI ACADEMY PRIMARY', 4, 24),
(1114, 'MAKUTANO SA SPECIAL UNIT', 4, 24),
(1115, 'WANGAMATI BETHESDA PRI', 4, 24),
(1116, 'BARAKA ACK PRI SCH', 4, 24),
(1117, 'ST.THOMAS ACADEMY PRIMARY', 4, 24),
(1118, 'ENCOURAGEMENT CHRSTIAN CENTRE PRI', 4, 24),
(1119, 'NAKALILA ORPHANAGE PRIMARY', 4, 24),
(1120, 'ST STEPHENS ACK ACADEMY', 4, 24),
(1121, 'SIKATA RC SPECIAL SCH', 4, 24),
(1122, 'NAMUBILA S.A PRIMARY', 4, 24),
(1123, 'MUKUYUNI FYM SPECIAL UNIT', 4, 24),
(1124, 'KITINGIA PRIMARY', 4, 24),
(1125, 'ELIMU JUNIOR ACADEMY', 4, 24),
(1126, 'CANA SCHOOLS', 4, 24),
(1127, 'BARAKA ACADEMY PRIMARY', 4, 24),
(1128, 'MERCY ACADEMY', 4, 24),
(1129, 'THE BELLS PRI', 4, 24),
(1130, 'WEBUYE AC SPECIAL UNIT', 4, 24),
(1131, 'AGAPE ACADEMY PRI', 4, 24),
(1132, 'MUKHUYU FYM SPECIAL UNIT', 4, 24),
(1133, 'MOONLIGHT SCH', 4, 24),
(1134, 'KING JESUS COMPLEX ACADEMY', 4, 24),
(1135, 'PANPAPER PRI', 4, 24),
(1136, 'SUNRISE ACADEMY', 4, 24),
(1137, 'ST TERESAS SPECIAL SCH FOR M.H', 4, 24),
(1138, 'SUNFLOWER ACADEMY PRI', 4, 24),
(1139, 'MERCY JUNIOR ACADEMY', 4, 24),
(1140, 'SHAMETA PRI', 4, 24),
(1141, 'MUJI FYM SPECIAL UNIT', 4, 24),
(1142, 'TABALA PRIMARY', 4, 24),
(1143, 'GENERATION MARAKA PRI', 4, 24),
(1144, 'UTU BORA ACADEMY', 4, 24),
(1145, 'JOVIAL ACADEMY', 4, 24),
(1146, 'MARUTI SA JUNIOR ACADEMY', 4, 24),
(1147, 'NZOIA PEFA PRI', 4, 24),
(1148, 'NABII ACADEMY', 4, 24),
(1149, 'NEEMA GARDENS ACADEMY', 4, 24),
(1150, 'BETHEL ACADEMY PRIMARY SCH', 4, 24),
(1151, 'SIO RC SPECIAL UNIT', 4, 24),
(1152, 'REV. JOHNSTONE PRIMARY', 4, 24),
(1153, 'SOUTHEND ACADEMY', 4, 24),
(1154, 'DORRY ACADEMY', 4, 24),
(1155, 'ST DOMINIC ACADEMY PRI', 4, 24),
(1156, 'ST ROSINA ACADEMY', 4, 24),
(1157, 'MUPELI DEB SPECIAL UNIT', 4, 24),
(1158, 'MUANDA MISSION ACADEMY', 4, 24),
(1159, 'KITALE ADVENTIST  PRI SCH', 4, 24),
(1160, 'NAMWELA TOWNSHIP PRIMARY SCH', 4, 24),
(1161, 'EDEN JUNIOR PRI', 4, 24),
(1162, 'BAPTIST PRECIOUS ACADEMY', 4, 24),
(1163, 'NAIGAI ACADEMY', 4, 24),
(1164, 'JOE ACA PRI SCH', 4, 24),
(1165, 'ST AQUANAS PRI', 4, 24),
(1166, 'WAEN ACADEMY PRIMARY SCH', 4, 24),
(1167, 'OKANYA PRI', 4, 24),
(1168, 'ELITE ACADEMY PRIMARY', 4, 24),
(1169, 'NABIKOTO ACADEMY PRIMARY', 4, 24),
(1170, 'CHEPSITAT SPECIAL SCH', 4, 24),
(1171, 'UTUBORA EDUCATION CENTRE PRIMARY', 4, 24),
(1172, 'KITINDA RC SPECIAL SCH', 4, 24),
(1173, 'MILO SPECIAL UNIT', 4, 24),
(1174, 'LITTLE STAR PRI SCH', 4, 24),
(1175, 'JUHUDI ACADEMY', 4, 24),
(1176, 'LIGHT AND HOPE ACADEMY', 4, 24),
(1177, 'DREAMSHINE ACA PRI SCH', 4, 24),
(1178, 'SANGALO HILLVIEW ACA PRI SCH', 4, 24),
(1179, 'MARELL EDUCATION CENTRE PRI', 4, 24),
(1180, 'NURU VISION ACA PRI SCH', 4, 24),
(1181, 'LAVIN ACADEMY', 4, 24),
(1182, 'PRAISE ACADEMY', 4, 24),
(1183, 'BILIBILI SPECIAL UNIT', 4, 24),
(1184, 'NARATI SPECIAL UNIT', 4, 24),
(1185, 'SACRED HEART ACADEMY', 4, 24),
(1186, 'ST. MARK''S KINGS ACADEMY', 4, 24),
(1187, 'KIMABOLE PRI SCH', 4, 25),
(1188, 'ST JOHNS KABULA ACADEMY', 4, 24),
(1189, 'NASYANDA CENTRAL ACADEMY', 4, 24),
(1190, 'MAWHIBAT ACADEMY', 4, 24),
(1191, 'TONGAREN JOY ACADEMY', 4, 24),
(1192, 'NASIANDA INCLUSIVE EDUCATION PROGRAMME', 4, 24),
(1193, 'KHAKA JNR ACA PRI SCH', 4, 24),
(1194, 'KIMILILI D.E.B SPECIAL UNIT', 4, 24),
(1195, 'MITUA SPECIAL UNIT', 4, 24),
(1196, 'KIMILILI R.C BOYS PRIMARY SCHOOL', 4, 24),
(1197, 'JENNIFER ACADEMY MASUNO', 4, 24),
(1198, 'TIMLEEN BRILIANT JUNIOR SCH', 4, 24),
(1199, 'NEW TRIANGLE ACADEMY PRI', 4, 24),
(1200, 'MURWANI DEB', 4, 25),
(1201, 'ST. JOHN''S ACADEMY PRIMARY', 4, 24),
(1202, 'KIPTUNGURURWO S.A', 4, 25),
(1203, 'LENA PREPARATORY COMPLEX PRIMARY', 4, 24),
(1204, 'KYAMBOGO ACADEMY PRI', 4, 24),
(1205, 'MPAKANI ELIM ACADEMY', 4, 25),
(1206, 'PESH ACADEMY (PRIMARY)', 4, 24),
(1207, 'SHEKINA JUNIOR PRIMARY', 4, 24),
(1208, 'NEW ERA ACADEMY KHASOKO', 4, 24),
(1209, 'TEDHILL ACADEMY PRI', 4, 24),
(1210, 'KHASOKO SPECIAL SCH FOR M.H', 4, 24),
(1211, 'MASINDE ACADEMY', 4, 24),
(1212, 'SOSIO SPECIAL UNIT', 4, 24),
(1213, 'TEREM S.A', 4, 25),
(1214, 'DAYLIGHT CARE CENTRE PRIMARY', 4, 24),
(1215, 'EAGLES ACADEMY', 4, 24),
(1216, 'NDARET PRIMARY', 4, 25),
(1217, 'SESIK PRIMARY', 4, 25),
(1218, 'KAPKATENY PRI SCH', 4, 25),
(1219, 'NZOIA DOROF TOWNSHIP PRI SCH', 4, 24),
(1220, 'YAYA ACADEMY', 4, 25),
(1221, 'CHEPTAIS GREEN VALLEY PRIMARY', 4, 25),
(1222, 'ST JOHNS ACADEMY LUKHUNA', 4, 24),
(1223, 'KIPSABULA S.A', 4, 25),
(1224, 'ZAKSTAR ACADEMY', 4, 25),
(1225, 'CHONGEYWO S.A', 4, 25),
(1226, 'NEW VISION KAPTABOI PRIMARY', 4, 24),
(1227, 'MASAEK S.A PRIMARY', 4, 25),
(1228, 'KAPTOLA FYM SPECIAL UNIT', 4, 25),
(1229, 'JISTO KUTERE ACADEMY', 4, 25),
(1230, 'KAPSAMBU PRIMARY', 4, 25),
(1231, 'DARAJA MUNGU PRIMARY', 4, 24),
(1232, 'CHEBICH R.C PRIMARY', 4, 25),
(1233, 'CHEBIN D.E.B', 4, 25),
(1234, 'FAITH VICTORY ACADEMY', 4, 25),
(1235, 'CHELEBEI F.Y.M', 4, 25),
(1236, 'KIPTEKA S.A', 4, 25),
(1237, 'ST ANDREW''S ACADEMY', 4, 24),
(1238, 'CHEMONDI SDA ACADEMY', 4, 25),
(1239, 'UPLANDS PRPARATORY', 4, 24),
(1240, 'CHEPUKAT ACK', 4, 25),
(1241, 'SHALOM ACADEMY PRIMARY', 4, 24),
(1242, 'KAPKEKE PRIMARY', 4, 25),
(1243, 'KEWAANI-KOOY PRIMARY', 4, 25),
(1244, 'BINYENYA SPECIAL UNIT', 4, 24),
(1245, 'CHEMWAY', 4, 25),
(1246, 'KAMUSINDE COMPLEX ACADEMY PRIMARY', 4, 24),
(1247, 'MARIGO PRI SCH', 4, 25),
(1248, 'CHEPTONON PRIMARY', 4, 25),
(1249, 'GENESIS ACADEMY PRIMARY', 4, 24),
(1250, 'RWANDA S.A', 4, 25),
(1251, 'TOYWONDET ACK', 4, 25),
(1252, 'PROMISED LAND ACADEMY', 4, 24),
(1253, 'KAPTOBOI', 4, 25),
(1254, 'KOPSIRO SA PRIMARY', 4, 25),
(1255, 'KAPKURONGO FYM PRIMARY', 4, 25),
(1256, 'KAMARANG DEB', 4, 25),
(1257, 'BITUYU RC PRI SCH', 4, 24),
(1258, 'CHEBWARE GATEWAY ACADEMY', 4, 25),
(1259, 'KABERO (KAMARANG)', 4, 25),
(1260, 'KAPKIRWOK PRIMARY', 4, 25),
(1261, 'KABEE S.A', 4, 25),
(1262, 'SAWA SPECIAL UNIT', 4, 24),
(1263, 'KANG''ANGA ACADEMY', 4, 25),
(1264, 'PRAISE ACADEMY', 4, 25),
(1265, 'CHEPCHABAI AIC PRIMARY', 4, 25),
(1266, 'ST JOHN''S ACADEMY MASINDET', 4, 25),
(1267, 'REVEREND OKERE PRECIOUS PRI SCH', 4, 25),
(1268, 'ZAKAYO ACADEMY PRIMARY', 4, 24),
(1269, 'CHEPTOROR R.C PRIMARY', 4, 25),
(1270, 'CHEPTIYA SDA', 4, 25),
(1271, 'KABUKWO S.A PRIMARY', 4, 25),
(1272, 'OMOLOI PRI SCH', 5, 30),
(1273, 'LAKE BREEZE ACADEMY PRI', 5, 26),
(1274, 'MORNING PHELLY PRI SCH', 5, 26),
(1275, 'SERA JOY ACADEMY PRI SCH', 5, 26),
(1276, 'LAKESIDE ACADEMY PRI SCH', 5, 26),
(1277, 'ST. BENADITTE OJAMII S.U', 5, 30),
(1278, 'WIMAR PRI SCH', 5, 30),
(1279, 'ST PAUL''S BUDERIE PRI', 5, 26),
(1280, 'ST. JAMES KOTEKO PRI SCH', 5, 30),
(1281, 'BUSIA TOWNSHIP S.U', 5, 30),
(1282, 'SUNSHINE PRI', 5, 27),
(1283, 'RUGUNGA SPECIAL UNIT', 5, 26),
(1284, 'EAGLET ACADEMY PRI SCH', 5, 26),
(1285, 'ST. JUDE EDUCATION CENTRE ACADEMY PRI', 5, 30),
(1286, 'ST ANNE''S GREEN SCHOOL KARUNGU PRI', 5, 26),
(1287, 'FANAKA JUNIOR ACADEMY PRI SCH', 5, 26),
(1288, 'BLUE BELLS PRI SCH', 5, 30),
(1289, 'APOKOR S.U', 5, 30),
(1290, 'ST MARTIN''S SPECIAL SCHOOL', 5, 26),
(1291, 'SUNSHINE PRI', 5, 26),
(1292, 'AMERIKWAYI PRI SCH', 5, 30),
(1293, 'MOODY AWORI S.U', 5, 26),
(1294, 'BUMALA ACADEMY PRI SCH', 5, 26),
(1295, 'ATERAIT S.U', 5, 30),
(1296, 'COLLEGE HILL PRI', 5, 26),
(1297, 'MONTESSORI PRI', 5, 26),
(1298, 'MERCY CHILDREN''S CENTRE', 5, 26),
(1299, 'KAKIRIAMAS PRI SCH', 5, 30),
(1300, 'THE OASIS ACADEMY', 5, 26),
(1301, 'SITEKO PRI', 5, 26),
(1302, 'AGONG''ET PRI SCH', 5, 30),
(1303, 'ST APPOLONIUS PRI', 5, 26),
(1304, 'ASIANUT PRI SCH', 5, 30),
(1305, 'BURIANGI PRI', 5, 26),
(1306, 'LWANYANGE PRI', 5, 26),
(1307, 'KATELENYANG''A PRI SCH', 5, 30),
(1308, 'KOCHOLIA HILLS PRI SCH', 5, 30),
(1309, 'ST MOSES SIGWATA PRI', 5, 26),
(1310, 'BUMALA RC PRI SCH', 5, 26),
(1311, 'ALUPE S.U', 5, 30),
(1312, 'KENYA GAUZE PRI SCH', 5, 26),
(1313, 'SUNRISE JUNIOR ACADEMY PRI SCH', 5, 28),
(1314, 'NEW HOPE CHRISTIAN ACADEMY PRI SCH', 5, 26),
(1315, 'GANJALA SPECIAL UNIT', 5, 26),
(1316, 'ELGON VIEW ACADEMY PRI', 5, 30),
(1317, 'SATELLITE PRI', 5, 26),
(1318, 'VISION HILL ACADEMY PRI SCH', 5, 30),
(1319, 'KOLAIT PRI SCH', 5, 30),
(1320, 'LWANYA PRI SPECIAL UNIT', 5, 26),
(1321, 'OSURET S.U', 5, 30),
(1322, 'AKOBWAIT RC PRI SCH', 5, 30),
(1323, 'AKOREET S. U', 5, 30),
(1324, 'SIFA SCHOOL', 5, 26),
(1325, 'LITTLE STAR JUNIOR ACADEMYPRI SCH', 5, 30),
(1326, 'FUNYULA ROAD ACADEMY', 5, 26),
(1327, 'GARA PRI SCH', 5, 30),
(1328, 'ST. ANTONY ADAMS ACADEMY PRI SCH', 5, 30),
(1329, 'KOLANYA BOYS SPECIAL UNIT', 5, 30);
INSERT INTO `school` (`school_id`, `school_name`, `school_county_id`, `school_district_id`) VALUES
(1330, 'MALABA TOWNSHIP S.U', 5, 30),
(1331, 'KEMODO PRI SCH', 5, 30),
(1332, 'MUNDIKA SPECIAL UNIT', 5, 26),
(1333, 'MADUWA PRI SCH', 5, 26),
(1334, 'ASINGE S.U', 5, 30),
(1335, 'KAPKOMOL HIGH FIELD ACADEMY PRI', 6, 31),
(1336, 'ST MAURUS ACADEMY CHESONGOCH', 6, 32),
(1337, 'KOISUNGUR ACADEMY', 6, 31),
(1338, 'BISHOP KEWASIS KABEREWO PRI SCH', 6, 32),
(1339, 'MANCHEYWA PRI', 6, 31),
(1340, 'KITANY PREPARATORY PRI', 6, 31),
(1341, 'FR MARTIN BOYLE ACADEMY PRI', 6, 31),
(1342, 'CONNECTOR ACA PRI SCH', 6, 32),
(1343, 'MAROON PRI SCH', 6, 32),
(1344, 'GILGAL PRIMARY SCHOOL', 6, 32),
(1345, 'CHEBARA DAMSITE ACA', 6, 32),
(1346, 'CHESONGOCH SMALL HOME FOR PHY. CHALLENGED', 6, 32),
(1347, 'KOMBASES PRI SCH', 6, 32),
(1348, 'SOGOM PRI', 6, 31),
(1349, 'BOROKO PRI SCH', 6, 32),
(1350, 'KERMUK PRI', 6, 31),
(1351, 'LAMON PRI SCH', 6, 32),
(1352, 'SIKINWO ACADEMY PRI', 6, 31),
(1353, 'ITEN SCHOLL FOR THE DEAF PRI', 6, 31),
(1354, 'ST GABRIEL CHORWA PRI SCH', 6, 32),
(1355, 'KOISABUL PRI SCH', 6, 32),
(1356, 'SANGACH PRI SCH', 6, 32),
(1357, 'ABUNDANT LIFE ACADEMY', 6, 32),
(1358, 'KAPKOSOM PRI', 6, 31),
(1359, 'SERET PRI SCH', 6, 32),
(1360, 'ST PETERS ACADEMY PR', 6, 31),
(1361, 'KAPEUNGONG PRI SCH', 6, 32),
(1362, 'VICTORY EDUCATIONAL CENTRE PRIMARY', 6, 31),
(1363, 'JONACH CHRISTIAN ACADEMY PRI', 6, 31),
(1364, 'SIMBOLEI JNR ACADEMY', 6, 31),
(1365, 'KIPTANUI CHEPKOG ACA', 6, 32),
(1366, 'CHESUMAN PRIMARY SCHOOL', 6, 32),
(1367, 'VALLEY OASIS PRY SCH', 6, 32),
(1368, 'WEREP PRI SCH', 6, 31),
(1369, 'KENYA FLOURSPAR PRI', 6, 31),
(1370, 'FATHER REINHALD ACA', 6, 32),
(1371, 'MURKUTWO PRI SCH', 6, 32),
(1372, 'RIMOI PRIMARY', 6, 31),
(1373, 'KIPTORO PRI SCH', 6, 31),
(1374, 'WALBEI PRI SCH', 6, 31),
(1375, 'KAPSOWAR SPECIAL UNIT', 6, 32),
(1376, 'KAPSICHA PRI SCH', 6, 32),
(1377, 'MEUNO PRI SCH', 6, 32),
(1378, 'NERKWO SMALL HOME PRI SCH', 6, 32),
(1379, 'KATALEL ACADEMY', 6, 31),
(1380, 'KIPKANAO PRI', 6, 31),
(1381, 'KAPKENY PRIMARY SCHOOL', 6, 32),
(1382, 'MIZPAH ACADEMY', 6, 32),
(1383, 'CHEMOIBON PRI', 6, 31),
(1384, 'KIPKENDA PRI SCH', 6, 31),
(1385, 'KILOS PRIMARY SCHOOL', 6, 32),
(1386, 'KAPKUTO PRIMARY SCHOOL', 6, 32),
(1387, 'ST. LUKES ACA', 6, 32),
(1388, 'ST STEPHEN KAPTUM ACADEMY', 6, 31),
(1389, 'AIC SHAAMAH ACADEMY', 6, 32),
(1390, 'ACK ST. JOHNS MILLENIUM ACADEMY PRI SCH', 7, 35),
(1391, 'LUCAS VISION PRI SCH', 7, 35),
(1392, 'ST.MARY''S KANGANGA PRI', 7, 33),
(1393, 'ST. GABRIEL PRI SCH', 7, 35),
(1394, 'SILOAM ACADEMY PRI SCH', 7, 35),
(1395, 'ST.TERESA  FASCE ACADEMY PRI. SCH.', 7, 33),
(1396, 'DEB GICHICHE SPECIAL UNIT', 7, 35),
(1397, 'FGCK HAPPYLAND ACADEMY PRI SCH', 7, 35),
(1398, 'MASHARIKI  ACADEMY PRI. SCH.', 7, 33),
(1399, 'NGUNYUMU PRI', 7, 33),
(1400, 'ACK KIRIGI SPECIAL UNIT', 7, 35),
(1401, 'ST.ROBERTS &KIKI ACADEMY PRI', 7, 33),
(1402, 'KIANJOGU  PRI. SCH.', 7, 33),
(1403, 'WAMUGINA PROGRESSIVE ACADEMY PRI SCH', 7, 35),
(1404, 'ITABUA SPECIAL UNIT', 7, 35),
(1405, 'MUTUOBORE  KINGS ACADEMY PRIM. SCH.', 7, 33),
(1406, 'ST. JAMES KARUNGU JUNIOR PRI SCH', 7, 35),
(1407, 'ST. MICHAEL PRI SCH', 7, 37),
(1408, 'SA GICHICHE PRI SCH', 7, 35),
(1409, 'ZABA  ACADEMY  PRI. SCH.', 7, 33),
(1410, 'NICE ACADEMY PRI SCH', 7, 35),
(1411, 'GOD''S MERCY  ACADEMY PRI SCH.', 7, 33),
(1412, 'KABINGORI SDA PRI.SCH.', 7, 33),
(1413, 'KITHEGI SPECIAL UNIT', 7, 35),
(1414, 'ST. JOHNS GAIKAMA PRI SCH', 7, 35),
(1415, 'EMMANUEL PRI SCH', 7, 35),
(1416, 'ACK NGUMOLA  PRI. SCH.', 7, 33),
(1417, 'PRECIOUS  KIDS ACADEMY PRI. SCH.', 7, 33),
(1418, 'ST. KELVIN''S JUNIOR ACADEMY PRI SCH', 7, 35),
(1419, 'HAVARD JUNIOR PRI SCH', 7, 35),
(1420, 'KANDUKU  PRI.SCH.', 7, 33),
(1421, 'CCM KALISA PRI', 7, 33),
(1422, 'VICTORY JUNIOR ACADEMY PRI SCH', 7, 35),
(1423, 'GICHERORI SPECIAL UNIT', 7, 35),
(1424, 'ACK MANYATI   PRI. SCH.', 7, 33),
(1425, 'THE PRECIOUS JUNIOR ACADEMY PRI SCH', 7, 35),
(1426, 'VISION JUNIOR ACADEMY PRI SCH', 7, 35),
(1427, 'ST. JOSEPHS KATHUNGURI PRI SCH', 7, 35),
(1428, 'ST. PAUL''S ACADEMY PRI SCH', 7, 35),
(1429, 'SALOGATE PRI SCH', 7, 35),
(1430, 'TUMAINI JUNIO ACADEMY', 7, 35),
(1431, 'MFARIJI  JUNIOR PRIM. SCH.', 7, 33),
(1432, 'KAKAWA PRI', 7, 33),
(1433, 'HILLSIDE JUNIOR ACADEMY PRI.', 7, 33),
(1434, 'ITHANGAWE S .U', 7, 35),
(1435, 'KITUNENI  PRI. SCH.', 7, 33),
(1436, 'JOYLAND KINGS ACADEMY PRI', 7, 35),
(1437, 'NAMURI  PRI. SCH.', 7, 33),
(1438, 'AIC NDUNE PRI. SCH.', 7, 33),
(1439, 'USAMBARA PRI', 7, 33),
(1440, 'CAMP DAVID PRI ACADEMY', 7, 35),
(1441, 'FEATHERS EDUCATION CENTRE', 7, 33),
(1442, 'ST. LUKES RURIRI PRIM SCH', 7, 35),
(1443, 'MBUINJERU BY FAITH ACADEMY', 7, 35),
(1444, 'OMEGA JUNIOR ACADEMY PRI', 7, 33),
(1445, 'SIX THIRTY ROYAL ACADEMY PRI', 7, 35),
(1446, 'MILLENIUM FOCUS ACADEMY PRI SCH', 7, 35),
(1447, 'ACK KENG SPECIAL UNIT', 7, 35),
(1448, 'ST MARK''S RUTUNE PRI SCH', 7, 35),
(1449, 'ST. MICHAEL KARIGIRI BOARDING PRI SCH', 7, 35),
(1450, 'MBONDONI  PRI. SCH.', 7, 33),
(1451, 'ST. STEPHEN MUKUURI ACADEMY PRI SCH', 7, 35),
(1452, 'MUTHIRU PRIM. SCH.', 7, 33),
(1453, 'ELIMA EXCEPTIONAL KIDS ACADEMY PRI SCH', 7, 35),
(1454, 'ST. MICHAEL KIANGUGI PRI', 7, 35),
(1455, 'DEB RUKIRA S.U', 7, 35),
(1456, 'JANSTIFF JUNIOR SCH. PRI.', 7, 33),
(1457, 'ACK ST. BARNABAS KATHARI SPECIAL UNIT', 7, 35),
(1458, 'KANGONDI PRI SCH', 7, 35),
(1459, 'KASIONI  PRI. SCH.', 7, 33),
(1460, 'MUGWANJOGU PRI', 7, 33),
(1461, 'ST. AMBROSE PRI SCH', 7, 35),
(1462, 'NTHARAWE  PRI. SCH.', 7, 33),
(1463, 'HARMONY PREMIER ACADEMY PRI', 7, 33),
(1464, 'ST.LUKES SCH. OF THE DEAF.', 7, 33),
(1465, 'NJERU  PRI. SCH.', 7, 33),
(1466, 'DEB KAIRURI PRI SPECIAL UNIT', 7, 35),
(1467, 'NICA VICTORS ACADEMY PRI SCH', 7, 35),
(1468, 'ST. JOSEPHS HIGH VISION PRI SCH', 7, 35),
(1469, 'OUR LADY OF ASSUMPTION KATHANGARI PRI SCH', 7, 35),
(1470, 'ST.PHILIPS BOARDING PRI SCH.', 7, 33),
(1471, 'MUKORORIA  PRI. SCH.', 7, 33),
(1472, 'MUIRU  PRI. SCH.', 7, 33),
(1473, 'ST.MATHEW GATETE PRI .SCH.', 7, 33),
(1474, 'JOYRIDER ACADEMY PRI SCH', 7, 35),
(1475, 'MORNING  STAR ACADEMY PRI. CSH.', 7, 33),
(1476, 'EMBU KAWA ACADEMY PRI SCH', 7, 35),
(1477, 'RWETHE  PRI.SCH.', 7, 33),
(1478, 'MURINDI  PRI. SCH.', 7, 33),
(1479, 'GAYA ACADEMY PRI. SCH.', 7, 33),
(1480, 'CIAKAVIU  PRI. SCH.', 7, 33),
(1481, 'RURII  PRI.SCH.', 7, 33),
(1482, 'VICTORY KAMIU ACADEMY', 7, 35),
(1483, 'OUR LADY OF ASSUMPTION PRI SCH', 7, 35),
(1484, 'ST.JOSEPH GACHURIRI PRI.SCH.', 7, 33),
(1485, 'KIGAA ADVENTIST ACADEMY PRI SCH', 7, 35),
(1486, 'UGWERI QUALITY ACADEMY PRI SCH', 7, 35),
(1487, 'RUGAKORI  PRI. SCH.', 7, 33),
(1488, 'ST. PHILLIPS JUNIOR ACADEMY PRI SCH', 7, 35),
(1489, 'EMBU CHRISTIAN SCH PRI', 7, 35),
(1490, 'MAKUTANO  JUNIOR  ACADEMY PRI SCH', 7, 33),
(1491, 'FCGK VICTORY ACADEMY PRI SCH', 7, 35),
(1492, 'ACK NEMBURE PRIVATE PRI SCH', 7, 35),
(1493, 'MATURURI PRI SCH', 7, 35),
(1494, 'SUSANA KARURUMO CENTRE PRI SCH', 7, 35),
(1495, 'ACK ST . BARNABAS KARURUMO PRI SCH', 7, 35),
(1496, 'MARATHON ACADEMY PRI SCH', 7, 35),
(1497, 'NICODEMUS JUNIOR ACADEMY PRI. SCH.', 7, 33),
(1498, 'KIVURIA SPECIAL UNIT', 7, 35),
(1499, 'ALLSAINTS PRI SCH', 7, 35),
(1500, 'ST. TARCISIUS PRI SCH', 7, 35),
(1501, 'KARURUMO PRI SPECIAL UNIT', 7, 35),
(1502, 'QUEEN OF LOVE ACADEMY PRI. SCH.', 7, 33),
(1503, 'TENDE PRI SCH', 7, 35),
(1504, 'SHALOM ACADEMY PRI SCH', 7, 35),
(1505, 'THAU PRI SCH', 7, 35),
(1506, 'BRIGHTEN SHINE PRI SCH', 7, 35),
(1507, 'SA KIGAA ACADEMY PRI SCH', 7, 35),
(1508, 'CIORINDAGWA  PRI', 7, 33),
(1509, 'CENTRAL PRIMARY SPECIAL UNIT(IFO CAMP)', 8, 35),
(1510, 'IFO 2 PRIMARY', 8, 35),
(1511, 'MODIKA ACADEMY PRI', 8, 35),
(1512, 'GARISSA MUSLIM GIRLS ACADEMY PRI', 8, 35),
(1513, 'FAFI PRIMARY', 8, 35),
(1514, 'AL-IBRAHIM ACADEMY PRI', 8, 35),
(1515, 'GARISSA SPECIAL SCHOOL FOR MENTALLY HANDICAPPED', 8, 35),
(1516, 'ALANGO ARBA PRIMARY', 8, 35),
(1517, 'KASHA PRI SCH', 8, 35),
(1518, 'NASIB PRIMARY SCHOOL', 8, 36),
(1519, 'SHIMBIREY PRIMARY SCH', 8, 35),
(1520, 'GARISSA ACADEMY PRI', 8, 35),
(1521, 'ELMAAN PRIMARY SCHOOL', 8, 36),
(1522, 'GARISSA MUSLIM ACADEMY PRI', 8, 35),
(1523, 'SARETAO PRIMARY', 8, 35),
(1524, 'HALANE PRIMARY', 8, 35),
(1525, 'GUBIS PRIMARY SCHOOL', 8, 36),
(1526, 'BULA MZURI PRIMARY', 8, 35),
(1527, 'UNITY PRIMARY', 8, 35),
(1528, 'AL-ABRAR PRI', 8, 35),
(1529, 'ELAN PRI SCH', 8, 35),
(1530, 'ELKABERE PRIMARY SCHOOL', 8, 36),
(1531, 'HALANE SPECIAL UNIT', 8, 35),
(1532, 'ABAKHAILE PRIMARY', 8, 35),
(1533, 'GARISSA MUSLIM ACADEMY PRI', 8, 35),
(1534, 'GESIREB  PRIMARY SCHOOL', 8, 36),
(1535, 'KORANHIDI PRIMARY SCHOOL', 8, 36),
(1536, 'EL-NINO PRIMARY', 8, 35),
(1537, 'GUMAREY PRIMARY SCHOOL', 8, 36),
(1538, 'KUMAHUMATO PRIMARY', 8, 35),
(1539, 'ST. PETER''S PRI', 8, 35),
(1540, 'UNDUNGU PRIMARY', 8, 35),
(1541, 'UPENDO PRIMARY', 8, 35),
(1542, 'HADI PRIMARY SCHOOL', 8, 36),
(1543, 'DADAAB INTEGRATED LEARNING CENTRE', 8, 35),
(1544, 'HORSEED PRIMARY', 8, 35),
(1545, 'ABDUL-ZIZ PRIMARY', 8, 35),
(1546, 'ALIKUNE PRIMARY SCH', 8, 35),
(1547, 'DOI PRIMARY SCHOOL', 8, 36),
(1548, 'ABDI GURE MOBILE PRIMARY SCHOOL', 8, 36),
(1549, 'IBNU ABASS ACADEMY PRI', 8, 35),
(1550, 'RAHMA PRIMARY SCHOOL', 8, 36),
(1551, 'BARAKI PRI SCH', 8, 35),
(1552, 'DAKAHARJA PRIMARY SCHOOL', 8, 36),
(1553, 'ILLEYS PRIMARY', 8, 35),
(1554, 'MIDNIMO SPECIAL UNIT', 8, 35),
(1555, 'WARADEIJAB PRIMARY SCHOOL', 8, 36),
(1556, 'AL BAYAN ACADEMY PRI', 8, 35),
(1557, 'NAJAH PRIMARY', 8, 35),
(1558, 'HORNIMO PRIMARY', 8, 35),
(1559, 'GARUFA PRI SCH', 8, 35),
(1560, 'GRASWENO PRIMARY SCH', 8, 35),
(1561, 'MAALIMIN PRIMARY', 8, 35),
(1562, 'MADAGISI PRIMARY', 8, 35),
(1563, 'GEDILUN PRIMARY SCHOOL', 8, 36),
(1564, 'GALMAGALLA PRIMARY SCHOOL', 8, 36),
(1565, 'BULLA COLLEGE PRI', 8, 35),
(1566, 'SUNRISE PRIMARY', 8, 35),
(1567, 'TUMAINI PRIMARY', 8, 38),
(1568, 'UNDUNGU PRIMARY SPECIAL UNIT', 8, 35),
(1569, 'MIDNIMO PRIMARY', 8, 35),
(1570, 'MAI PRIMARY SCHOOL', 8, 36),
(1571, 'CENTRAL PRIMARY (DAGAHALEY CAMP)', 8, 35),
(1572, 'IBMU KADIR IKIP PRIMARY', 8, 35),
(1573, 'ST.MARYS SCHOOL PRI', 8, 35),
(1574, 'JUBBA PRIMARY', 8, 35),
(1575, 'MANHALL INTEGRATED PRIMARY', 8, 35),
(1576, 'AMANI PRIMARY', 8, 35),
(1577, 'BULLAGOLOL PRIMARY SCHOOL', 8, 36),
(1578, 'GERILLE PRIMARY SCHOOL', 8, 36),
(1579, 'AL-HAKIM ACADEMY PRI', 8, 35),
(1580, 'IFTIN PRIMARY', 8, 35),
(1581, 'HORSEED SPECIAL UNIT', 8, 35),
(1582, 'FRIENDS PRIMARY', 8, 35),
(1583, 'BUSARA ACADEMY PRI', 8, 35),
(1584, 'GOOD SHEPHERD ACADEMY', 9, 40),
(1585, 'KAMOLO PRY SCH', 9, 41),
(1586, 'ST LUKES ACADEMY', 9, 40),
(1587, 'BRIGHT TON ACADEMY', 9, 40),
(1588, 'KOLAL PRI SCH', 9, 42),
(1589, 'REMBA PRI SCH', 9, 40),
(1590, 'RABUOR PONGE SPECIAL UNIT', 9, 41),
(1591, 'FOCUS ACADEMY - PRI', 9, 42),
(1592, 'VALLEY ACADEMY', 9, 40),
(1593, 'OFWENY CHILD CENTRE - PRI', 9, 42),
(1594, 'PALA PRY SCH', 9, 41),
(1595, 'KANDIEGE STAR ACADEMY', 9, 42),
(1596, 'ST CHRISTINE''S ANYONA PRI SCH', 9, 42),
(1597, 'NYAWINYO INTERGRATED OASIS COMPLEX', 9, 42),
(1598, 'ONENO PRY SCH', 9, 41),
(1599, 'JOYHILL SCHOOL PRIMARY', 9, 41),
(1600, 'J.N KAMBARAGE ACADEMY', 9, 40),
(1601, 'TERBANACLE I.P.S PRI', 9, 40),
(1602, 'VESSELS OF HONOUR PRI', 9, 40),
(1603, 'OTHORO MUSLIMS JNR ACA PRI SCH', 9, 42),
(1604, 'ANNAM CHRISTIAN EDU. CENTRE', 9, 42),
(1605, 'RATIL PRIMARY', 9, 41),
(1606, 'ALUM ACADEMY PRI', 9, 42),
(1607, 'RED SILVER ACADEMY', 9, 40),
(1608, 'ST ROSE ATIGA PRI SCH', 9, 42),
(1609, 'OBUNGA PRY SCH', 9, 41),
(1610, 'RUKONGO OVC PRI', 9, 40),
(1611, 'MOUNTAIN VIEW ACADEMY PRY', 9, 41),
(1612, 'GOT AGULU PRI SCH', 9, 42),
(1613, 'GOT NYALGOSI PRY SCH', 9, 41),
(1614, 'KOSELE CHRISTIAN COMMUNITY  PRI SCH', 9, 42),
(1615, 'MEJA JUNIOR PRI', 9, 40),
(1616, 'NELSON MANDELA ACADEMY PRIMARY', 9, 41),
(1617, 'NDHIWA TOWNSHIP PRY SCH', 9, 41),
(1618, 'JOY CHRISTIAN SCHOOL INTERNATIONAL ACADEMY PRY SCH', 9, 41),
(1619, 'PIRATES ACAD PRI SCH', 9, 42),
(1620, 'ST. DOMINIC SAVIOUR ACADEMY PRY SCH', 9, 41),
(1621, 'NYAKANGO MARANATHA ACADEMY', 9, 42),
(1622, 'RAINBOW PRIMARY', 9, 41),
(1623, 'LWAHO PRY SCH', 9, 41),
(1624, 'KOTIENO SPECIAL UNIT', 9, 42),
(1625, 'OPAPO FRIENDS DAY ACADEMY PRY', 9, 41),
(1626, 'WANGE DONGO PRI SCH', 9, 42),
(1627, 'LITTLE ROOTS ACADEMY SINDO', 9, 40),
(1628, 'AKADO PRY SCH', 9, 41),
(1629, 'PAP ALARA PRY SCH', 9, 41),
(1630, 'BABY SHINE ACADEMY', 9, 40),
(1631, 'EARLY BIRD ACADEMY', 9, 40),
(1632, 'SINDO BAPTIST ACADEMY', 9, 40),
(1633, 'ARUNDA PRY SCH', 9, 41),
(1634, 'NYANGIELA INTERGRATED PRI SCH', 9, 42),
(1635, 'KIWA JUNIOR', 9, 40),
(1636, 'ST ALLOYS ACADEMY RACHUONYO', 9, 42),
(1637, 'MIRUNDA BEACH ACADEMY', 9, 40),
(1638, 'HOMABAY CHILDREN''S HOME ACADEMY PRY SCH', 9, 41),
(1639, 'KOPIYO PRY SCH', 9, 41),
(1640, 'NISSISINO ACADEMY', 9, 40),
(1641, 'STARLITE SCHOOLPRIMARY', 9, 41),
(1642, 'ST. PHILIPS ACADEMY PRY SCH', 9, 41),
(1643, 'URIRI PRI SCH', 9, 42),
(1644, 'MIGERA ACADEMY PRY SCH', 9, 41),
(1645, 'OTHORO PRY SCH', 9, 41),
(1646, 'NEW VISION PRI', 9, 40),
(1647, 'SALEON PREPARATORY PRIMARY', 9, 41),
(1648, 'FURAHA ACADEMY', 9, 40),
(1649, 'ST ANTHONY''S LITTLE ANGEL''S ACADEMY PRY SCH', 9, 41),
(1650, 'HOMABAY PRY SPECIAL UNIT', 9, 41),
(1651, 'KAGUNGU PRI', 9, 40),
(1652, 'DR OWEN ACADEMY PRY', 9, 41),
(1653, 'SEKA PRI', 9, 40),
(1654, 'GULWE PRI', 9, 40),
(1655, 'MINYA PRIMARY', 9, 41),
(1656, 'SANGO ACADEMY PRY', 9, 41),
(1657, 'SHOOTING STAR ACADEMY PRY SCH', 9, 41),
(1658, 'RINGA ACA PRI SCH', 9, 42),
(1659, 'HIGHWAY PREPARATORY PRI SCH', 9, 42),
(1660, 'PONGE PRI', 9, 40),
(1661, 'ALERO ACADEMY PRI', 9, 40),
(1662, 'RAEGO EDUCATION CENTRE', 9, 40),
(1663, 'KIBUOGI PRI', 9, 40),
(1664, 'GOODSEED ACA PRI SCH', 9, 42),
(1665, 'HOPE CHILDREN''S CENTRE PRY SCH', 9, 41),
(1666, 'CHRIST GIVE CENTER ACADEMY PRIMARY', 9, 41),
(1667, 'PUNDO PRY SCH', 9, 41),
(1668, 'NYANGWESO SPECIAL SCHOOL FOR THE DEAF PRY', 9, 41),
(1669, 'NYADIERE PRY SCH', 9, 41),
(1670, 'AORACHUODHO PRIMARY', 9, 41),
(1671, 'CHIEPE PRY SCH', 9, 41),
(1672, 'KING SOLOMON JUNIOR ACADEMY PRY SCH', 9, 41),
(1673, 'ST TERESA OSODO ACADEMY', 9, 40),
(1674, 'PHILEMON MEMORIAL ACADEMY PRY', 9, 41),
(1675, 'ST. MARY''S NYARUNGI PRIMARY', 9, 41),
(1676, 'OLWEYA PRI', 9, 40),
(1677, 'NANDI PRI SCH', 9, 42),
(1678, 'NYAHERA PRI', 9, 40),
(1679, 'NYANDAMA HILL ACA', 9, 42),
(1680, 'PINNCOLE ACADEMY PRY SCH', 9, 41),
(1681, 'BONGU PRY SCH', 9, 41),
(1682, 'UNGA PRY SCH', 9, 41),
(1683, 'HOMABAY SUCCESS ACADEMY PRY SCH', 9, 41),
(1684, 'OPANGA PRIMARY', 9, 41),
(1685, 'OYUGIS HIGHWAY PRI SCH', 9, 42),
(1686, 'SMART KIDS ACA', 9, 42),
(1687, 'KENYA CHRISTIAN SCHOOL FOR THE DEAF PRI SCH', 9, 42),
(1688, 'NYANDO PRY SCH', 9, 41),
(1689, 'NYAJANJA PRY SCH', 9, 41),
(1690, 'GINGO SPECIAL UNIT', 9, 40),
(1691, 'WIRE SPECIAL UNIT SCH', 9, 42),
(1692, 'MOTHER TERESA ACADEMY', 9, 40),
(1693, 'NYANGUJU JUNIOR ACA PRI SCH', 9, 42),
(1694, 'NYAWAGALO ORPHANAGE PRI SCH', 9, 42),
(1695, 'BRAINS PRI SCH', 9, 42),
(1696, 'OSANI HILLS COMMUNITY  ACADEMY PRIMARY', 9, 41),
(1697, 'GREEN FIELDS ACA PRI SCH', 9, 42),
(1698, 'ELIMU JNR ACA PRI SCH', 9, 42),
(1699, 'AGUDO PRY SCH', 9, 41),
(1700, 'MAUTA PRI', 9, 40),
(1701, 'ALARA KORAYO PRY SCH', 9, 41),
(1702, 'KOCHIENGE PRY SCH', 9, 41),
(1703, 'JUPITER ACA PRI SCH', 9, 42),
(1704, 'HISMA ACA PRI SCH', 9, 42),
(1705, 'GOD NDIRU PRY SCH', 9, 41),
(1706, 'ST. MARY''S TOWNSHIP PRI SCH', 9, 42),
(1707, 'UNITED ACA PRI SCH', 9, 42),
(1708, 'KIRONGO ACA PRI SCH', 9, 42),
(1709, 'KAKIRI ACA PRI SCH', 9, 42),
(1710, 'KITENYI PRI', 9, 40),
(1711, 'GOD PONGE PRY SCH', 9, 41),
(1712, 'OBALWANDA SPECIAL SCH FOR M.H', 9, 40),
(1713, 'BROOKSTAR ACA SCH', 9, 42),
(1714, 'WAMAI PRI', 9, 40),
(1715, 'NYAKWAKA PRI SCH', 9, 42),
(1716, 'ST. ANNE''S OYUGIS ACADEMY', 9, 42),
(1717, 'NGUKU PRI SCH', 9, 41),
(1718, 'NYAIGESA ELCK PRI', 9, 42),
(1719, 'OTOLO PRY SCH', 9, 41),
(1720, 'ANG''IRO PRY SCH', 9, 41),
(1721, 'NGEGU BLESSINGS ACADEMY PRY SCH', 9, 41),
(1722, 'ONGORO PRY SCH', 9, 41),
(1723, 'APOLLO  ACA PRI SCH OYUGIS', 9, 42),
(1724, 'SIKRI JERUSALEM PRI', 9, 40),
(1725, 'RABARE ACADEMY PRY SCH', 9, 41),
(1726, 'KOKUMU ACADEMY PRY', 9, 41),
(1727, 'CHALLENGE ACADEMY PRY (PALA)', 9, 41),
(1728, 'RONGO PRI SCH', 9, 42),
(1729, 'HOPE SPECIAL SCHOOL WAONDO', 9, 40),
(1730, 'NYATINDO SPECIAL UNIT SCH', 9, 42),
(1731, 'MOTHERLAND KAGURIA JUNIOR ACADEMY PRY', 9, 41),
(1732, 'SANGO PRY SCH', 9, 41),
(1733, 'OLARE PRY SCH', 9, 43),
(1734, 'ST. TERRYCAM PRY SCH', 9, 41),
(1735, 'SANDA PRI SCH', 9, 44),
(1736, 'RODI KOPANY PRY', 9, 41),
(1737, 'NYAGWETHE JUNIOR PRI', 9, 40),
(1738, 'ASUMBI FRIENDS PRY SCH', 9, 41),
(1739, 'NYAKUNE PRY SCH', 9, 41),
(1740, 'WIKOTENG'' PRY SCH', 9, 41),
(1741, 'ABUORO PRY SCH', 9, 41),
(1742, 'ST BENARDS ACADEMY PRY RODI', 9, 41),
(1743, 'BISHOP LAWI ACADEMY PRY SCH', 9, 41),
(1744, 'MBEKA JUNIOR ACADEMY PRY SCH', 9, 41),
(1745, 'KOTORA PRY', 9, 41),
(1746, 'ST. FRANCIS ONG''ANGA PRY SCH', 9, 41),
(1747, 'KITHEREKA PRI', 9, 40),
(1748, 'AOCH MUGA PRY SCH', 9, 41),
(1749, 'NYABOLA PRY SCH', 9, 41),
(1750, 'KOGWANG'' PRY SCH', 9, 41),
(1751, 'KAROGO VICTORY ACA PRI SCH', 9, 42),
(1752, 'MUMBO PRI SCH', 9, 45),
(1753, 'BWANDA ACADEMY PRY SCH', 9, 41),
(1754, 'KAMUGA PRI SCH', 9, 42),
(1755, 'RANGWE QUALITY PRY SCH', 9, 41),
(1756, 'LASCO ACADEMY', 9, 42),
(1757, 'RONGO NYAGOWA SPECIAL UNIT', 9, 42),
(1758, 'PINELAKE ACA PRI SCH', 9, 42),
(1759, 'BABYSHINE PRI', 9, 40),
(1760, 'KAMWALA BLESSED ACADEMY PRI', 9, 42),
(1761, 'DUNGA PRY SCH', 9, 41),
(1762, 'RABUOR KAURA PRY', 9, 41),
(1763, 'JOY FRIENDS ACADEMY PRY', 9, 41),
(1764, 'ST. NORA''S MALELE JNR ACADEMY - PRI', 9, 42),
(1765, 'SARAH BEST ACADEMY', 9, 42),
(1766, 'NYALKEMBO PRI', 9, 40),
(1767, 'KISAKU CENTRAL ACADEMY', 9, 40),
(1768, 'MALELA PRY SCH', 9, 41),
(1769, 'NYAKIYA SPECIAL UNIT', 9, 40),
(1770, 'PALA ACA PRI SCH', 9, 42),
(1771, 'KENDU JNR ACA', 9, 42),
(1772, 'GENDIA ACA PRI SCH', 9, 42),
(1773, 'KALUGA PRI SCH', 9, 42),
(1774, 'KANYADHIANG'' SPECIAL UNIT', 9, 42),
(1775, 'WANYAMA SPECIAL UNIT', 9, 40),
(1776, 'OMUGA PRI SCH', 9, 42),
(1777, 'ADONGO PRY', 9, 41),
(1778, 'ONGORO CHRISTIAN PRI ACADEMY', 9, 42),
(1779, 'NYANGAJO PRI SCH', 9, 42),
(1780, 'OGANDE SPECIAL PRY SCH', 9, 41),
(1781, 'KOGEMBO PRI SCH', 9, 42),
(1782, 'KUOYO PRY SCH', 9, 41),
(1783, 'OMINDI PRI SCH', 9, 42),
(1784, 'ST JENIFFER ACADEMY PRY', 9, 41),
(1785, 'DANSAM PRI SCH', 9, 42),
(1786, 'OKIKI AMAYO PRI SCH SPECIAL UNIT', 9, 42),
(1787, 'FOREVER DAGO  PRI ACADEMY', 9, 42),
(1788, 'KISIAMBI PRI', 9, 40),
(1789, 'NYARABI PRI SCH', 9, 42),
(1790, 'KAWIYA PRY SCH', 9, 41),
(1791, 'OGUTA MBARE PRI', 9, 40),
(1792, 'OOGO PRI SCH', 9, 42),
(1793, 'OWITI AYOMA MEMORIAL ACADEMY - PRI', 9, 42),
(1794, 'GOODNEWS ACADEMY', 9, 40),
(1795, 'SOKO KOGIRA PRI SCH', 9, 42),
(1796, 'LADY ESTHER ACADEMY', 9, 40),
(1797, 'MAKRIAS CHRISTIAN SCHOOL', 9, 40),
(1798, 'HILL GATES ACADEMY', 9, 40),
(1799, 'ALARO PRI SCH', 9, 42),
(1800, 'TOTO BORA PRI SCH', 9, 42),
(1801, 'LAMBWE CHRISTIAN SCH FOR THE DEAF', 9, 40),
(1802, 'NEW MAUA ROYAL ACADEMY PRI', 9, 42),
(1803, 'HEARTSPRING ACADEMY PRY SCH', 9, 41),
(1804, 'PAPATON ACA PRI SCH', 9, 42),
(1805, 'SERE PRI SCH', 11, 49),
(1806, 'MUINJAFAM ACADEMY-PRI', 11, 49),
(1807, 'ILKILORIT PRI SCH', 11, 49),
(1808, 'OLMAROROI PRI SCH', 11, 49),
(1809, 'NEEMA ACADEMY PRI SCH', 11, 49),
(1810, 'GREENWOOD EXCEL SCH PRI', 11, 49),
(1811, 'ALPHA ACADEMY-PRI SCH', 11, 49),
(1812, 'MAINFLOW PREP SCH-PRI', 11, 49),
(1813, 'KING SOLOMONS ACADEMY-PRI', 11, 49),
(1814, 'OLDEPE PRI SCH', 11, 49),
(1815, 'UKOMBOZI ACADEMY-PRI', 11, 49),
(1816, 'OLOOLUA ACADEMY-PRI', 11, 49),
(1817, 'NGONG TOWNSHIP PRI SCH-SPECIAL UNIT', 11, 49),
(1818, 'WISDOMLINK ACADEMY-PRI', 11, 49),
(1819, 'PURKEI PREP SCH-PRI', 11, 49),
(1820, 'SILVERSPRINGS ACADEMY PRI', 11, 49),
(1821, 'ACK EMMANUEL EDUCATION CENTER-PRI', 11, 49),
(1822, 'NGONG HURUMA SCH-PRI', 11, 49),
(1823, 'HILLSTAR ACADEMY-PRI', 11, 49),
(1824, 'FAITH GREENVALLEY PRO SCH', 11, 49),
(1825, 'TESTIMONY HIL SCH-PRI', 11, 49),
(1826, 'JOEMA SCH-PRI', 11, 49),
(1827, 'ST JOAN PRI SCH', 11, 49),
(1828, 'UPPER MATASIA ACADEMY-PRI', 11, 49),
(1829, 'KAREN VIEW ACADEMY-PRI', 11, 49),
(1830, 'NAKEEL PRI SCH -SPECIAL UNIT', 11, 49),
(1831, 'ST CLINTON JUNIOR SCH-PRI', 11, 49),
(1832, 'SHALOM PRI SCH', 11, 49),
(1833, 'RAINBOW PRI SCH', 11, 49),
(1834, 'MOUNT HOREB EDUCATION CENTER-PRI', 11, 49),
(1835, 'VINEYARD ACADEMY-PRI', 11, 49),
(1836, 'ONGATA RIVERSIDE SCH-PRI', 11, 49),
(1837, 'UFANISI EDUCATION CENTER-PRI', 11, 49),
(1838, 'MAXON ACADEMY-PRI', 11, 49),
(1839, 'CARLYNE JUNIOR SCH-PRI', 11, 49),
(1840, 'KANDISI COMMUNITY PROJECT CENTER-PRI', 11, 49),
(1841, 'ONGATA RONGAI ADVENTIST ACADEMY-PRI', 11, 49),
(1842, 'THE PROMISE JUNIOR ACADEMY-PRI', 11, 49),
(1843, 'JANSIL JUNIOR SCH-PRI', 11, 49),
(1844, 'ST PETERS STARLIGHT ACADEMY-PRI', 11, 49),
(1845, 'ST BRIAN JUNIOR SCH-PRI', 11, 49),
(1846, 'KAG ACADEMY-PRI', 11, 49),
(1847, 'MAMATA JUNIOR ACADEMY-PRI', 11, 49),
(1848, 'THE AMINI SCH-PRI', 11, 49),
(1849, 'EXCELLENT ACHIEVERS ACADEMY-PRI', 11, 49),
(1850, 'JORAM G.M ACADEMY-PRI', 11, 49),
(1851, 'WOODGREEN PRI SCH', 11, 49),
(1852, 'SUCCESS PAGA PRI SCH', 11, 49),
(1853, 'SCHOLARS JUNIOR PRI', 11, 49),
(1854, 'LAISER HILL ACADEMY-PRI', 11, 49),
(1855, 'EBENEZER ACADEMY-PRI', 11, 49),
(1856, 'FAITH CHRISTIAN ACADEMY-PRI', 11, 49),
(1857, 'ALPHA SCH-PRI', 11, 49),
(1858, 'ST AGNES RONGAI ACADEMY', 11, 49),
(1859, 'SANJOSE ACADEMY-PRI', 11, 49),
(1860, 'JENNIX SCH COMPLEX-PRI', 11, 49),
(1861, 'STAR OF EXCELLENCE PRI SCH', 11, 49),
(1862, 'APEX PREP SCH-PRI', 11, 49),
(1863, 'FAITHLAND MUTA PRI SCH', 11, 49),
(1864, 'THE ONGATA SPRINGS ACADEMY-PRI', 11, 49),
(1865, 'RUNNERS JUNIOR ACADEMY-PRI', 11, 49),
(1866, 'THE PINNACLE SCH-PRI', 11, 49),
(1867, 'BETHANY JUNIOR ACADEMY-PRI', 11, 49),
(1868, 'RIDGE ACADEMY-PRI', 11, 49),
(1869, 'KEFJOY ACADEMY-PRI', 11, 49),
(1870, 'KATSO  SCHS-PRI', 11, 49),
(1871, 'MAXWELL ADVENTIST ACADEMY-PRI', 11, 49),
(1872, 'BROOKHILLS JUNIOR SCH PRI', 11, 49),
(1873, 'ACACIA PARK SCH-PRI', 11, 49),
(1874, 'TEDDY ACADEMY-PRI', 11, 49),
(1875, 'MAGADI ROAD SCH-PRI', 11, 49),
(1876, 'ST PETERS ACADEMY-PRI', 11, 49),
(1877, 'ST PAULS JUNIOR SCH-PRI', 11, 49),
(1878, 'NJUGI ACADEMY PRI', 11, 49),
(1879, 'VALLEYVIEW PRI SCH', 11, 49),
(1880, 'RIMPA ROAD ACADEMY-PRI', 11, 49),
(1881, 'ELITE ACADEMY-PRI', 11, 49),
(1882, 'ACK GOODSHEPHERD ACADEMY-PRI', 11, 49),
(1883, 'MELANIE JUNIOR ACADEMY-PRI', 11, 49),
(1884, 'REDSOIL SCH-PRI', 11, 49),
(1885, 'MILIMANI STAR JUNIOR SCH-PRI', 11, 49),
(1886, 'FAITH PREP SCH-PRI', 11, 49),
(1887, 'TOWNSHIP SCH PRI', 11, 49),
(1888, 'THE PRINCESCH PRI', 11, 49),
(1889, 'MAGADI ROAD PRI', 11, 49),
(1890, 'DISCIPLES JUNIOR SCH', 11, 49),
(1891, 'MUGIMA TRAINING & OUTREACH CENTER-PRI', 11, 49),
(1892, 'SAJOS ACADEMY PRI', 11, 49),
(1893, 'INDIGENOUS CHILDREN CENTER PRI', 11, 49),
(1894, 'OLOKERI PRI SCH', 11, 49),
(1895, 'ST JAMES DAM SCH-PRI', 11, 49),
(1896, 'OLTEYANI PRI SCH', 11, 49),
(1897, 'THE LITTLE SCHOLARS PRI SCH', 11, 49),
(1898, 'IMANI JUNIOR SCH-PRI', 11, 49),
(1899, 'ST MARYS PRI SCH', 11, 51),
(1900, 'ST. PATRICKS PRI SCH', 11, 49),
(1901, 'ENKARONI PRI SCH', 11, 50),
(1902, 'NAISULA SPRINGS SCH PRI', 11, 49),
(1903, 'ST LOUIS ACADEMY', 11, 49),
(1904, 'TANIA INTEGRATED SCH', 11, 49),
(1905, 'OLOOSEOS PRI SCH', 11, 49),
(1906, 'OLOOLTEPES PRI SCH', 11, 49),
(1907, 'ST JAMES ACADEMY-PRI', 11, 49),
(1908, 'CHRISTIANE PREPARATORY SCH', 11, 49),
(1909, 'JOYLAND PREP SCH', 11, 49),
(1910, 'ST PHILLIP JUNIOR ACADEMY PRI SCH', 11, 49),
(1911, 'PRECIOUS TREASURE ACADEMY- PRI SCH', 11, 49),
(1912, 'MERRY EDGE SPRINGS ACADEMY PRI', 11, 49),
(1913, 'NEW HOROZON PREPARATORY PRI', 11, 49),
(1914, 'NEEMA EDUCATION  CENTER PRY', 11, 49),
(1915, 'PE-ELIS EDUCATION CENTER PRI', 11, 49),
(1916, 'IDA STAR ACADEMY PRI', 11, 49),
(1917, 'KITENGELA SHALOM ACADEMY', 11, 49),
(1918, 'OLOSERIAN ACADEMY PRI SCH', 11, 49),
(1919, 'MUTHENYA JUNIOR ACADEMY-PRI', 11, 49),
(1920, 'MASAI PLAINSVIEW ACADEMY PRI SCH', 11, 49),
(1921, 'WEMA JUNIOR ACADEMY-PRI', 11, 49),
(1922, 'SUNNYSIDE ACADEMY', 11, 49),
(1923, 'OLDORKO PRI SCH', 11, 49),
(1924, 'SAROPA BELLS ACADEMY-PRI', 11, 49),
(1925, 'SPRINGFIELD PREP SCH PRI', 11, 49),
(1926, 'SUCCESS ACADEMY-PRI', 11, 49),
(1927, 'EFA ACADEMY PRI', 11, 49),
(1928, 'LYNKERS ACADEMY', 11, 49),
(1929, 'OUR LADY QUEEN OF MERCY', 11, 49),
(1930, 'ST LINAS ACADEMY- PRI', 11, 49),
(1931, 'WAMUKOY AACADEMY- PRI', 11, 49),
(1932, 'SARGULL EDUCATIONAL CENTRE PRI', 11, 49),
(1933, 'KAUTI ACADEMY-PRI', 11, 49),
(1934, 'SHINING STARS ACADEMY PRI', 11, 49),
(1935, 'KITENGELA EBENEZER ACADEMY PRI', 11, 49),
(1936, 'OSILIGI ACADEMY PRI SCH', 11, 49),
(1937, 'OLEKIMUNKE PRI SCH', 11, 49),
(1938, 'LESHUTA PRI SCH', 11, 49),
(1939, 'OLOIRIEN PRI SCH', 11, 49),
(1940, 'EMBARBAL PRI SCH', 11, 49),
(1941, 'ST BENARD PRI SCH', 11, 49),
(1942, 'MOCEDET  SCH', 11, 49),
(1943, 'SINTATO PRI SCH', 11, 49),
(1944, 'ESONORUA PRI SCH', 11, 49),
(1945, 'OLE NKOTILA PRI SCH', 11, 49),
(1946, 'OLOONKURMAN PRI SCH', 11, 49),
(1947, 'OLOIBOR-SOIT PRI SCH', 11, 49),
(1948, 'KIRKURIA PRI', 11, 49),
(1949, 'MUSENKE PRI SCH', 11, 49),
(1950, 'OLDORKO PRI SCH', 11, 49),
(1951, 'KIKAYAYA PRI SCH', 11, 49),
(1952, 'OUR LADYOF MOUNT CARMEL PRI SCH', 11, 49),
(1953, 'SAINA PRI SCH', 11, 49),
(1954, 'GRANDA PRI SCH', 11, 49),
(1955, 'KOORA PRI SCH', 11, 49),
(1956, 'ACK EMMANUEL ACADEMY PRI SCH', 11, 49),
(1957, 'KAJIADO ADVENTIST EDUCATIONA & REHAB CENTER PRI', 11, 49),
(1958, 'LITTLE ANGELS PRI SCH', 11, 49),
(1959, 'OLOIBOR AJIJIK PRI SCH', 11, 49),
(1960, 'OLCHEKUT SUPAT ACADEMY', 11, 49),
(1961, 'ILTARETO PRI SCH', 11, 49),
(1962, 'INKUSERON PRI SCH', 11, 49),
(1963, 'KOMIYA PRI SCH', 11, 49),
(1964, 'NALEPO PRI SCH', 11, 49),
(1965, 'MAGADI JUNIOR PRI SCH', 11, 49),
(1966, 'PARSINTI PRI SCH', 11, 49),
(1967, 'IMARORO PRI SCH', 11, 49),
(1968, 'KILOH PRI SCH', 11, 49),
(1969, 'ILKIREMISHO PRI SCH', 11, 49),
(1970, 'LESOIT PRI SCH', 11, 49),
(1971, 'ENKASURAI PRI SCH', 11, 49),
(1972, 'MURANTAWUA PRI SCH', 11, 49),
(1973, 'KISHARU PRI SCH', 11, 49),
(1974, 'ILMOLELIAN PRI SCH', 11, 49),
(1975, 'MALILIMA PRI SCH', 11, 49),
(1976, 'ENDIKIR PRI SCH', 11, 49),
(1977, 'SINGOI PRI SCH', 11, 49),
(1978, 'PAKASE PRI SCH', 11, 49),
(1979, 'ENDOINYIO ENKAMPI PRI', 11, 49),
(1980, 'SANARE PRI SCH', 11, 49),
(1981, 'OLOOSIYAMALIL PRI SCH', 11, 49),
(1982, 'ILKIDEMI PRI SCH', 11, 49),
(1983, 'OLTEPESI PRI SCH', 11, 49),
(1984, 'ILPARRUA PRI SCH', 11, 49),
(1985, 'ISIAIT PRI SCH', 11, 49),
(1986, 'ILBISSIL PRI SPECIAL UNIT', 11, 49),
(1987, 'ST NORAH ACADEMY', 11, 49),
(1988, 'CROWN OF HOPE COMPLEX PRI SCH', 11, 49),
(1989, 'NOONG''ABOLO PRI SCH', 11, 49),
(1990, 'OITII PRI SCH', 11, 49),
(1991, 'OLTEPESI PRI SCH', 11, 49),
(1992, 'OLTINKA PRI SCH', 11, 49),
(1993, 'EMURKEYA PRI SCH', 11, 49),
(1994, 'ESOIT SAMPU PRI SCH', 11, 49),
(1995, 'ENDOINYO OLASHO PRI SCH', 11, 49),
(1996, 'ENDOINYIO ENKER PRI SCH', 11, 49),
(1997, 'NOOMPALA PRI SCH', 11, 49),
(1998, 'KIMANA CENTRAL ACADEMY', 11, 49),
(1999, 'KIMANA FPFK ACADEMY', 11, 49),
(2000, 'EMASHINI PRI SCH', 11, 49),
(2001, 'OLOIKA PRI', 11, 49),
(2002, 'ESEKI PRI', 11, 49),
(2003, 'MEIDANYI PRI SCH', 11, 49),
(2004, 'ILTULETA PRI SCH', 11, 49),
(2005, 'MOPIA PRI', 11, 49),
(2006, 'KIPAKOT PRI SCH', 11, 49),
(2007, 'ENKERESUNA PRI', 11, 49),
(2008, 'NAROMORU ACADEMY PRI SCH', 11, 49),
(2009, 'IMPOORRI PRI', 11, 49),
(2010, 'MAISIKIRIA PRI SCH', 11, 49),
(2011, 'JOY GEOMAR ACADEMY PRI', 11, 49),
(2012, 'KIBO ACADEMY PRI SCH', 11, 49),
(2013, 'ESARUNOTO PRI SCH', 11, 49),
(2014, 'NAIRRABARA PRI', 11, 49),
(2015, 'PURPLE ROSE JUNIOR SCH', 11, 49),
(2016, 'GREAT ANGELS PRI SCH', 11, 49),
(2017, 'EMOTOROKI PRI', 11, 49),
(2018, 'OLOMAYIANA PRI', 11, 49),
(2019, 'LEBOO PRI', 11, 49),
(2020, 'OLKATETEMAI PRI SCH', 11, 49),
(2021, 'KUNCHU PRI SCH', 11, 49),
(2022, 'BROADBASE ACAD PRI', 11, 49),
(2023, 'IMBUKO PRI SCH', 11, 49),
(2024, 'LUMBWA PRI SCH', 11, 49),
(2025, 'LOOLAKER PRI SCH', 11, 49),
(2026, 'OLOILALEI PRI SCH', 11, 49),
(2027, 'OLKERI PRI SCH', 11, 50),
(2028, 'ELUANATA PRI', 11, 49),
(2029, 'INKOISUK PRI SCH', 11, 49),
(2030, 'INKATI PRI', 11, 49),
(2031, 'OLMANIE PRI SCH', 11, 49),
(2032, 'AIC SAMARIAN MISSION ACADEMY', 11, 49),
(2033, 'INAARO LUKUNY PRI', 11, 49),
(2034, 'ST JUDE THADDEUS PRI SCH', 11, 49),
(2035, 'ROCKYN HILLS ACAD PRI SCH', 11, 49),
(2036, 'NAMANGA SPECIAL  UNIT SCH PRI', 11, 49),
(2037, 'NAMANGA ISLAMIC CENTRE PRI SCH', 11, 49),
(2038, 'OSOTUA ACADEMY PRI SCH', 11, 49),
(2039, 'NAORR-ENKARE PRI SCH', 11, 49),
(2040, 'RISA PRI SCH', 11, 49),
(2041, 'OLBILI PRI SCH', 11, 49),
(2042, 'ILCHALAI PRI SCH', 11, 49),
(2043, 'OSOIT PRI SCH', 11, 49),
(2044, 'ENKONGU NAROK PRI SCH', 11, 49),
(2045, 'ESITETI PRI SCH', 11, 49),
(2046, 'JOY  JUNIOR ACADEMY PRI', 11, 49),
(2047, 'NASIPAI PRI SCH', 11, 49),
(2048, 'ELERAI PRI SCH', 11, 49),
(2049, 'LITTLE ANGELS PRI SCH', 11, 52),
(2050, 'OLNG''ARUA PRI SCH', 11, 49),
(2051, 'EWANGAN ACADEMY-PRI', 11, 49),
(2052, 'SIMBA ACADEMY AND PREP SCH', 11, 49),
(2053, 'EVERTONE SCH-HAJJI RAMATHAN-PRI', 11, 49),
(2054, 'PCEA AMANI SCH-PRI', 11, 49),
(2055, 'BARAKA JOY EDUCATIONN CENTER PRI', 11, 49),
(2056, 'TENDERCARE JUNIOR SCH', 11, 49),
(2057, 'MIDHILL PREP SCH-PRI', 11, 49),
(2058, 'SHALOM ACADEMY-PRI', 11, 49),
(2059, 'MANYIKA PRI', 12, 53),
(2060, 'MWAMBA SPECIAL UNIT', 12, 54),
(2061, 'SUNRISE VALLEY ACADEMY PRI', 12, 54),
(2062, 'SHIDODO PRI SCH', 12, 55),
(2063, 'ST GABRIEL ACADEMY-PRI', 12, 54),
(2064, 'LUMINO SPECIAL UNIT', 12, 54),
(2065, 'FAVO ORPHANAGE ACADEMY', 12, 54),
(2066, 'SHIRANDALO PRI', 12, 55),
(2067, 'MILIMANI JUNIOR ACADEMY PRI', 12, 55),
(2068, 'APPLE GATE  PRY SCH', 12, 55),
(2069, 'CHEBUYUSI MUSLIM PRY SCH', 12, 55),
(2070, 'CHESERO SPECIAL SCH', 12, 55),
(2071, 'ST. GABRIEL EMUHUNI SPECIAL', 12, 55),
(2072, 'MANNA ACADEMY PRI', 12, 53),
(2073, 'SAWAWA SPECIAL SCH', 12, 55),
(2074, 'EMAHENE PRI', 12, 53),
(2075, 'SHALOM JUNIOUR ACA. PRY', 12, 55),
(2076, 'MONTEZUMA JUNIOR PRY', 12, 55),
(2077, 'ST. MARK''S JUNIOR PRI SCH', 12, 55),
(2078, 'RIVER TERRACE ACADEMY  PRY SCH', 12, 55),
(2079, 'NAMIRAMA ARISE AND SHINE PRY', 12, 55),
(2080, 'MWIKHOMO SPECIAL UNIT', 12, 55),
(2081, 'BR. RICHARD DAVIDSON PRI SCH', 12, 55),
(2082, 'SHIVEYE SPECIAL SCH', 12, 55),
(2083, 'KIMANG''ETI SDA PRI SCH', 12, 55),
(2084, 'PCEA SOY TOWNSHIP ACADEMY PRI SCH', 12, 57),
(2085, 'BARAKA COMPREHENSIVE PRY SCH', 12, 55),
(2086, 'VALLEY VIEW ACADEMY PRY SCH', 12, 55),
(2087, 'SISOKHE SPECIAL UNIT', 12, 55),
(2088, 'KAKAMEGA REHAB SCH', 12, 55),
(2089, 'DAISY RESOURCE CENTRE PRY SCH', 12, 55),
(2090, 'EREGI MIXED SPECIAL', 12, 55),
(2091, 'MAUTUMA ACADEMY', 12, 54),
(2092, 'IVOLE FRIENDS PRI SCH', 12, 55),
(2093, 'MORNING GLORY PRI', 12, 53),
(2094, 'SAVALA SPECIAL UNIT', 12, 54),
(2095, 'SHAMTA ACADEMY PRY SCH', 12, 55),
(2096, 'MWIREMBE PRI SCH.', 12, 53),
(2097, 'ST MAGDELINE PRI', 12, 53),
(2098, 'AHAMADIYYA MUSLIM PRI', 12, 53),
(2099, 'ST MARTINS LUYEKHE PRI', 12, 54),
(2100, 'LWANASA PRY SCH', 12, 55),
(2101, 'SIYOMBE SPECIAL SCH', 12, 55),
(2102, 'BUYUNDI PRI', 12, 53),
(2103, 'SUNRISE PRI', 12, 55),
(2104, 'SHIKOKHWE PRY', 12, 55),
(2105, 'PRECIUOS ACADEMY PRY SCH', 12, 55),
(2106, 'GLORIOUS LIFE PRI', 12, 53),
(2107, 'KAKAMEGA SCH FOR THE DEAF', 12, 55),
(2108, 'ST SARAH ACADEMY', 12, 54),
(2109, 'BRIGHTLIGHT ECADEMY PRI SCH', 12, 55),
(2110, 'SUNRISE PRI SCH', 12, 55),
(2111, 'STEADFAST PRI', 12, 53),
(2112, 'ST GEORGE''S MUSHIANGUBU PRI', 12, 53),
(2113, 'MALEKHA PREPARATORY ACADEMY PRI SCH', 12, 55),
(2114, 'SAMITSI SPECIAL SCH', 12, 55),
(2115, 'CHEKAYA PEFA PRY SCH', 12, 55),
(2116, 'SHINYIKHA PRY', 12, 55),
(2117, 'HARVEST LAND PRY SCH', 12, 55),
(2118, 'BLESSED HOPE ACADEMY PRY SCH', 12, 55),
(2119, 'ST LENVINE ACADEMY PRI', 12, 57),
(2120, 'MATUNDA COMPLEX ACADEMY', 12, 54),
(2121, 'EMUSALA SPECIAL SCH', 12, 55),
(2122, 'LUNYINYA PRY', 12, 55),
(2123, 'GOLDEN TOTS PREPARATORY', 12, 54),
(2124, 'ST. KIZITO PRI SCH', 12, 55),
(2125, 'TUMAINI ACADEMY PRY SCH', 12, 55),
(2126, 'MSAMARIA PRI', 12, 54),
(2127, 'IVUGWI  BAPTIST ORPHANAGE PRI', 12, 54),
(2128, 'MUKUYU SPECIAL UNIT', 12, 54),
(2129, 'HAPPY ANGELS PRI', 12, 53),
(2130, 'MULECHE PRI SCH', 12, 55),
(2131, 'SANGO SPECIAL UNIT', 12, 54),
(2132, 'MUNGORE PRI', 12, 58),
(2133, 'LUMINO NON FORMAL PRI', 12, 53),
(2134, 'SHARRY JUNIOR PRI', 12, 53),
(2135, 'INDAGANA ACADEMY', 12, 54),
(2136, 'PRECIOUS ANGELS PRI', 12, 54),
(2137, 'REHEMA PRI', 12, 53),
(2138, 'LUMANI TOWNSHIP PRI', 12, 54),
(2139, 'SHIHULI S.U', 12, 55),
(2140, 'REHOBOTH PREP PRY SCH', 12, 55),
(2141, 'GODSWILL ACADEMY PRY SCH', 12, 55),
(2142, 'MUTOTO PRI SCH', 12, 55),
(2143, 'MUNANGA PRI', 12, 55),
(2144, 'MOISBRIDGE SPECIAL UNIT', 12, 54),
(2145, 'MASABA SPECIAL UNIT', 12, 53),
(2146, 'MALUNA PRY', 12, 55),
(2147, 'BISUNI SPECIAL UNIT', 12, 55),
(2148, 'HESHIMA BEAMS ACADEMY', 12, 54),
(2149, 'JOYLAND ACA PRY', 12, 55),
(2150, 'MILIMANI SPECIAL UNIT', 12, 54),
(2151, 'SAMULI FAM PRY', 12, 55),
(2152, 'BRIDGEWAYS ACADEMY', 12, 54),
(2153, 'KAKUNGA  PRI SPECIAL UNIT', 12, 55),
(2154, 'SHILOH ACADEMY PRI', 12, 53),
(2155, 'BRENARDSS ACADEMY PRI', 12, 54),
(2156, 'CHEPUSAI SPECIAL UNIT', 12, 54),
(2157, 'PHILMA ACADEMY', 12, 54),
(2158, 'BROTHERHOOD ACA. PRY', 12, 55),
(2159, 'VICTORIA ACADEMY', 12, 54),
(2160, 'ANNOINTED JUNIOR PRI', 12, 53),
(2161, 'ST. JOSEPH ROMAN PRY', 12, 55),
(2162, 'ST. MARY IMMACULATE PRY', 12, 55),
(2163, 'BUTERE PRI SPECIAL UNIT', 12, 53),
(2164, 'CHIMOI MHM SPECIAL UNIT', 12, 54),
(2165, 'DESIRE PRI', 12, 53),
(2166, 'IMANI PRI SCH', 12, 55),
(2167, 'MELONISSI JUNIOR PRI', 12, 53),
(2168, 'MUMIAS JUNIOR PRI', 12, 53),
(2169, 'STAR RAYS EDUCATION CENTRE', 12, 54),
(2170, 'LWANDETI SPECIAL UNIT', 12, 54),
(2171, 'BAPTIST ACADEMY MUNASIO PRI SCH', 12, 55),
(2172, 'TREASURE ACADEMY PRI', 12, 54),
(2173, 'SHIANDICHE SPECIAL UNIT', 12, 55),
(2174, 'NJIWANI PRI', 12, 57),
(2175, 'BARAKA ACADEMY PRI SCH', 12, 59),
(2176, 'ST MARY''S MUTENYO SPECIAL UNIT', 12, 54),
(2177, 'UNIVERSAL ACADEMY', 12, 54),
(2178, 'LWANDETI TOWNSHIP PRI', 12, 54),
(2179, 'MATURU SPECIAL UNIT', 12, 54),
(2180, 'AGATHE ACADEMY', 12, 54),
(2181, 'SHIKHOMBELO SPECIAL UNIT', 12, 55),
(2182, 'SIPANDE SPECIAL UNIT', 12, 54),
(2183, 'KIPKAREN VISION JUNIOR ACADEMY PRI', 12, 54),
(2184, 'LUKHOKHO SPECIAL UNIT', 12, 54),
(2185, 'BEST CARE PRI', 12, 53),
(2186, 'CHEKALINI SPECIAL UNIT', 12, 54),
(2187, 'MUSEMBE SPECIAL UNIT', 12, 54),
(2188, 'NANGILI SPECIAL UNIT', 12, 54),
(2189, 'CHRISTIAN RESOURCE CENTRE PRI', 12, 54),
(2190, 'PANACA ACADEMY', 12, 54),
(2191, 'SET LIGHT PRI', 12, 54),
(2192, 'ESHIRUMBA PRY SCH', 12, 55),
(2193, 'ST KIZITO SPECIAL UNIT', 12, 54),
(2194, 'MARUKUSI SPECIAL UNIT', 12, 54),
(2195, 'KOROMAITI SPECIAL UNIT', 12, 54),
(2196, 'LITTLE STARS JUNIOR ACADEMY', 12, 54),
(2197, 'EVONA PRI SCH', 12, 55),
(2198, 'ST PETERS HILL SHALOM ACADEMY', 12, 54),
(2199, 'ST. GONZANGA PRI SCH', 12, 55),
(2200, 'JOOP AND CECILE PRI', 12, 54),
(2201, 'MUKHONJE ILEHO PRI SCH', 12, 55),
(2202, 'BUKURA EDUCATIONAL CENTRE PRY SCH', 12, 55),
(2203, 'SHEPHERED PREPARATORY ACADEMY', 12, 54),
(2204, 'LUMAKANDA TOWNSHIP SPECIAL UNIT', 12, 54),
(2205, 'SAVANA ACADEMY PRI SCH', 12, 55),
(2206, 'ST COLUMBAN''S SPECIAL UNIT', 12, 57),
(2207, 'BARAKA ACADEMY PRI SCH', 12, 55),
(2208, 'CHETAMBE SPECIAL UNIT', 12, 54),
(2209, 'KING DAVID ACADEMY PRY SCH', 12, 55),
(2210, 'KILIMANI SPECIAL UNIT', 12, 54),
(2211, 'BUKHULUNYA SPECIAL  SCH', 12, 55),
(2212, 'ST MARGARET''S PRI', 12, 53),
(2213, 'KAKAMEGA TOWNSHIPSPECIAL UNIT  SCH', 12, 55),
(2214, 'RUSH ACADEMY PRY SCH', 12, 55),
(2215, 'ALBERTOS DIVINE PROVIDENCE PRY SCH', 12, 55),
(2216, 'KAKAMEGA ELITE PRY SCH', 12, 55),
(2217, 'LIKUYANI SPECIAL UNIT', 12, 54),
(2218, 'OSIMBO PRY SCH', 12, 55),
(2219, 'IMANGA MIRACLE PRI', 12, 53),
(2220, 'KAKAMEGA INTERNATIONAL  SCHOOL', 12, 55),
(2221, 'WEMA ACADEMY', 12, 55),
(2222, 'MUSOLI SPECIAL SCH', 12, 55),
(2223, 'MAJENGO SPECIAL UNIT', 12, 54),
(2224, 'TOP MARK ACADEMY', 12, 54),
(2225, 'MBAYA SPECIAL UNIT', 12, 54),
(2226, 'FESBETH PRI', 12, 55),
(2227, 'LIFE SPRINGS ACADEMY PRY SCH', 12, 55),
(2228, 'HILL LIGHT DAY CARE PRI', 12, 53),
(2229, 'MATUNGU SPECIAL UNIT PRI', 12, 53),
(2230, 'MIDWESTERN ACADEMY MAIN', 12, 56),
(2231, 'KATI PRY SCH', 12, 55),
(2232, 'KINGS AND QUEENS PRI', 12, 54),
(2233, 'ALBRIGHT ACADEMY PRI', 12, 53),
(2234, 'WANAZALALA PRI SCH', 12, 55),
(2235, 'FIELD OF LIFE EDUCATION CENTRE PRI', 12, 53),
(2236, 'MAUTUMA CHRISTIAN BROTHERHOOD PRI', 12, 54),
(2237, 'LUKUME SPECIAL', 12, 55),
(2238, 'LIVINGSTONE PRI SCH', 12, 55),
(2239, 'INGWE SPECIAL UNIT', 12, 55),
(2240, 'LUMAMA SPECIAL UNIT', 12, 54),
(2241, 'IBINZO SPECIAL UNIT SCH', 12, 55),
(2242, 'REMEDY PRI', 12, 53),
(2243, 'MUFUTU SPECIAL UNIT', 12, 54),
(2244, 'ST BASIL''S ACADEMY PRI', 12, 54),
(2245, 'LUGARI SPECIAL UNIT', 12, 54),
(2246, 'KAKAMEGA SPECIAL UNIT SCH', 12, 55),
(2247, 'MUKHURU PRY', 12, 55),
(2248, 'BULIKHU PRI SCH', 12, 55),
(2249, 'ST. OUTREACH PRI SCH', 12, 55),
(2250, 'EDEMS JUNIOR SCH PRI', 13, 60),
(2251, 'ACK HOLY TRINTY ACADEMY-SOSIOT PRI', 13, 60),
(2252, 'FIG TREE NYAKACHO ACADEMY - PRI', 13, 60),
(2253, 'KAPKITONY PRIMARY', 13, 61),
(2254, 'A.I.C EMMAUS SCHOOL PRI', 13, 61),
(2255, 'JOY SHINERS ACADEMY PRI SCH', 13, 60),
(2256, 'CHEPTAGUM PRIMARY SCHOOL', 13, 61),
(2257, 'MALAGET PRI SCH', 13, 60),
(2258, 'MALULUK ACADEMY - PRI', 13, 60),
(2259, 'CHEMOIYWA PRIMARY SCHOOL', 13, 61),
(2260, 'AMAZING GRACE JUNIOR PRI SCH', 13, 60),
(2261, 'EZER ACADEMY PRI', 13, 60),
(2262, 'LASOI JUNIOR ACADEMY PRI', 13, 60),
(2263, 'BRIGHT FUTURE SCH - PRI', 13, 60),
(2264, 'TEGAT MAINA ACADEMY PRI', 13, 60),
(2265, 'SIONGOK ACADEMY - PRI SCH', 13, 60),
(2266, 'TURMO ACADEMY PRI', 13, 60),
(2267, 'SONDU TOWNSHIP ACADEMY', 13, 60),
(2268, 'ST. PAUL''S ACK ACADEMY - PRI', 13, 60),
(2269, 'BONNDENI ACADEMY PRI SCH', 13, 60),
(2270, 'KIPTORORGO PRIMARY SCHOOL', 13, 61),
(2271, 'A.I.C GRACELAND ACADEMY', 13, 61),
(2272, 'TOGOM ACADEMY', 13, 61),
(2273, 'AIC KUSUMEK ACADEMY', 13, 61),
(2274, 'ST STEPHENS ACADEMY PRI', 13, 61),
(2275, 'HAPPY CHURCH PRI', 13, 60),
(2276, 'GREENWOODS ACADEMY - PRI', 13, 60),
(2277, 'LONDIANI ELITE PRI SCH', 13, 60),
(2278, 'SEGUTON PRI SCH', 13, 60),
(2279, 'REHEMA PRIMARY', 13, 61),
(2280, 'TERER ACADEMY - PRI', 13, 60),
(2281, 'CHEMOSIT PEFA ACADEMY', 13, 61),
(2282, 'KIPKERIENY PRIMARY', 13, 61),
(2283, 'CHEBAREMA PRIMARY SCHOOL', 13, 61),
(2284, 'OASIS ACADEMY PRI SCH', 13, 60),
(2285, 'KESAGETIET PRI SCH', 13, 60),
(2286, 'JAGOROR AIC ACADEMY PRI SCH', 13, 60),
(2287, 'KIPSOTET PRI SCH', 13, 60),
(2288, 'CHAMAMANYIK PRIMARY SCHOOL', 13, 61),
(2289, 'AMAZING GRACE ACADEMY PRI', 13, 60),
(2290, 'KIPSIGI PRI SCH', 13, 60),
(2291, 'LITEIN EAST PRI', 13, 61),
(2292, 'CHEBEWOR JUNIOR ACADEMY', 13, 60),
(2293, 'RORET ADVENTIST ACADEMY PRI', 13, 61),
(2294, 'LABOSO VISION ACADEMY PRI SCH', 13, 60),
(2295, 'KIMALEL ACADEMY PRI SCH', 13, 60),
(2296, 'KEDOWA SPECIAL SCHOOL FOR THE DEAF - PRI', 13, 60),
(2297, 'ST.JOSEPHS PREPARATORY PRI SCH', 13, 60),
(2298, 'MARIFA  ACADEMY - PRI', 13, 60),
(2299, 'ST.TERESA ACADEMY PRI', 13, 60),
(2300, 'KIPKELION SPECIAL SCH', 13, 60),
(2301, 'KAPTEMBWA PRI SCH', 13, 60),
(2302, 'SIMOTWO PRI SCH', 13, 60),
(2303, 'KONGASIS EDUCATION CENTRE PRI', 13, 60),
(2304, 'OWEN K ACA', 13, 60),
(2305, 'NYALILBUCH PRI SCH', 13, 60),
(2306, 'MWANZO EDUCATION CENTRE PRI', 13, 60),
(2307, 'MEREONK PRI SCH', 13, 60),
(2308, 'PRECIOUS ACADEMY PRI NUR', 13, 60),
(2309, 'CHEPSEON COMPLEX PRI SCH', 13, 60),
(2310, 'NEW RIVA ROAD ACADEMY PRI', 13, 61),
(2311, 'KABORE PRI SCH', 13, 60),
(2312, 'TOWERHILL SENETWET PREPARATORY', 13, 60),
(2313, 'OLBO - TOOS ACADEMY ANNEX PRI', 13, 60),
(2314, 'YOUNG SCHOLAR''S ACADEMY PRI', 13, 60),
(2315, 'CHEPSEON KETA ACADEMY - PRI', 13, 60),
(2316, 'KAPNANIWET', 13, 61),
(2317, 'NGARIYET PRI SCH', 13, 60),
(2318, 'KIPKEREMWO PRI SCH', 13, 60),
(2319, 'CHEPLEL PRI SCH', 13, 60),
(2320, 'KIPKOCHOR JUNIOR ACADEMY - PRI', 13, 60),
(2321, 'KABOLOIN SMALL HOME SPECIAL SCH', 13, 60),
(2322, 'DANESTHER ACADEMY PRI', 13, 61),
(2323, 'MURERET PRI SCH', 13, 60),
(2324, 'KAPLEMEIWET PRI SCH', 13, 60),
(2325, 'SERSERI PRI SCH', 13, 60),
(2326, 'CLITOP PRI SCH', 13, 60),
(2327, 'GENESIS ACADEMY - PRI', 13, 60),
(2328, 'KAPTICH CHEPSIR ACADEMY', 13, 60),
(2329, 'TOPEN SOY ACA', 13, 60),
(2330, 'KITOL ACADEMY PRI', 13, 60),
(2331, 'PAURECCA ACADEMY PRI', 13, 61),
(2332, 'EBENEZER KIPSIGIS ACADEMY PRI', 13, 60),
(2333, 'KAPKIAM SUNRISE ACADEMY PRI SCH', 13, 60),
(2334, 'AINAMOI ACADEMY PRI SCH', 13, 60),
(2335, 'BETHEL ACADEMY MASO PRI SCH', 13, 60),
(2336, 'SOMBICHO PRI SCH', 13, 60),
(2337, 'SAMOE JUNIOR ACADEMY PRI', 13, 60),
(2338, 'NGENBARE PRI SCH', 13, 60),
(2339, 'TABO HILL ACADEMY PRI', 13, 60),
(2340, 'RIVERSIDE ACADEMY - PRI', 13, 60),
(2341, 'BEYLIN ACADEMY - PRI', 13, 60),
(2342, 'NISSI JUNIOR ACADEMY PRI', 13, 60),
(2343, 'CHEBUTOR ACADEMY PRI SCH', 13, 60),
(2344, 'QUARRY CHRISTIAN ACADEMY PRI SCH', 13, 60),
(2345, 'JULINE COMMUNITY SCH - PRI', 13, 60),
(2346, 'KABOSWA PRI SCH', 13, 60),
(2347, 'ABRAHAM''S AIC TELANET PRI SCH', 13, 60),
(2348, 'SAMBU ACADEMY PRI', 13, 60),
(2349, 'PROGRESSIVE ACADEMY PRI SCH', 13, 60),
(2350, 'AIC BETHLEHEM ACADEMY', 13, 61),
(2351, 'CHEPKULGONG PRIMARY', 13, 61),
(2352, 'AGAPE JUNIOR SCH PRI', 13, 60),
(2353, 'MOBEGO PRI SCH', 13, 60),
(2354, 'VICTORY ACADEMY PRI SCH', 13, 60),
(2355, 'SAMBON ACADEMY', 13, 61),
(2356, 'JOY SHINERS ACADEMY - PRI', 13, 60),
(2357, 'ST. FRANCIS OF ASISSI KABIANGA ACADEMY', 13, 60),
(2358, 'KAZANA ACADEMY PRI SCH', 13, 60),
(2359, 'ADONAI CHRISTIAN SCH - PRI', 13, 60),
(2360, 'SHEDEL ACADEMY PRI SCH', 13, 60),
(2361, 'KIWANDA ACADEMY', 13, 61),
(2362, 'SPRING VALLEY ACADEMY PRI SCH', 13, 60),
(2363, 'KERICHO REHABILITATION SCH', 13, 60),
(2364, 'UMOJA SERONEI ACADEMY PRI', 13, 60),
(2365, 'FPFK KOIYAT ACADEMY - PRI', 13, 60),
(2366, 'KIMASAT PRI SCH', 13, 60),
(2367, 'JENILA PRI SCH', 13, 60),
(2368, 'KAPSIYA ACADEMY - PRI', 13, 60),
(2369, 'KAPORIA PRIMARY', 13, 61),
(2370, 'CHEBOSERON MORONG''ETI ACADEMY PRI', 13, 60),
(2371, 'TEAVIEW SCHOOL - PRI', 13, 60),
(2372, 'KOMOLOK JOY ACADEMY', 13, 61),
(2373, 'EDMA ACADEMY PRI', 13, 61),
(2374, 'MARANATHA FAITH ACADEMY PRI', 13, 60),
(2375, 'TUMOIYUT PRI SCH', 13, 60),
(2376, 'VICTORS ACADEMY PRI SCH', 13, 60),
(2377, 'TEALAND PREP SCH', 13, 60),
(2378, 'KIARIE ACADEMY', 14, 63),
(2379, 'GRACE ACADEMY PRI', 14, 64),
(2380, 'ST.VERONICA I.L.C', 14, 65),
(2381, 'EMMANUEL JUNIOR ACADEMY PRIMARY', 14, 65),
(2382, 'SILVERBECK ACADEMY', 14, 65),
(2383, 'SUMMIT VINE ACADEMY PRIMARY', 14, 65),
(2384, 'GREEN LANE ACADEMY PRIMARY', 14, 65),
(2385, 'THE BRILLIANT PRIMARY SCHOOL', 14, 65),
(2386, 'THIRIME SPECIAL UNIT', 14, 65),
(2387, 'LUSIGITTI SPECIAL UNIT', 14, 65),
(2388, 'GICHARANI SPECIAL UNIT', 14, 65),
(2389, 'JUDA & JOY PRIMARY SCH', 14, 65),
(2390, 'FR. CALVIN CAREY EDUCATION CENTRE PRIMARY', 14, 65),
(2391, 'PCEA RUTHIGITI PRIMARY', 14, 65),
(2392, 'GOOD SHEPHERD PRIMARY', 14, 65),
(2393, 'ST EDWARDS PRIMARY SCHOOL', 14, 65),
(2394, 'GREAT VISION ACADEMY PRIMARY', 14, 65),
(2395, 'DAGORETTI GIRLS REHABILITATION SCH.', 14, 65),
(2396, 'ALSAN JUNIOR ACADEMY PRIMARY', 14, 65),
(2397, 'CEDAR GROVE JUNIOR ACADEMY - PRI', 14, 65),
(2398, 'CEDAR GROOVE  LOWER PRIMARY', 14, 65),
(2399, 'ALMONDLAND SCH. PRI', 14, 69),
(2400, 'STELLY PRIMARY', 14, 65),
(2401, 'ST EDGAR PRI SCH', 14, 65),
(2402, 'UTHIRU SPECIAL UNIT', 14, 65),
(2403, 'FIRST BORN CHRISTIAN CENTRE LOWER PRIMARY', 14, 65),
(2404, 'GOOD FOUNDATION ACADEMY PRI', 14, 65),
(2405, 'KAGA ACADEMY PRIMARY', 14, 65),
(2406, 'JEDDY VISION PRI', 14, 65),
(2407, 'GREEN GARDEN  PRIMARY', 14, 65),
(2408, 'SUENI JUNIOR ACEDEMY PRIMARY', 14, 65),
(2409, 'GREAT VISION PRIMARY', 14, 65),
(2410, 'LANES JUNIOR ACADEMY PRI SCH', 14, 63),
(2411, 'AIC KAMANGU PRIMARY', 14, 65),
(2412, 'ONDIRI JUNIOR ACADEMY PRIMARY', 14, 65),
(2413, 'ENYA JUNIOR PRIMARY', 14, 65),
(2414, 'MOTHER''S LOVE PRIMARY', 14, 65),
(2415, 'KABETE KINGS ACADEMY PRIMARY', 14, 65),
(2416, 'GATHIRU PRIMARY', 14, 65),
(2417, 'VANTAGE PRIMARY SCHOOL', 14, 65),
(2418, 'STEVELAND ACADEMY PRIMARY', 14, 65),
(2419, 'VICTORY ACADEMY PRIMARY', 14, 65),
(2420, 'NICHE ACADEMY PRIMARY', 14, 65),
(2421, 'SPRINGS JNR ACADEMY', 14, 65),
(2422, 'BRIGHT VISION ACADEMY', 14, 65),
(2423, 'ST HELLEN PRIMARY', 14, 65),
(2424, 'REVIVAL MISSIONS CENTRE', 14, 65),
(2425, 'MOONLIGHT SCHOOL', 14, 65),
(2426, 'SAMNEL PRIMARY', 14, 65),
(2427, 'GATHIGA PRIMARY', 14, 65),
(2428, 'KANJERU SPECIAL UNIT', 14, 65),
(2429, 'ST MATHEW JUNIOR SCHOOL', 14, 63),
(2430, 'BLOSSOMS JNR SCHOOL', 14, 65),
(2431, 'ST RUTH ACA', 14, 65),
(2432, 'VALENCE SCHOOL PRIMARY', 14, 65),
(2433, 'NYOTA PRI SCH', 14, 65),
(2434, 'ST MICHAEL PRI SCH', 14, 65),
(2435, 'GOODHOPE PRI SCH', 14, 65),
(2436, 'MALGUTA ACADEMY', 14, 65),
(2437, 'GREEN RIVER LEARNING CENTER PRI', 14, 69),
(2438, 'ST MUNGA PRI SCH', 14, 65),
(2439, 'ANGELIC PREPARATORY', 14, 65),
(2440, 'WINSONG COTTAGE PRI SCH', 14, 65),
(2441, 'FAITH JNR ACADEMY PRI SCH', 14, 65),
(2442, 'EARLY LERNERS PRIMARY', 14, 65),
(2443, 'PCEA NDERI PRIMARY', 14, 65),
(2444, 'ST BRIGIT ACADEMY - PRI', 14, 69),
(2445, 'GLANN PRIMARY', 14, 65),
(2446, 'VICTORY ACADEMY PRIMARY', 14, 65),
(2447, 'ST. PETERS NDUNYU ACADEMY PRI', 14, 65),
(2448, 'GRACIOUS SCHOOL PRIMARY', 14, 65),
(2449, 'UPRIGHT TOTOS PRI', 14, 63),
(2450, 'UPRIGHT TOTOS ACADEMY', 14, 63),
(2451, 'JUVYA JNR ACA', 14, 65),
(2452, 'MITCGA PRI SCH', 14, 65),
(2453, 'CAMA STARS ACADEMY  PRI SCH', 14, 63),
(2454, 'WISDOM POT SCH', 14, 65),
(2455, 'BRILLIANTIN JUNIOR ACADEMY  PRI SCH', 14, 63),
(2456, 'JUN EDUCATION CENTRE', 14, 63),
(2457, 'RORUBEDA JOY ACADEMY PRI SCH', 14, 63),
(2458, 'GRACIOUS PRIMARY', 14, 65),
(2459, 'NEW GENERATION SCHOOL', 14, 65),
(2460, 'LITTLE STAR ACADEMY', 14, 63),
(2461, 'ST PHILLIPS KIHARA ACADEMY', 14, 65),
(2462, 'KARUGURU TECH ACADEMY PRI', 14, 63),
(2463, 'MARY MOUNT ACADEMY PRI SCH', 14, 63),
(2464, 'PITHMAR MONTERSSORI ACADEMY', 14, 63),
(2465, 'SHARPBRAIN PREPARATORY SCH', 14, 63),
(2466, 'HERUFI ACADEMY', 14, 63),
(2467, 'HILL OF VISION ACADEMY', 14, 65),
(2468, 'LIGHT ANGEL ACADEMY  PRI SCH', 14, 63),
(2469, 'MUKINYI PRESBYTERIAN ACADEMY', 14, 63),
(2470, 'GLORY LAND ACADEMY', 14, 65),
(2471, 'FUTURE GUIDERS ACADEMY  PRI SCH', 14, 63),
(2472, 'GRACE CHRISTIAN CENTRE', 14, 63),
(2473, 'NELIAN ACADEMY PRI SCH', 14, 63),
(2474, 'MONI-JUNIOR PRI SCH', 14, 65),
(2475, 'FRECAN SCHOOL', 14, 65),
(2476, 'ST HELLEN ACADEMY', 14, 63),
(2477, 'SHAKAINA ACADEMY PRI SCH', 14, 63),
(2478, 'GEOGRACE CHRISTIAN ACADEMY', 14, 63),
(2479, 'LIAN ACADEMY  PRI SCH', 14, 63),
(2480, 'ANANDA MARGA MISSION  PRI SCH', 14, 63),
(2481, 'SHINING GLORY PRI SCH', 14, 63),
(2482, 'REALWOOD ACADEMY  PRI SCH', 14, 63),
(2483, 'BEAUTIFUL BEGINNING KINDERGATEN', 14, 63),
(2484, 'WINAFURAHA PRI SCH', 14, 65),
(2485, 'HIGH VIEW ACADEMY PRI SCH', 14, 63),
(2486, 'THINDIGWA PRIMARY', 14, 65),
(2487, 'GESRO JUNIOR ACADEMY  PRI SCH', 14, 63),
(2488, 'NEW KIAMBU ROAD PRIMARY', 14, 65),
(2489, 'MOZA JUNIOR ACADEMY  PRI SCH', 14, 63),
(2490, 'ST PAULS JUNIOR ACADEMY PRI SCH', 14, 63),
(2491, 'MICOTEM CHRISTIAN SCHOOL', 14, 65),
(2492, 'FADHILI JUNIOR SCH', 14, 63),
(2493, 'ST ANSELM  PRI SCH', 14, 63),
(2494, 'PINE VIEW PRIMARY', 14, 65),
(2495, 'SIFA PRI SCH', 14, 65),
(2496, 'INLAND ACADEMY  PRI SCH', 14, 63),
(2497, 'JUWAWA PRI SCH', 14, 65),
(2498, 'MUGUGA COMPLEX ACADEMY', 14, 65),
(2499, 'RECO EDUCATION CENTRE  PRI SCH', 14, 63),
(2500, 'KINGSMEAD JNR ACA', 14, 65),
(2501, 'JECY ACADEMY  PRI SCH', 14, 63),
(2502, 'UNITY SCH PRI', 14, 63),
(2503, 'KAHAWA RISING STAR PREPARARTORY SCH', 14, 63),
(2504, 'KIRANGARI PRIMARY', 14, 65),
(2505, 'SOUTH MUCATHA PRIMARY JNR ACADEMY', 14, 65),
(2506, 'NJAMBI ACADEMY', 14, 65),
(2507, 'WENDANI JUNIOR ACADEMY', 14, 63),
(2508, 'ST JOSEPH PRIMARY', 14, 65),
(2509, 'PETALIS  PRI SCH', 14, 63),
(2510, 'ACK ST PAULS NJORO ACADEMY', 14, 65),
(2511, 'PLAYWAY PRI', 14, 63),
(2512, 'TINY TOONS PRIMARY', 14, 65),
(2513, 'TORRENS ACADEMY  PRI SCH', 14, 63),
(2514, 'ROSA JOY ACA', 14, 65),
(2515, 'S ACADEMY', 14, 63),
(2516, 'REBERON ACADEMY', 14, 63),
(2517, 'PCEA WENDANI PRI SCH', 14, 63),
(2518, 'URAFIKI COROVAN PRI', 14, 63),
(2519, 'KANGEMA JUNIOR ACADEMY', 14, 65),
(2520, 'THE SEARCH SCH PRI', 14, 63),
(2521, 'A.I.C GIKUNI ACADEMY', 14, 65),
(2522, 'CHANTILLY PRI SCH', 14, 65),
(2523, 'MUGUGA HERITAGE LOWER PRIMARY', 14, 65),
(2524, 'TUMAINI JUNIOR PRI', 14, 63),
(2525, 'MUGUGA ELITE SCHOOL', 14, 65),
(2526, 'ST. FLEVIAN ACADEMY  PRI SCH', 14, 63),
(2527, 'ROPA ACADEMY PRI SCH', 14, 63),
(2528, 'STARWA ACADEMY', 14, 65),
(2529, 'STEMA ACADEMY PRIMARY', 14, 65),
(2530, 'TROPIKAL PRI', 14, 63),
(2531, 'ST SALOME PRIMARY', 14, 65),
(2532, 'JONATHAN MEMORIAL ACADEMY PRI', 14, 65),
(2533, 'SACRED OASIS PREPARATORY PRI', 14, 65),
(2534, 'BENVER ACADEMY', 14, 65),
(2535, 'KIRATINA PRI SCH', 14, 63),
(2536, 'REACH THE CHILDREN PRIMARY', 14, 65),
(2537, 'KARURI MSINGI BORA ACADEMY', 14, 65),
(2538, 'KARURI MSINGI BORA ACADEMY', 14, 65),
(2539, 'SITE VIEW PRIMARY SCHOOL', 14, 65),
(2540, 'LUMUKE ACADEMY', 14, 65),
(2541, 'ST JOSEPH RICHETTI PRI SCH', 14, 65),
(2542, 'KIRIGITI GIRLS REHABILITATION', 14, 65),
(2543, 'HILLCREST JUNIOR ACADEMY PRIMARY', 14, 65),
(2544, 'YOUNG VICTORS ACADEMY', 14, 65),
(2545, 'KIAMBAA BRIGHT STAR JNR ACADEMY', 14, 65),
(2546, 'ST ANNE JNR ACADEMY', 14, 65),
(2547, 'JUJA ACADEMY PRI SCH', 14, 63),
(2548, 'KIAMBU ST JUDES SCHOOL', 14, 65),
(2549, 'TOP TALENTS ACADEMY PRI', 14, 63),
(2550, 'DANJOSE EDUCATIONAL CENTRE PRI', 14, 63),
(2551, 'MUGUMOINI JNR ACADEMY', 14, 65),
(2552, 'KINGDOM ACADEMY PRI SCH', 14, 63),
(2553, 'SUPER KID JNR ACADEMY', 14, 65),
(2554, 'ST EMMANUEL PRI', 14, 65),
(2555, 'JACRIDGE PRI', 14, 63),
(2556, 'KIAMBAA PRI SPECIAL UNIT', 14, 65),
(2557, 'MARY HILL ACADEMY', 14, 65),
(2558, 'KWIHOTA  SPECIAL UNIT PRI  SCH', 14, 63),
(2559, 'KIAMBU HILCREST PRI ACADEMY', 14, 65),
(2560, 'INSIGHT PREPARATORY PRIMARY', 14, 65),
(2561, 'CERI ACADEMY', 14, 65),
(2562, 'RUIRU EAST PRI SCH', 14, 63),
(2563, 'HOPE ACADEMY', 14, 65),
(2564, 'FAIRVIEW ACADEMY PRI', 14, 63),
(2565, 'ST. PAUL''S JUNIOR ACADEMY PRI SCH', 14, 63),
(2566, 'LITTLE KIDS ACADEMY PRI', 14, 63),
(2567, 'BERRY HILL ACADEMY PRI', 14, 63),
(2568, 'BRIGHT FUTURE PRI SCH', 14, 63),
(2569, 'JEAN-CORNEL PRI', 14, 65),
(2570, 'RUIRU DAY CARE PRI', 14, 63),
(2571, 'PONYWAYS ACADEMY', 14, 65),
(2572, 'GITHUNGURI  PRI SPECIAL UNIT PRI SCH', 14, 63),
(2573, 'CIANDA PRI SCH', 14, 65),
(2574, 'AMANI CHRISTIAN SCH PRI', 14, 63),
(2575, 'NEWLIFE ACADEMY PRI SCH', 14, 63),
(2576, 'LIMURU INT. SCHOOL', 14, 65),
(2577, 'NJEWAR ACADEMY PRI SCH', 14, 63),
(2578, 'ST GEORGE ACADEMY PRI SCH', 14, 63),
(2579, 'ST ERNEST PRI SCH', 14, 65),
(2580, 'EUNIKIM B JUNIOR PRI', 14, 63),
(2581, 'SUNRAYS JUNIOR SCH. PRI', 14, 63),
(2582, 'MARANATHA  PRI SCH', 14, 63),
(2583, 'BLUE COTTAGE ACADEMY PRI SCH', 14, 63),
(2584, 'POWER STAR ACADEMY PRI', 14, 63),
(2585, 'SACRED HEART HIGH SCHOOL KIAMBU', 14, 65),
(2586, 'NJEMA ACADEMY PRI', 14, 63),
(2587, 'VINEYARD PRI', 14, 65),
(2588, 'SPIRIT OF FAITH PRI SCH', 14, 63),
(2589, 'KIAMBU ROAD PRI SCH', 14, 63),
(2590, 'A.C.K SAINT PETERS ACADEMY', 14, 65),
(2591, 'PLAINSVIEW ACADEMY PRI SCH', 14, 63),
(2592, 'GLADWAYS ACADEMY PRI', 14, 63),
(2593, 'WESTEND VALLEY ACADEMY', 14, 65),
(2594, 'TAUSI SELF HELP CETER PRI SCH', 14, 63),
(2595, 'CAMPUS ELITE ACADEMY PRI SCH', 14, 63),
(2596, 'EMA DAY CARE', 14, 63),
(2597, 'PRAIRIES PRI.', 14, 63),
(2598, 'THE PRIME PRI SCH', 14, 63),
(2599, 'A.C.K. ST. MICHAEL''S & ALL ANGELS CHURCH PRI', 14, 63),
(2600, 'ST. JULIA PRI SCH', 14, 63),
(2601, 'EBENEZER CHRISTIAN ACADEMY PRI SCH', 14, 63),
(2602, 'CHRISTIAN CHURCH INTERNATIONAL ACADEMY PRI SCH', 14, 63),
(2603, 'WOODLAND ACADEMY - PRI', 14, 63),
(2604, 'ST. KELVIN ACADEMY PRI', 14, 63),
(2605, 'GOOD SHERPHERED PRI SCH', 14, 65),
(2606, 'CAPSTONE ACADEMY PRI SCH', 14, 63),
(2607, 'KANVALE ACADEMY PRI', 14, 65),
(2608, 'ST JOSEPHS THE WORKER PRIMARY', 14, 65),
(2609, 'TOP EVER ACADEMY PRI', 14, 63),
(2610, 'ACK EMMANUEL PRI', 14, 65),
(2611, 'ALLAMANO CHILDREN''S HOME', 14, 65),
(2612, 'WHITE COTS PRI SCHI', 14, 63),
(2613, 'PRECIOUS CORNER STONE ACADEMY PRI SCH', 14, 63),
(2614, 'FATHER''S HOUSE CHRISTIAN SCH. PRI', 14, 63),
(2615, 'AUNTDAY JUNIOR ACADEMY PRY', 14, 65),
(2616, 'MANYATTA ACADEMY SCH', 14, 63),
(2617, 'NEEMA JUNIOR PRI SCH', 14, 63),
(2618, 'VICTOR ACADEMY PRI SCH', 14, 63),
(2619, 'KIMBO PREP SCH - PRI', 14, 63),
(2620, 'JERUSALEM STAR ACADEMY PRI', 14, 63),
(2621, 'THE BEACH ACADEMY PRI SCH.', 14, 63),
(2622, 'APEX CHILDREN''S CENTRE  PRI', 14, 63),
(2623, 'MFALME JUNIOR ACADEMY PRI SCH', 14, 63);
INSERT INTO `school` (`school_id`, `school_name`, `school_county_id`, `school_district_id`) VALUES
(2624, 'TIGONI BAPTIST PRI', 14, 65),
(2625, 'GRACE PRIMARY SCHOOL', 14, 65),
(2626, 'LIMURU METHODIST PRI SCH', 14, 65),
(2627, 'ACK ST ANDREWS PRI', 14, 65),
(2628, 'ECOLE ALEXANDRA', 14, 65),
(2629, 'MARIA MAGDALENA SPECIAL PRI SCH', 14, 63),
(2630, 'JASA PRI SCH', 14, 63),
(2631, 'PILU ACADEMY', 14, 65),
(2632, 'HANJET VISION ACADEMY', 14, 65),
(2633, 'NANNYS  ACADEMY  PRI  SCH', 14, 63),
(2634, 'GLORY HILL ACADEMY', 14, 65),
(2635, 'RIDGES ACADEMY PRI', 14, 63),
(2636, 'ST SUSAN ACADEMY', 14, 65),
(2637, 'HOLY ROSARY PRI', 14, 65),
(2638, 'EFFORT JNR ACADEMY PRI', 14, 65),
(2639, 'GATHAITHI SUNRISE ACADEMY PRI', 14, 65),
(2640, 'HADAH JUNIOR ACADEMY', 14, 65),
(2641, 'GITUTU ACADEMY', 14, 65),
(2642, 'KIRAGU MIRACLE ACADEMY', 14, 65),
(2643, 'CREATIVE FAITH ACADEMY', 14, 65),
(2644, 'GACHORORO SPECIAL UNIT PRI SCH', 14, 63),
(2645, 'PCEA GITHIGA ACADEMY', 14, 65),
(2646, 'WOODLAND ACADEMY PRI.', 14, 63),
(2647, 'TESTIMONY JUNIOR PRI.SCH', 14, 63),
(2648, 'PCEA RWAMBOGO PRI SCH', 14, 65),
(2649, 'THE ACADEMIC GIANT SCHOOL', 14, 65),
(2650, 'JOHANNA ACADEMY PRI SCH', 14, 65),
(2651, 'NDARUGU ACADEMY  PRI SCH', 14, 63),
(2652, 'KAIRI HILLS ACADEMY', 14, 65),
(2653, 'KIMUCHU PRI SPECIAL UNIT', 14, 63),
(2654, 'ST.PAUL''S-KIGANJO PRI SCH', 14, 63),
(2655, 'JAMAA HIGHWAY ACADEMY  PRI SCH', 14, 63),
(2656, 'ST PETERS KIGANJO ACADEMY PRI SCH', 14, 63),
(2657, 'NEW HOPE KIAIRIA PRI', 14, 65),
(2658, 'BEGINNERS PRI SCH', 14, 63),
(2659, 'GIACHUMI ACADEMY', 14, 65),
(2660, 'THIKA SPRINGS ACADEMY', 14, 63),
(2661, 'ANDUS ACADEMY', 14, 65),
(2662, 'GRASTEN ACADEMY', 14, 63),
(2663, 'WANJO ACADEMY PRI', 14, 65),
(2664, 'THIKA PENTAGON ACADEMY PRI SCH', 14, 63),
(2665, 'TUMAINI PRI', 14, 63),
(2666, 'PCEA KOMOTHAI WOMEN GUILD SCH FOR MENTALLY HANDICA', 14, 65),
(2667, 'ST. MARTIN MEMORIAL PRI SCH', 14, 63),
(2668, 'MTUME ANDREW PRI SCH', 14, 63),
(2669, 'PYRETHRUM ACADEMY', 14, 65),
(2670, 'GOOD SHEPHERD PRI SCH', 14, 63),
(2671, 'HADAH JUNIOR ACADEMY', 14, 65),
(2672, 'JOS MARY JUNIOR ACADEMY', 14, 65),
(2673, 'FURAHA PRI SCH', 14, 63),
(2674, 'CAMP DAVID JUNIOR PRI SCH', 14, 63),
(2675, 'PCEA GITWE PRIMARY', 14, 65),
(2676, 'CHANIA PRI SCH', 14, 63),
(2677, 'GLORYBELL PRI SCH', 14, 63),
(2678, 'ST. MANASSEH ACADEMY PRI SCH', 14, 63),
(2679, 'GITHUNGURI BRIDGEWAY PREP SCH', 14, 65),
(2680, 'MWNGAZA  PRI SCH', 14, 63),
(2681, 'THIKA PRIME JUNIOR PRI SCH', 14, 63),
(2682, 'VICTOR''S PRI SCH', 14, 63),
(2683, 'REV.MAANZO AIC ACADEMY PRI SCH', 14, 63),
(2684, 'ST. MARKS PRI', 14, 63),
(2685, 'FRARET PREPARATORY', 14, 65),
(2686, 'ST. PETER''S  PRI SCH', 14, 63),
(2687, 'ST JOSEPHINE ACADEMY  PRI SCH', 14, 63),
(2688, 'LONGONOT ACADEMY SCH', 14, 65),
(2689, 'ESSY JUNIOR ACADEMY (PRI)', 14, 63),
(2690, 'AUTO EXCEL  PRI SCH', 14, 63),
(2691, 'KAHUNIRA JUNIOR ACADEMY', 14, 65),
(2692, 'ATUMWO PRI SCH', 14, 63),
(2693, 'FLAME TREE PRI. SCH.', 14, 63),
(2694, 'KECRIS JUNIOR ACADEMY', 14, 63),
(2695, 'ST JOSEPH ACADEMY', 14, 63),
(2696, 'WARIU JUNIOR ACADEMY', 14, 65),
(2697, 'P.C.E.A DR. NGOIMA MEMORIAL SCH', 14, 63),
(2698, 'PRIMROSE PRI SCH', 14, 63),
(2699, 'ST. DAVIDS PLAINSVIEW ACADEMY  PRI SCH', 14, 63),
(2700, 'GOODWISH SCHOOL', 14, 63),
(2701, 'ROSKA ACADEMY PRI', 14, 63),
(2702, 'GARISSA ROAD SPECIAL UNIT', 14, 63),
(2703, 'IDEAL PREP SCH', 14, 65),
(2704, 'ST AUGUSTINE CATHOLIC PRI KIAMBURURU', 14, 65),
(2705, 'THIKA EDUCATION COMPLEX PRI SCH', 14, 63),
(2706, 'BY GRACE', 14, 63),
(2707, 'AUNTIE MAGGIE PREP SCH', 14, 65),
(2708, 'ST.GEORGES ACADEMY PRI SCH', 14, 63),
(2709, 'ST JOE''S ACADEMY UPLANDS', 14, 65),
(2710, 'BRIGHT FUTURE  PRI  SCH', 14, 63),
(2711, 'ST PATRICKS SPECIAL UNIT', 14, 63),
(2712, 'UNCLE MUSA', 14, 65),
(2713, 'HAPPY HOURS PRI SCH', 14, 63),
(2714, 'HENJAM ACADEMY  PRI SCH', 14, 63),
(2715, 'GLORY DAVEST JNR ACADEMY', 14, 65),
(2716, 'WAKI ACADEMY', 14, 65),
(2717, 'BEST WISHES ACADEMY PRI', 14, 65),
(2718, 'KAMAHIA MODEL PRI SCH', 14, 65),
(2719, 'AHADI JUNIOR ACADEMY PRI', 14, 65),
(2720, 'FGCK SALOME ACADEMY', 14, 65),
(2721, 'BUSY RUGURU ACADEMY', 14, 63),
(2722, 'KAMBURU PRI', 14, 65),
(2723, 'PIONEER CHRISTIAN MEMORIAL ACADEMY PRI SCH', 14, 63),
(2724, 'LUCY MATESON PRY', 14, 65),
(2725, 'KIRURI ACA PRI', 14, 65),
(2726, 'TUMAINI GARDEN PRI', 14, 63),
(2727, 'BOMA PRI SCH', 14, 63),
(2728, 'GATUNDU GLORIA PRI SCH', 14, 63),
(2729, 'VICTORY HORIZON ACADEMY PRI SCH', 14, 63),
(2730, 'SPRING VALLEY PRI', 14, 63),
(2731, 'SANJO PRI SCH', 14, 65),
(2732, 'KARATINA SPECIAL UNIT', 14, 65),
(2733, 'MOONLIGHT ACADEMY  PRI SCH', 14, 63),
(2734, 'ECLAT PREMIER PRI SCH', 14, 65),
(2735, 'ROKWAN JUNIOR ACADEMY', 14, 63),
(2736, 'ROMANS JUNIOR ACADEMY PRY', 14, 65),
(2737, 'MUKEU PRI SPECIAL UNIT', 14, 65),
(2738, 'ELIM JUNIOR ACADEMY PRI SCH', 14, 63),
(2739, 'VISIONS JOY ACADEMY  PRI SCH', 14, 63),
(2740, 'VISIONS PRI SCH', 14, 63),
(2741, 'JOY-TO-ALL ACADEMY  PRI SCH', 14, 63),
(2742, 'JOY-TO-ALL ACADEMY  PRI SCH', 14, 63),
(2743, 'GRACE ACADEMY PRI', 14, 65),
(2744, 'MWEA  SPECIAL UNIT PRI SCH', 14, 63),
(2745, 'GOOD TIMES ACADEMY PRI SCH', 14, 63),
(2746, 'ST PAULS ACADEMY', 14, 65),
(2747, 'ELITE CHRIS ACADEMY PRI SCH', 14, 63),
(2748, 'ST TERESA PRI SCH', 14, 65),
(2749, 'IGEGANA MWANGAZA ACADEMY  PRI SCH', 14, 63),
(2750, 'NEWLIFE JUNIOR ACADEMY PRI SCH', 14, 63),
(2751, 'AIPCA KARURE ACADEMY PRI SCH', 14, 63),
(2752, 'ST THOMAS ACADEMY', 14, 63),
(2753, 'FOUNTAIN OF KNOWLEDGE MAKWA  PRI SCH', 14, 63),
(2754, 'CANNAN ACADEMY PRI SCH', 14, 65),
(2755, 'KAGUONGO PRI SCH', 14, 65),
(2756, 'MAKWA LUCKYSTAR ACADEMY', 14, 63),
(2757, 'MAKWA RESTORATION ACADEMY', 14, 63),
(2758, 'MUIRI PREPARATORY SCH', 14, 63),
(2759, 'MUIRIGO ACADEMY', 14, 63),
(2760, 'BRIGHT STAR PRI SCH', 14, 63),
(2761, 'ST STEPHEN CATHOLIC PRI', 14, 63),
(2762, 'ST JOSEPH ACADEMY', 14, 68),
(2763, 'KAIRI PRI SPECIAL UNIT SCH', 14, 63),
(2764, 'GATEI JOYLAND ACADEMY PRI SCH', 14, 63),
(2765, 'JIMCY ACADEMY', 14, 63),
(2766, 'WISE SHEPHERED ACADEMY', 14, 63),
(2767, 'ST AGATHA JUNIOR ACADEMY PRI SCH', 14, 63),
(2768, 'ST  MATHEWS ACADEMY', 14, 63),
(2769, 'ACK ST JOSEPH GATHAITI PRI SCH', 14, 63),
(2770, 'BEERSHEBA', 14, 63),
(2771, 'RIFT VALLEY ACADEMY PRI', 14, 65),
(2772, 'KANYONI TOWNSHIP PRI SCH', 14, 63),
(2773, 'ST GABRIEL KAHATA PRI SCH', 14, 63),
(2774, 'RIGHT VISION DAY AND BOARDING PRI SCH', 14, 63),
(2775, 'KANJABI PRI SCH', 14, 63),
(2776, 'GITUAMBA SPRING HILL PRI SCH', 14, 63),
(2777, 'SUPERLAND VALLEY B PRI SCH', 14, 65),
(2778, 'MONPHINE ACADEMY PRY', 14, 65),
(2779, 'AIPCA ST DANIEL PRI SCH', 14, 63),
(2780, 'ST STEPHEN UPPERHILL ACADEMY', 14, 63),
(2781, 'KIHUNJIO-INI PRI SCH', 14, 63),
(2782, 'EXCELLENT SHEPHARD ACADEMY PRI SCH', 14, 63),
(2783, 'RUIRU PRI SCH', 14, 70),
(2784, 'RISE & SHINE PRI SCH', 15, 63),
(2785, 'JAMMAA ACADEMY', 15, 66),
(2786, 'BAMBAKOFI ACADEMY', 15, 66),
(2787, 'MARERENI  PRIMARY SPECIAL UNIT', 15, 66),
(2788, 'MJANAHERI JNR SCH', 15, 66),
(2789, 'MTSARAWATSATSU SPECIAL UNIT', 15, 67),
(2790, 'GANZE MENTALLY HANDICAPPED UNIT', 15, 67),
(2791, 'GEB JUNIOR ACADEMY PRI', 15, 67),
(2792, 'EDDIE JUNIOR ACADEMY PRI SCH', 15, 67),
(2793, 'GEDE SPECIAL SCH', 15, 66),
(2794, 'KULALU PRI SCHOOL', 15, 66),
(2795, 'KONJORA PRI SPECIAL UNIT', 15, 67),
(2796, 'SITA HIDDEN ACADEMY', 15, 66),
(2797, 'GOOD SAMARITAN ACADEMY', 15, 67),
(2798, 'CHAFISI BAPTIST ACADEMY', 15, 66),
(2799, 'KIBARANI VISUALLY IMPAIRED UNIT', 15, 67),
(2800, 'CREEZANS ACADEMY', 15, 66),
(2801, 'KIBARANI SCH FOR THE DEAF', 15, 67),
(2802, 'SAWA SAWA PRI', 15, 67),
(2803, 'PWANI LITTLE GRADUATES', 15, 67),
(2804, 'SAWA SAWA ACADEMY', 15, 66),
(2805, 'SOUTHGATE ACADEMY PRI', 15, 67),
(2806, 'KILIFI SPECIAL UNIT', 15, 67),
(2807, 'SHOMELA SPECIAL UNIT', 15, 66),
(2808, 'WONDERLAND SCH KILIFI', 15, 67),
(2809, 'CHURCH OF CHRIST SCH', 15, 66),
(2810, 'KILIFI HIGHLIGHTS ACADEMY (PRI)', 15, 67),
(2811, 'KIDS PALACE PRI', 15, 67),
(2812, 'GATE HOPE ACADEMY', 15, 67),
(2813, 'MARERE DEAF UNIT', 15, 67),
(2814, 'VUTAKAKA CENTER  PRI', 15, 67),
(2815, 'HILLTOP ACADEMY', 15, 66),
(2816, 'LUBONDO PRI', 15, 67),
(2817, 'HAWE WANJE PRIMARY SCH', 15, 66),
(2818, 'NGULUWENI PRI', 15, 67),
(2819, 'CHANAGANDE SPECIAL UNIT', 15, 67),
(2820, 'SHINNING STAR ACADEMY', 15, 66),
(2821, 'MAMA GEMMA M. ACADEMY', 15, 66),
(2822, 'INDI ACADEMY', 15, 66),
(2823, 'TAIFAEXCEL EDUCATIONAL CENTRE', 15, 67),
(2824, 'CHILULU SPECIAL UNIT', 15, 67),
(2825, 'RUTUBA COMPLEX ACADEMY', 15, 67),
(2826, 'ST BARNABAS JUNIOR CADAEMY', 15, 67),
(2827, 'MAMBRUI M.H.T SCH', 15, 66),
(2828, 'ST. JOHNS ACK PREPARATORY', 15, 67),
(2829, 'JERUSALEM ACADEMY', 15, 67),
(2830, 'KAKONENI SPECIAL UNIT', 15, 66),
(2831, 'VIPINGO ACADEMY', 15, 67),
(2832, 'BETHANY JUNIOR ACADEMY', 15, 66),
(2833, 'JESUS FAITH ACADEMY', 15, 67),
(2834, 'SILVERSTONE JUNIOR SCHOOL', 15, 66),
(2835, 'SABASABA BAPTIST PRIMARY SCHOOL', 15, 66),
(2836, 'TIMBONI PRI SCH', 15, 66),
(2837, 'WALEA UNIT FOR THE MENTALLY HANDICAP', 15, 67),
(2838, 'KINS ACADEMY', 15, 67),
(2839, 'MALAU PRI', 15, 67),
(2840, 'MWARENI SPECIAL UNIT', 15, 67),
(2841, 'RIPERBI ACADEMY', 15, 67),
(2842, 'MUYU WAKAE PRI SCH', 15, 66),
(2843, 'BABS RIDGE ACADEMY', 15, 67),
(2844, 'KHAIRAT JUNIOR ACADEMY', 15, 66),
(2845, 'OUR GRACE ACADEMY', 15, 67),
(2846, 'REJOICE IN THE LORD ACADEMY', 15, 67),
(2847, 'MARIAKANI STAR ACADEMY', 15, 67),
(2848, 'NDIGIRIA PRI', 15, 67),
(2849, 'ST KINGS ACADEMY', 15, 67),
(2850, 'MALINDI BAY  PRI ACA', 15, 66),
(2851, 'JOY EDUCATION CENTRE', 15, 67),
(2852, 'ZIWANI PRI', 15, 67),
(2853, 'MISUFINI PRI', 15, 67),
(2854, 'RIBE METHODIST ACADEMY', 15, 67),
(2855, 'MIRIHINI PRI', 15, 67),
(2856, 'BAHARINI PRI SCH', 15, 66),
(2857, 'UPENDO PRI', 15, 67),
(2858, 'TIMBONI ACADEMY', 15, 67),
(2859, 'KHADIJA ACADEMY', 15, 67),
(2860, 'KARARACHA CENTRAL PRI', 15, 67),
(2861, 'NAZARETH VICTORY PRI', 15, 67),
(2862, 'BAHARINI PRI', 15, 67),
(2863, 'KINUNG''UNA PRI', 15, 67),
(2864, 'HUMANIST  EXCELLENT ACADEMY', 15, 67),
(2865, 'MY-ME PRI SCH', 15, 66),
(2866, 'THE MBISHA PREPARATORY', 15, 67),
(2867, 'CORAL JUNOIR SCH', 15, 67),
(2868, 'KACHORORONI PRI', 15, 67),
(2869, 'IMARA SCH PRI', 15, 67),
(2870, 'ST PETERS ACADEMY', 15, 68),
(2871, 'MTWAPA SPECIAL UNIT', 15, 67),
(2872, 'CHE-SHALE FEEDER SCH', 15, 66),
(2873, 'HILLWHEELER PREPARATORY SCH', 15, 67),
(2874, 'PRUDENCE ACADEMY', 15, 67),
(2875, 'GALANA RANCH PRIMARY SCH', 15, 66),
(2876, 'BAMBINO ACADEMY', 15, 67),
(2877, 'ST MARY''S FURAHA ACADEMY', 15, 67),
(2878, 'RABAI JUNIOR PRI', 15, 67),
(2879, 'MABIRIKANI PRI', 15, 67),
(2880, 'LITTLE ANGELS ACADEMY', 15, 67),
(2881, 'MERE SDA PRI SCH', 15, 66),
(2882, 'TAWFIQ PRI', 15, 67),
(2883, 'WASSERMAN PRI', 15, 67),
(2884, 'MADRASATUL NOOR', 15, 67),
(2885, 'GREAT NEWS ACA PRI SCH', 15, 66),
(2886, 'KAKUYUNI SPECIAL UNIT', 15, 66),
(2887, 'ST. TIMOTHY ACADEMY', 15, 67),
(2888, 'SIR ALI BIN SALIM SPECIAL SCHOOL', 15, 66),
(2889, 'FUTURE KINGS PREPARATORY PRI SCH', 15, 66),
(2890, 'MOTHER OF MARY PRI', 15, 67),
(2891, 'ALMONA JNR ACA', 15, 66),
(2892, 'TAKAYE SPECIAL UNIT SCH', 15, 66),
(2893, 'FAITH JUNIOR CARE CENTRE', 15, 67),
(2894, 'RISE & SHINE PRI SCH', 15, 66),
(2895, 'ADU STR JUNIOR PRI SCH', 15, 66),
(2896, 'KITHIRITI PRI SPECIAL UNIT', 16, 71),
(2897, 'ST JOSEPHS SPECIAL UNIT', 16, 71),
(2898, 'BARICHO ST FLORENCE ACADEMY', 16, 71),
(2899, 'KANGAITA PRI SPECIAL UNIT', 16, 71),
(2900, 'PRECIOUS COMPLEX ACADEMY', 16, 71),
(2901, 'GREENVIEW SCHOOL', 16, 71),
(2902, 'ST PATRICK TOP JUNIOR ACADEMY', 16, 71),
(2903, 'AIPCA RIAKIANIA', 16, 71),
(2904, 'NEWLIGHT ACADEMY', 16, 71),
(2905, 'ARCH BISHOP MIANO ACADEMY', 16, 71),
(2906, 'PERIN ACADEMY', 16, 71),
(2907, 'MUTITHI JUNIOR ACADEMY', 16, 71),
(2908, 'ST SUZAN PRI', 16, 71),
(2909, 'CANON NYORO', 16, 71),
(2910, 'WAMUMU REHABILITATION SCH', 16, 71),
(2911, 'KAHARO BIDII MIXED DAY PRI SCH', 16, 71),
(2912, 'KAVOTE SPECIAL UNIT', 16, 71),
(2913, 'GLORIOUS SHAMMAH ACADEMY', 16, 71),
(2914, 'JERUMBO ACADEMY', 16, 71),
(2915, 'ST JOSEPH CATHOLIC KIMBIMBI', 16, 71),
(2916, 'MIRACLE ACADEMY KAMUNGUNDA', 16, 71),
(2917, 'WISDOM STAR ACADEMY', 16, 71),
(2918, 'ST FRANCIS KIRINYAGA ACADEMY', 16, 71),
(2919, 'GLORIOUS JUNIOR SCH', 16, 71),
(2920, 'RAIMU PRI SPECIAL UNIT', 16, 71),
(2921, 'ST MARY''S ACADEMY', 16, 71),
(2922, 'HOPE ACADEMY KIAMWATHI', 16, 71),
(2923, 'GATUNGURU PRI SPECIAL UNIT', 16, 71),
(2924, 'ST IMMACULATE ACADEMY', 16, 71),
(2925, 'JUA JUNIOR ACADEMY', 16, 71),
(2926, 'KARUMANDI SOUTH SPECIAL UNIT', 16, 71),
(2927, 'KATHAKA MENTAL HANDICAPPED SCH', 16, 71),
(2928, 'ST STEPHENS GREENFIELD ACADEMY', 16, 71),
(2929, 'MAENDELEO BOYS AND GIRLS CENTRE', 16, 71),
(2930, 'MWANGAZA PROGRESSIVE ACADEMY', 16, 71),
(2931, 'ACK ST PAUL ACADEMY', 16, 71),
(2932, 'MUTHARA PROGRESSIVE ACADEMY', 16, 71),
(2933, 'ACK KIAMWANGI ACADEMY', 16, 71),
(2934, 'ST JOSEPH ACADEMY KIANGOMBE', 16, 71),
(2935, 'BETHLEHEM JUDA NYAGITHUCI', 16, 71),
(2936, 'ST PATRICKS KAMUTHAMBI ACADEMY', 16, 71),
(2937, 'MT SINAI ACADEMY', 16, 71),
(2938, 'KARUCHO SPECIAL UNIT', 16, 71),
(2939, 'KANGAITA FOREST VIEW ACADEMY', 16, 71),
(2940, 'KIBURU PRI SPECIAL UNIT', 16, 71),
(2941, 'MUBURI CLASSIC ACADEMY', 16, 71),
(2942, 'GITUMBI SDA PRI', 16, 71),
(2943, 'ST FRANCIS PRI', 16, 71),
(2944, 'ST JAMES ACADEMY', 16, 71),
(2945, 'REV MUSA MUMAI ACADEMY', 16, 71),
(2946, 'MJA ACADEMY', 16, 71),
(2947, 'KIMUNYE SPECIAL UNIT', 16, 71),
(2948, 'ST ANN PIAI ACADEMY', 16, 71),
(2949, 'VICTORY WAVE ACADEMY', 16, 71),
(2950, 'MURAGARA PRI', 16, 72),
(2951, 'BERACAH ACADEMY', 16, 71),
(2952, 'THUNGURI SPECIAL UNIT', 16, 71),
(2953, 'ST TERESA  ACADEMY', 16, 71),
(2954, 'MURINDUKO PRI SPECIAL UNIT', 16, 71),
(2955, 'MBIRI MAARIFA ACADEMY', 16, 71),
(2956, 'RUKENYA PRI', 16, 74),
(2957, 'ST JULIUS ACADEMY', 16, 71),
(2958, 'MUTUNGARA SPECIAL UNIT', 16, 71),
(2959, 'KERUGOYA PCEA ACADEMY', 16, 71),
(2960, 'KIANDIERI PRI SPECIAL UNIT', 16, 71),
(2961, 'ST STEPHENS GATHERA ACADEMY', 16, 71),
(2962, 'KIBOTI HIGH HOPE ACADEMY', 16, 71),
(2963, 'RIANDIRA SPECIAL UNIT', 16, 71),
(2964, 'KUTUS MUSLIM PRI', 16, 71),
(2965, 'A.I.P.C.A BISHOP KIGUNDA ACADEMY', 16, 71),
(2966, 'MARY IMMACULATE ACADEMY PRI', 16, 71),
(2967, 'ST CHRISTPHERS ACADEMY', 16, 71),
(2968, 'KIBINGOTI MUGI ACADEMY', 16, 71),
(2969, 'ALL SAINTS CENTRE GITUMBI', 16, 71),
(2970, 'KIANYAGA GOODWISH ACADEMY', 16, 71),
(2971, 'LITTLE FLOWERS ACADEMY', 16, 71),
(2972, 'KAGUMO HIGHWAY PRI', 16, 71),
(2973, 'WINNERS ACADEMY KARUMANDI', 16, 71),
(2974, 'WANGA ACADEMY', 16, 71),
(2975, 'TUMAINI CENTRAL ACADEMY', 16, 71),
(2976, 'GRACIOUS JUNIOR ACADEMY', 16, 71),
(2977, 'PARK END JUNIOR ACADEMY', 16, 71),
(2978, 'BLESSED VISION ACADEMY', 16, 71),
(2979, 'BARAGWI JUNIOR ACADEMY', 16, 71),
(2980, 'TOPMARK PREPARATORY', 16, 71),
(2981, 'ST ABRAHAM PREPARATORY SCH', 16, 71),
(2982, 'GOODHOPE KIBINGO ACADEMY', 16, 71),
(2983, 'ELITE JUNIOR', 16, 71),
(2984, 'KIMANDI PRI', 16, 71),
(2985, 'KIANJEGE WEST PRI SPECIAL UNIT', 16, 71),
(2986, 'NGURUBANI EFFORT ACADEMY', 16, 71),
(2987, 'HOLY FAMILY PRI', 16, 71),
(2988, 'HOPE AND FAITH ACADEMY', 16, 71),
(2989, 'THIBA PRI SPECIAL UNIT', 16, 71),
(2990, 'ST PAULS KUTUS SPECIAL UNIT', 16, 71),
(2991, 'VICTORY KINDERGARTEN PRI', 16, 71),
(2992, 'ST JOSPHAT  CHEGE PRI', 16, 71),
(2993, 'ARISE AND SHINE', 16, 71),
(2994, 'GUAMA PRI SPECIAL UNIT', 16, 71),
(2995, 'MERCY PREPARATORY', 16, 71),
(2996, 'KERUGOYA ELEMENTARY HAVARD', 16, 71),
(2997, 'KIANJEGE EAST SPECIAL UNIT', 16, 71),
(2998, 'HIGH VISIONED GIRLS', 16, 71),
(2999, 'SAGANA TOWNSHIP PRI', 16, 71),
(3000, 'SHIRIKISHO PRI', 16, 71),
(3001, 'NGURUBANI PCEA ACADEMY', 16, 71),
(3002, 'PREMIER PREPARATORY SCH MBIRI', 16, 71),
(3003, 'HILLVIEW ACADEMY', 16, 71),
(3004, 'HOLYWOOD ACADEMY', 16, 71),
(3005, 'KABUMBU NEHEMA ACADEMY', 16, 71),
(3006, 'FAITH JUNIOR ACADEMY', 16, 71),
(3007, 'KIINE SPECIAL UNIT', 16, 71),
(3008, 'URBAN SHEPHERED PRI', 16, 71),
(3009, 'CCM KAGUMO SPECIAL UNIT', 16, 71),
(3010, 'BROOK VALLEY ACADEMY', 16, 71),
(3011, 'LOWER SAGANA SPECIAL UNIT', 16, 71),
(3012, 'KANJUU SPECIAL UNIT', 16, 71),
(3013, 'FRANCY HILLTOP ACADEMY', 16, 71),
(3014, 'KABONGE SPECIAL UNIT', 16, 71),
(3015, 'DAYSTAR KANGURE', 16, 71),
(3016, 'BY GOOD HOPE ACADEMY', 16, 71),
(3017, 'MUKINDURI SPECIAL UNIT', 16, 71),
(3018, 'ROYAL ACADEMY', 16, 71),
(3019, 'FAITH SPRINGS DAY CARE CENTRE', 16, 71),
(3020, 'REHOBOTH JUNIOR SCH', 16, 71),
(3021, 'KIANYAGA SDA PRI', 16, 71),
(3022, 'KIRINYAGA TOWNSHIP PRI', 16, 71),
(3023, 'ST TERESA ACADEMY', 16, 71),
(3024, 'PEMA PROGRESSIVE ACADEMY', 16, 71),
(3025, 'THIGUKU JUNIOR ACADEMY', 16, 71),
(3026, 'GITWE SPECIAL UNIT', 16, 71),
(3027, 'KIBIRIGWI SPECIAL UNIT', 16, 71),
(3028, 'GICHONJONI PRI', 16, 71),
(3029, 'GATHUTHUMA ALL SAINTS ACADEMY', 16, 71),
(3030, 'EL SHADDAI ACADEMY', 16, 71),
(3031, 'KIANJIRU FGCK', 16, 71),
(3032, 'GATWE SPECIAL UNIT', 16, 71),
(3033, 'KIBIRIGWI WINNERS ACADEMY', 16, 71),
(3034, 'ST TERESA BUW ACADEMY', 16, 71),
(3035, 'KIRINYAGA COMPLEX ACADEMY PRI', 16, 71),
(3036, 'KAVOTE BETHLEHEMJUDAH ACADEMY', 16, 71),
(3037, 'YOUNG TREMEDOUS ACADEMY', 16, 71),
(3038, 'GATHIGIINI PRI', 16, 71),
(3039, 'MWANIANJAU SPECIAL UNIT', 16, 71),
(3040, 'ST JOHN PROGRESSIVE ACADEMY', 16, 71),
(3041, 'KIAGA SPECIAL UNIT', 16, 71),
(3042, 'KIANDAI NEW MELLINIUM', 16, 71),
(3043, 'WAMUGI ACADEMY', 16, 71),
(3044, 'GLORYLAND ACADEMY', 16, 71),
(3045, 'ST CHRIS MWEA ACADEMY', 16, 71),
(3046, 'ISECHA ACADEMY', 17, 75),
(3047, 'LOMA ACADEMY', 17, 75),
(3048, 'NYASATA ACADEMY', 17, 75),
(3049, 'SOMBOGO ACADEMY', 17, 75),
(3050, 'MATIEKO COMPLEX', 17, 75),
(3051, 'ST. JACOBS GOSETA ACADEMY', 17, 75),
(3052, 'BRILLIANT ACADEMY', 17, 75),
(3053, 'YOMA SUNRISE ACADEMY', 17, 75),
(3054, 'IGEMO ROYAL ACADEMY', 17, 75),
(3055, 'NYANCHWA ELCK ACADEMY', 17, 75),
(3056, 'MATIEKO PRI', 17, 75),
(3057, 'PRECIOUS HOPE ACADEMY', 17, 75),
(3058, 'ST. THERESAS ACADEMY', 17, 75),
(3059, 'GESIEKA ACADEMY', 17, 75),
(3060, 'DAYSTAR ACADEMY', 17, 75),
(3061, 'NYANG''AI FLATS MIXED ACADEMY', 17, 75),
(3062, 'NYANCHWA ADVENTIST PREPARATORY', 17, 75),
(3063, 'KARI DEB PRI', 17, 75),
(3064, 'MOSOCHO PRI', 17, 75),
(3065, 'THAREYS ACADEMY', 17, 75),
(3066, 'SUNSHINE ACADEMY', 17, 75),
(3067, 'ITIERIO MISSION ACADEMY', 17, 75),
(3068, 'ST. MARK ACADEMY', 17, 75),
(3069, 'MONTESSORI ANGELIC PREPARATORY PRI', 17, 75),
(3070, 'MONTESSORI ACADEMY', 17, 75),
(3071, 'KISII DEB AUTISTIC UNIT', 17, 75),
(3072, 'EXCELLENCE ACADEMY', 17, 75),
(3073, 'KISII SPECIAL SCH', 17, 75),
(3074, 'MARANI ACADEMY', 17, 75),
(3075, 'NYAMATUTA PRI SCH', 17, 75),
(3076, 'GENESIS PREPARATORY', 17, 75),
(3077, 'EROGA ACADEMY', 17, 75),
(3078, 'EKIENDEGE PRI', 17, 75),
(3079, 'BRILLIANT ACADEMY', 17, 76),
(3080, 'GETARE GATEWAY ACADEMY', 17, 75),
(3081, 'MOSANYA ACADEMY', 17, 75),
(3082, 'CAPTAIN OMAYO ACADEMY', 17, 75),
(3083, 'NEW HAVEN ROBERT GESONZO', 17, 75),
(3084, 'GEMAS PRI', 17, 75),
(3085, 'ADAMS PRI', 17, 75),
(3086, 'JOEMA EDUCATION CENTRE', 17, 75),
(3087, 'YUVINALS ACADEMY', 17, 75),
(3088, 'JUNCTION ACADEMY', 17, 75),
(3089, 'PRECIOUS BLOOD ACADEMY', 17, 75),
(3090, 'NYANGENA GREENVILLE ACADEMY', 17, 75),
(3091, 'KIDESIS PREP SCH', 17, 75),
(3092, 'JOKEVILLA ACADEMY', 17, 75),
(3093, 'VICTORY JNR ACADEMY', 17, 75),
(3094, 'NYANGEKOA ACADEMY', 17, 75),
(3095, 'KIARUTA PRI', 17, 75),
(3096, 'ST. PETERS RIANA PRI', 17, 75),
(3097, 'MWANZO JNR ACADEMY', 17, 75),
(3098, 'HILL PRIMARY', 17, 75),
(3099, 'ST. FRANCIS XAVIER ACADEMY', 17, 75),
(3100, 'IKENYE STEPPING STONE ACADEMY', 17, 75),
(3101, 'RIAMAGIGE PRI', 17, 75),
(3102, 'LIGHT STARS SHG CENTRE', 17, 75),
(3103, 'EBATE I PRI', 17, 75),
(3104, 'ST. AUGUSTINE ACADEMY', 17, 75),
(3105, 'FINE HILL ACADEMY', 17, 75),
(3106, 'SAKAWA PRI', 17, 75),
(3107, 'GESONI PRI', 17, 75),
(3108, 'KIOMBETA PRI SCH', 17, 75),
(3109, 'RAGWANDA MWANGAZA PRI', 17, 75),
(3110, 'NYAGISAI SPECIAL UNIT', 17, 75),
(3111, 'ST. RUTH ACADEMY', 17, 75),
(3112, 'KIOGE DOK PRI', 17, 75),
(3113, 'NYAORE PRI', 17, 75),
(3114, 'BOGITAA  SPECIAL UNIT', 17, 75),
(3115, 'GETURI ALLIANCE ACADEMY', 17, 75),
(3116, 'NYAKOE HIGHWAY PRI', 17, 75),
(3117, 'ST. ANNA MSINGI BORA PRI', 17, 75),
(3118, 'NYAKOE STARLIGHT ACADEMY', 17, 75),
(3119, 'MERCY JUNIOR NYANGURU ACADEMY PRI', 17, 75),
(3120, 'REHEMA PREPARATORY', 17, 75),
(3121, 'JOYLAND JUNIOR ACADEMY', 17, 76),
(3122, 'IBACHO D.E.B  SPECIAL UNIT', 17, 75),
(3123, 'GATEWAY PRIMARY', 17, 75),
(3124, 'MACHENGO MISSION PRI', 17, 77),
(3125, 'RIBWAGO MIXED ACADEMY PRI', 17, 77),
(3126, 'HIGH MARK JOS PRI', 17, 77),
(3127, 'UNIRO ACADEMY PRI', 17, 77),
(3128, 'PRECIOUS TALENT ACADEMY PRIMARY', 17, 75),
(3129, 'EKEREMA ACADEMY PRI', 17, 77),
(3130, 'ITIBONGE DEB PRI', 17, 77),
(3131, 'SAWASAWA PRI', 17, 77),
(3132, 'IRUNGU  PAG SPECIAL', 17, 75),
(3133, 'MOSCO ACADEMY PRI', 17, 77),
(3134, 'NYABONUKE ACD PRI', 17, 77),
(3135, 'GOTI NYANGO PRIMARY', 17, 75),
(3136, 'MASANGA PRI', 17, 77),
(3137, 'KIOGOSI ACADEMY PRI SCH', 17, 77),
(3138, 'BOGESAKA DOK PRI', 17, 77),
(3139, 'KIONYO DEB PRI SPECIAL UNIT', 17, 77),
(3140, 'BOGISERO ACADEMY PRI', 17, 77),
(3141, 'RIAKEMONI ACADEMY PRI', 17, 77),
(3142, 'RIAMICHOTI PRI', 17, 77),
(3143, 'ST JOSEPH''S NYANSARA PRI', 17, 77),
(3144, 'BUSARA ACADEMY PRIMARY', 17, 75),
(3145, 'NYAMASIBI DOK PRIMARY', 17, 75),
(3146, 'GETARE SPECIAL UNIT', 17, 77),
(3147, 'RIMAS MOKONGE ACADEMY PRI', 17, 77),
(3148, 'NYAKEMBENE SPECIAL UNIT', 17, 77),
(3149, 'BAHATI AC PRI', 17, 77),
(3150, 'HILLTOP ACADEMY PRIMARY', 17, 75),
(3151, 'JOYLIMO ACADEMY PRIMARY', 17, 75),
(3152, 'OMOSARIA DEB PRI', 17, 77),
(3153, 'MAROBA GLORY PRI', 17, 77),
(3154, 'OMOSARIA DEB SPECIAL UNIT', 17, 77),
(3155, 'OMOSARIA ACADEMY PRI', 17, 77),
(3156, 'AGAPE JUNIOR PRI', 17, 77),
(3157, 'ITUMBE PRI', 17, 77),
(3158, 'ST MARY''S NYAMAGWA GIRLS'' SPECIAL UNIT', 17, 77),
(3159, 'RIAMANONO DOK PRI', 17, 77),
(3160, 'KIBINYANCHWA PRIMARY', 17, 75),
(3161, 'RITEKE  4SQUARE PRI', 17, 77),
(3162, 'NYAKORERE MFA PRI', 17, 77),
(3163, 'MOKARATE DEB SPECIAL UNIT', 17, 77),
(3164, 'NYAMBOGO PRIMARY', 17, 75),
(3165, 'RIOUNDE NEW CHURCH PRI', 17, 77),
(3166, 'OMOGWA PRI', 17, 77),
(3167, 'DOZAM PRI', 17, 77),
(3168, 'ST SAMSON ACADEMY PRI', 17, 77),
(3169, 'BORANGI RIVERSIDE ACADEMY PRI', 17, 77),
(3170, 'MATANGAMANO ACADEMY PRI', 17, 77),
(3171, 'GREENVIEW ACADEMY PRIMARY', 17, 75),
(3172, 'MANGO TREE PRI', 17, 77),
(3173, 'ST ZACHARY ACADEMY PRI', 17, 77),
(3174, 'NYAKEBAKU DEB PRI', 17, 75),
(3175, 'RIAMARABU LIBERTY PRI', 17, 77),
(3176, 'IRONDI DOK PRI', 17, 75),
(3177, 'NYANTURAGO SUNRISE ACADEMY', 17, 75),
(3178, 'EXODUS ACADEMY', 17, 75),
(3179, 'ST AMOS KEBABE PRI', 17, 77),
(3180, 'DON MCINDO MEMORIAL PRI', 17, 77),
(3181, 'NYABURUMBASI DOK SPECIAL UNIT', 17, 77),
(3182, 'SHEPHERD JUNIOR ACADEMY', 17, 75),
(3183, 'KINENI JUNIOR PRI', 17, 77),
(3184, 'NYABIGENA ACADEMY PRI', 17, 77),
(3185, 'ST THERESA''S KENYENYA PRI', 17, 77),
(3186, 'MASAS ACADEMY PRI', 17, 77),
(3187, 'ST CRAIG ORPHANAGE PRI', 17, 77),
(3188, 'ST PETER''S LIBERAL PRI', 17, 77),
(3189, 'MOCHENGO JUNIOR ACADEMY PRI', 17, 77),
(3190, 'KIANYANDEGO ACADEMY PRI', 17, 77),
(3191, 'NYARANGOS MEMORIAL PRI', 17, 77),
(3192, 'ST. ANANIAS IRONDI ACADEMY', 17, 75),
(3193, 'KEMININIACADEMY PRI', 17, 77),
(3194, 'RISE CENTRAL PRI', 17, 77),
(3195, 'VICTORY CHRISTIAN PRI SCH', 17, 77),
(3196, 'MOGWEKO PRIMARY', 17, 75),
(3197, 'EBIOSI SPECIAL UNIT', 17, 77),
(3198, 'NYABIOSI M PRI', 17, 77),
(3199, 'SAFANA JUNIOR PRI', 17, 77),
(3200, 'RIANGABI DEB PRI', 17, 75),
(3201, 'NYAGACHO ORPHANAGE PRI', 17, 77),
(3202, 'NYAMIOBO SELF PRI', 17, 77),
(3203, 'ENGORWA PRIMARY', 17, 75),
(3204, 'MOGONGA MATIERIO PRI', 17, 77),
(3205, 'RIAMUGUNDE PRI', 17, 77),
(3206, 'ROMA ACADEMY PRI SCH', 17, 77),
(3207, 'OMWOBO ACADEMY PRI', 17, 77),
(3208, 'YOUNG ANGEL''S PRI', 17, 77),
(3209, 'NYOERA PRI', 17, 77),
(3210, 'SENGERA DAJA''S PRI', 17, 77),
(3211, 'ACTS ACADEMY PRI', 17, 77),
(3212, 'AYORA FGCK FAITH PRI', 17, 77),
(3213, 'RIAKIBINI ACADEMY PRI', 17, 77),
(3214, 'NYABIOTO JUNIOR PRI', 17, 77),
(3215, 'SENIOR HOPE ACADEMY', 17, 75),
(3216, 'NYABIOSI ACADEMY PRI', 17, 77),
(3217, 'IKOBA JOYLAND PRI', 17, 77),
(3218, 'KING DAVID JUNIOR PRI', 17, 77),
(3219, 'MILIMANI ACADEMY PRI', 17, 77),
(3220, 'KIANATE DOK SPECIAL UNIT', 17, 75),
(3221, 'EMONGA ACADEMY PRI', 17, 77),
(3222, 'RIANYAMBEKI ORPHANAGE PRI', 17, 77),
(3223, 'FRONZA ACADEMY PRI', 17, 77),
(3224, 'ST JAMES MOGONGA PRI', 17, 77),
(3225, 'NYANSONGO JUNIOR ACADEMY PRI', 17, 77),
(3226, 'BOARDER ACADEMY PRI', 17, 77),
(3227, 'ST GRACIOUS ACADEMY PRI', 17, 77),
(3228, 'SAMBA SELF HELP PRI', 17, 77),
(3229, 'ST ANGELA''S PRI', 17, 77),
(3230, 'NYABIOSI PRI', 17, 75),
(3231, 'SUNNY ACADEMY PRI', 17, 77),
(3232, 'SOUNDS ACADEMY PRI', 17, 77),
(3233, 'NYAKEO SET STAR ACADEMY PRIMARY', 17, 75),
(3234, 'ST MARY''S JOJA PRI', 17, 77),
(3235, 'GESUSU GREEN ACADEMY PRIMARY', 17, 75),
(3236, 'NYAKEYO DEB SPECIAL UNIT', 17, 77),
(3237, 'ST. JOHNS GESINGA NOBLE', 17, 75),
(3238, 'GETACHO SPECIAL UNIT', 17, 75),
(3239, 'ST FRANCIS ENKORA COMMUNITY CENTRE PRI', 17, 77),
(3240, 'NURU ACADEMY PRI', 17, 77),
(3241, 'KEBABE DEB SPECIAL UNIT', 17, 77),
(3242, 'ST ELIZABETH PRI', 17, 77),
(3243, 'FORWARD PRI', 17, 77),
(3244, 'RIOMBOGA EMMAUS ACADEMY', 17, 75),
(3245, 'IMMACULATE PRI', 17, 77),
(3246, 'GREAT STAR ACADEMY PRI', 17, 77),
(3247, 'SONDAMO ACADEMY PRI', 17, 77),
(3248, 'MANZA ACADEMY PRIMARY', 17, 75),
(3249, 'ST. MARYS NYAKOORA PRI', 17, 75),
(3250, 'KIOMITI SPECIAL UNIT', 17, 75),
(3251, 'SIKONGE HILLS ACADEMY', 17, 75),
(3252, 'EKONA CENTRAL ACADEMY PRIMARY', 17, 75),
(3253, 'OMOGWA ACADEMY PRI', 17, 77),
(3254, 'NYANGENI DOK PRI', 17, 75),
(3255, 'NYAKOORA DOK SPECIAL SCH', 17, 75),
(3256, 'OSWETA ACADEMY PRI', 17, 77),
(3257, 'KAMBAGA ACADEMY PRIMARY', 17, 75),
(3258, 'MANYONI MEMORIAL PRI', 17, 77),
(3259, 'NYARONGE DEB SPECIAL UNIT', 17, 77),
(3260, 'ETONO DOK SPECIAL UNIT', 17, 77),
(3261, 'FPFK MAJOGE MISSION PRI', 17, 77),
(3262, 'KERERA SDA PRI', 17, 75),
(3263, 'SABAS ITUMBE ACADEMY PRI', 17, 77),
(3264, 'RIOKIBENI ACADEMY PRI', 17, 77),
(3265, 'ANGAZA ACADEMY PRI', 17, 77),
(3266, 'JOHN''S DAYSTAR PRI', 17, 77),
(3267, 'GEKONGO II DEB PRI SCH', 17, 77),
(3268, 'NYAKONI JUNIOR PRI SCH', 17, 77),
(3269, 'RIONDINGA PRI', 17, 75),
(3270, 'MOGUMO DEB PRI', 17, 77),
(3271, 'SUNSHINE YOUTH GROUP PRI', 17, 77),
(3272, 'ST GEORGE MEMORIAL PRI', 17, 77),
(3273, 'JOYDA JUNIOR PRI', 17, 77),
(3274, 'KULENDI JOYLAND PRI', 17, 77),
(3275, 'INNLAND PRI', 17, 77),
(3276, 'ARLINGTON ACADEMY PRI', 17, 77),
(3277, 'NYACHEKI PAG HOPE PRI', 17, 77),
(3278, 'REJOY ACADEMY', 17, 75),
(3279, 'KENYENYA GIL PRI', 17, 77),
(3280, 'KENYENYA JOYLIGHT PRI', 17, 77),
(3281, 'AMABIRIA FAM PRI', 17, 75),
(3282, 'KIMIANYA HOME OF CHAMPIONS PRI', 17, 77),
(3283, 'GIASAIGA HILL ACADEMY PRI', 17, 77),
(3284, 'NYABOTERERE ACADEMY', 17, 75),
(3285, 'KING HASSAN ACADEMY', 17, 75),
(3286, 'NYAKEGOGI DOK SPECIAL UNIT', 17, 77),
(3287, 'KABIERO ACADEMY', 17, 75),
(3288, 'NYAMUE SPECIAL UNIT', 17, 77),
(3289, 'SPRINGS ACADEMY PRIMARY', 17, 75),
(3290, 'ENTANDA JUNIOR PRI', 17, 77),
(3291, 'REHEMA ACADEMY PRI SCH', 17, 77),
(3292, 'NYANGWETA SDA SPECIAL UNIT', 17, 77),
(3293, 'KEBURA NCHOGU PRI', 17, 77),
(3294, 'ST LUKE''S PRI', 17, 77),
(3295, 'SCANIA ACADEMY PRI', 17, 77),
(3296, 'GUCHA MIXED PRI', 17, 77),
(3297, 'NYARAO GREEN VILLE ACADEMY PRI', 17, 77),
(3298, 'HOME OF CHAMPIONS ORPHANAGE HOME PRI', 17, 77),
(3299, 'PARADISE JUNIOR PRI SCH', 17, 77),
(3300, 'GIANCHERE FAM SPECIAL  SCH', 17, 75),
(3301, 'NYARONGE SPRINGS PRI', 17, 77),
(3302, 'UFUFUO EDUCATION CENTRE PRI', 17, 77),
(3303, 'ST PETER ORPHANAGE PRI', 17, 77),
(3304, 'RIRAGI PRI SCH', 17, 75),
(3305, 'ST. ANGELOS GLORY PREPATORY', 17, 75),
(3306, 'SHINING BELT ACADEMY', 17, 75),
(3307, 'MAGENA DEB SPECIAL UNIT', 17, 77),
(3308, 'GITENYI JUNIOR PRI', 17, 77),
(3309, 'ST TERESA MEMORIAL ACADEMY PRI', 17, 77),
(3310, 'RITARO SDA PRI', 17, 75),
(3311, 'NYATIKE HILL ACADEMY PRI', 17, 77),
(3312, 'NYAMESOCHO ACADEMY PRIMARY', 17, 75),
(3313, 'TAMBAKA TOWNSHIP PRI', 17, 77),
(3314, 'SUNRISE JUNIOR ACADEMY PRI', 17, 77),
(3315, 'SENTABORA ACADEMY PRI', 17, 77),
(3316, 'RIGENA PAG MISSION''S PRI', 17, 77),
(3317, 'KERUYA ACADEMY', 17, 75),
(3318, 'GESABAGWA ACADEMY PRI', 17, 77),
(3319, 'CHNDWANI DEB PRI', 17, 75),
(3320, 'ELSHADDAI PRI', 17, 75),
(3321, 'EREMO DOK PRI', 17, 75),
(3322, 'ROMALENA ACADEMY PRI', 17, 77),
(3323, 'OMORAA FPFK ACADEMY', 17, 75),
(3324, 'ST DAVID ETAGO KINSHIP PRI', 17, 77),
(3325, 'STEMTON ACADEMY PRI', 17, 77),
(3326, 'RIANYAMWAMU JNR ACADEMY', 17, 75),
(3327, 'Z AND A MEMORIAL PRI', 17, 77),
(3328, 'MAROO TOWNSHIP PRI', 17, 77),
(3329, 'IBERIA DOK PRI', 17, 75),
(3330, 'OMOSASA PREPARATORY PRI', 17, 77),
(3331, 'ERAMBA MISSION ACADEMY', 17, 75),
(3332, 'KEBURUNGA DOK SPECIAL UNIT', 17, 77),
(3333, 'ST. THERESA AMASAGO DOK PRI', 17, 75),
(3334, 'MAGENA JUNIOR PRI', 17, 77),
(3335, 'SUGUBO PRI', 17, 77),
(3336, 'MWEMA ACADEMY PRI', 17, 77),
(3337, 'NYAKEIRI SDA BOARDING PRI', 17, 75),
(3338, 'RIOKINDO SPECIAL UNIT', 17, 77),
(3339, 'NYAMBUNWA SPECIAL UNIT', 17, 77),
(3340, 'TAMBACHA ACADEMY', 17, 75),
(3341, 'ST JOHN''S MWONGETI PRI', 17, 77),
(3342, 'NYAGWONDO ACADEMY PRI', 17, 77),
(3343, 'ST JOHN''S SUGUTA ACADEMY PRI', 17, 77),
(3344, 'NGOKORO COG PRI', 17, 75),
(3345, 'ABOBO RIVERSIDE PRI SCH', 17, 77),
(3346, 'RIOKINDO EKERUBO PRI', 17, 77),
(3347, 'GAMBA ACADEMY', 17, 75),
(3348, 'MACHERA TUMAINI JUNIOR PRI', 17, 77),
(3349, 'BENDERE DOK SPECIAL UNIT', 17, 77),
(3350, 'GREEN VIEW ACADEMY PRI', 17, 77),
(3351, 'ABEMA UPHILL ACADEMY PRI', 17, 77),
(3352, 'ST JAMES EKONA PRI', 17, 77),
(3353, 'KIOGORO VALLEY ACADEMY PRI', 17, 75),
(3354, 'ST ATHANASIUS ENGETI PRI', 17, 77),
(3355, 'YOMA ALFAH PRI', 17, 77),
(3356, 'ST MATHEW''S IRONGO PRI', 17, 77),
(3357, 'BAHATI ACADEMY PRI', 17, 75),
(3358, 'HEZNA ACADEMY PRI', 17, 77),
(3359, 'OMOYO MIXED DAY PRI', 17, 77),
(3360, 'EBENEZER JUNIOR PRI', 17, 77),
(3361, 'ST CARL HALL ACADEMY PRI', 17, 77),
(3362, 'ST. ALOYSIUS ACADEMY', 17, 75),
(3363, 'GESURURA MISSION ACADEMY', 17, 75),
(3364, 'JOKHEM B PRI', 17, 77),
(3365, 'MAINI PROGRESSIVE ACADEMY PRI', 17, 77),
(3366, 'MAGENCHE OMOGUMO PRI', 17, 77),
(3367, 'MOGENDA TOWNSHIP PRI', 17, 77),
(3368, 'RWORA PRI', 17, 77),
(3369, 'ROCK HILL ACADEMY', 17, 75),
(3370, 'FRANCIS MEMORIAL ACADEMY PRI', 17, 77),
(3371, 'MARINDI JUNIOR PRI', 17, 77),
(3372, 'MAGENCHE TOWNSHIP PRI', 17, 77),
(3373, 'SARE ORPHANS PRI', 17, 77),
(3374, 'ST ZACHARY ORPHANAGE PRI', 17, 77),
(3375, 'KEBUTE DOK SPECIAL UNIT', 17, 75),
(3376, 'VICTORY EDUCATION PRI', 17, 77),
(3377, 'NYANGURU SATELLITE ACADEMY', 17, 75),
(3378, 'ST. JOHNS NYAIGWA ACADEMY PRI', 17, 75),
(3379, 'ESAMBA DOK PRI', 17, 75),
(3380, 'ST. DENNIS NYAINGIRI COMMUNITY CENTRE', 17, 75),
(3381, 'SUNEKA PREPARATORY', 17, 75),
(3382, 'NYAMAIYA TOWNSHIP PRI SCH', 17, 77),
(3383, 'RERA PRI', 17, 75),
(3384, 'MOSISITA ACADEMY PRI', 17, 75),
(3385, 'KISERO ACADEMY', 17, 75),
(3386, 'KERINA SPECIAL UNIT', 17, 75),
(3387, 'GESA BRIGHT ACADEMY', 17, 75),
(3388, 'ENTANDA PAG GIRLS BOARDING', 17, 75),
(3389, 'BOBARACHO SPECIAL UNIT', 17, 75),
(3390, 'NYAURA DEB PRI', 17, 75),
(3391, 'NYAURA SPECIAL UNIT', 17, 75),
(3392, 'ST. LUKES ACADEMY PRIMARY', 18, 78),
(3393, 'AGAI MENTALLY HANDICAPPED', 18, 78),
(3394, 'SONDU LIFESHINE ACADEMY', 18, 78),
(3395, 'ST PETER ACADEMY NYABONDO', 18, 78),
(3396, 'OGEKA PRI', 18, 78),
(3397, 'SONDU UNION PRI', 18, 78),
(3398, 'INIS PRI', 18, 78),
(3399, 'SAKA PRI', 18, 78),
(3400, 'GENESIS JUNIOR SCH', 18, 78),
(3401, 'MALEZI ACADEMY', 18, 78),
(3402, 'SIGOTI COMPLEX PRI', 18, 78),
(3403, 'SIGOTI COMPLEX PRI (CATHOLIC CHURCH)', 18, 78),
(3404, 'ABWAO PRI', 18, 78),
(3405, 'KACHAN PRIMARY', 18, 78),
(3406, 'RAGEN MARY HILL R.C. PRIMARY', 18, 78),
(3407, 'KIN STAR ACADEMY PRIMARY', 18, 78),
(3408, 'NYALUNYA PRIMARY', 18, 78),
(3409, 'KASAWO PRIMARY', 18, 78),
(3410, 'ST. PHILIPS PRIMARY', 18, 78),
(3411, 'OGENYA S.U', 18, 79),
(3412, 'OMBAKA SPECIAL UNIT', 18, 78),
(3413, 'NYANGANDE S.U', 18, 79),
(3414, 'KOCHIENG PRIMARY', 18, 78),
(3415, 'NYANDO PRIMARY', 18, 78),
(3416, 'NYAKONGO PRIMARY', 18, 78),
(3417, 'OGWEDHI PRIMARY', 18, 78),
(3418, 'OKIRO PRIMARY', 18, 78),
(3419, 'AWASI SPECIAL UNIT', 18, 78),
(3420, 'RABUOR SPECIAL UNIT  SCH', 18, 79),
(3421, 'MODERN ACADEMY PRY SCH', 18, 79),
(3422, 'MUHORONI FACTORY PRIMARY', 18, 78),
(3423, 'ST.LUKE PRY SCH', 18, 79),
(3424, 'MUHORONI FURAHA ACADEMY', 18, 78),
(3425, 'NYANG''OMA POLYTECHNIC', 18, 78),
(3426, 'BACHO PRI SCHOOL', 18, 78),
(3427, 'JABER PRIMARY', 18, 78),
(3428, 'KOKUNYWE PRY', 18, 79),
(3429, 'SIMBI LUORA PRI', 18, 78),
(3430, 'MAGWAKO PRI SCH', 18, 79),
(3431, 'JAMAA PRY', 18, 79),
(3432, 'KISUMU JACARANDA ACA PRY SCH', 18, 79),
(3433, 'KOLANG PRI', 18, 78),
(3434, 'RAE NYANYAIKA PRY', 18, 79),
(3435, 'NGOP NGESO SPECIAL SCH', 18, 79),
(3436, 'JALARAM ACA PRY SCH', 18, 79),
(3437, 'KIPTURI PRIMARY', 18, 78),
(3438, 'NYALENDA KUAP NON FORMAL SCH', 18, 79),
(3439, 'BRAEBURN INTL KISUMU PRY SCH', 18, 79),
(3440, 'CENTRAL PRY SCH', 18, 79),
(3441, 'ST.FLORENCE MINI ACA PRY SCH', 18, 79),
(3442, 'SHARON STAR PRY SCH', 18, 79),
(3443, 'OMORE PRI', 18, 79),
(3444, 'KIT MIKAYI SPECIAL UNIT  SCH', 18, 79),
(3445, 'PINOCCHIO PRY SCH', 18, 79),
(3446, 'WAWARE PRI', 18, 78),
(3447, 'LUTHERAN CHURCH SPECIAL SCH FOR MH', 18, 79),
(3448, 'HADRIENNE MERCY PRIMARY', 18, 78),
(3449, 'KISUMU DAY PRY SCH', 18, 79),
(3450, 'KWARE PRI', 18, 78),
(3451, 'AL-MUUMINUN PRY SCH', 18, 79),
(3452, 'YOUNG GENERATION CENTRE PRY SCH', 18, 79),
(3453, 'OCHARA PRI SCH', 18, 79),
(3454, 'NEW GENERATION ACADEMY PRY SCH', 18, 79),
(3455, 'MAGADI SPECIAL UNIT', 18, 79),
(3456, 'LELA PRI SCH', 18, 79),
(3457, 'HOPE ACADEMY PRIMARY', 18, 78),
(3458, 'KISUMU JUNIOR ACADEMY PRY  SCH', 18, 79),
(3459, 'KISUMU ELITE ACA PRY SCH', 18, 79),
(3460, 'KOSAWO SPECIAL UNIT', 18, 79),
(3461, 'KISUMU EASTLANDS ACA PRY SCH', 18, 79),
(3462, 'ST.ETIENE ROYAL PRY  SCH', 18, 79),
(3463, 'ST.ANDREWS PRY SCH', 18, 79),
(3464, 'RAINBOW PRY SCH', 18, 79),
(3465, 'LIVING STREAMS PRY SCH', 18, 79),
(3466, 'SOLEM ACADEMY PRY SCH', 18, 79),
(3467, 'KAMONYE PRI', 18, 79),
(3468, 'CHEMELIL ADVENTIST PRI', 18, 78),
(3469, 'JOHNSONS ACA PRY SCH', 18, 79),
(3470, 'OVERCOMERS PREPARATORY PRY SCH', 18, 79),
(3471, 'ST. FRANCIS GIRLS PRY', 18, 79),
(3472, 'KAMAKOWA ACADEMY PRY SCH', 18, 79),
(3473, 'HEROLDA PRY  SCH', 18, 79),
(3474, 'HAPPY HOME ACADEMY PRY SCH', 18, 79),
(3475, 'KIBIGORI PRIMARY', 18, 78),
(3476, 'OSARE MIDENGA PRI SCH', 18, 79),
(3477, 'CHEMELIL SUGAR SCH', 18, 78),
(3478, 'FAITH PREPRATORY PRY SCH', 18, 79),
(3479, 'KOTETNI PRY SCH', 18, 79),
(3480, 'ST PATRICKS ACA PRY SCH', 18, 79),
(3481, 'BRILLIANT KIDS PRY SCH', 18, 79),
(3482, 'PENNSTATE ACADEMY PRY SCH', 18, 79),
(3483, 'ST. ALOYS INTEGRATED SCH', 18, 79),
(3484, 'MFA PRY', 18, 79),
(3485, 'JANS JUNIOR ACADEMY PRY SCH', 18, 79),
(3486, 'KIBOS SCHOOL FOR THE BLIND', 18, 79),
(3487, 'ANGIRA SPECIAL UNIT', 18, 79),
(3488, 'THE CASCADE PRY', 18, 79),
(3489, 'ST ELIZABETH PRY', 18, 79),
(3490, 'DISCIPLES OF MERCY SPECIAL UNIT', 18, 79),
(3491, 'SONGHOR PRI', 18, 78),
(3492, 'ST GABRIEL ACADEMY', 18, 78),
(3493, 'ST ANNES ACADEMY PRY SCH', 18, 79),
(3494, 'GOT AGULU PRIMARY', 18, 79),
(3495, 'ST FRANCIS NUR SCH', 18, 79),
(3496, 'REHEMA ACA. PRY', 18, 79),
(3497, 'ALANGO PRY', 18, 79),
(3498, 'KISUMU HILLSIDE ACADEMY PRY SCH', 18, 79),
(3499, 'BAR -UNION S.U', 18, 79),
(3500, 'SHADY GARDENS JUNIOR PRI SCH', 18, 78),
(3501, 'MKENDWA UPPER HILL PRY SCH', 18, 79),
(3502, 'ALARA S.U', 18, 79),
(3503, 'WONDERLAND ACADEMY LELA', 18, 79),
(3504, 'THIBONDE PRI SCH', 18, 79),
(3505, 'THE HAVEN ACADEMY', 18, 79),
(3506, 'MASENO MIXED SPECIAL UNIT', 18, 79),
(3507, 'ALL SAINTS ACADEMY', 18, 79),
(3508, 'MASENO SCH FOR THE DEAF BLIND', 18, 79),
(3509, 'VISION ACADEMY', 18, 79),
(3510, 'VISION ACA PRY SCH', 18, 79),
(3511, 'KYANYA PRIMARY', 19, 80),
(3512, 'MBOONI PRI SCH', 19, 80),
(3513, 'ITURA MURA FEEDER SCHOOL', 19, 81),
(3514, 'MUTEETU PRI SCH', 19, 80),
(3515, 'SEMBENI PRI SCH', 19, 80),
(3516, 'WINNERS PRIMARY', 19, 81),
(3517, 'MUTWANGOMBE ACADEMY', 19, 81),
(3518, 'KISEUNI PRI', 19, 81),
(3519, 'NZAINI PRI', 19, 81),
(3520, 'ST JAMES MAWA JNR ACA', 19, 80),
(3521, 'ATONGOI PRI SCH', 19, 80),
(3522, 'NGAALE CCI PRI', 19, 81),
(3523, 'MAKONGO PRI SCH', 19, 80),
(3524, 'KAKINDU PRIMARY', 19, 80),
(3525, 'ITUNGUU PRI SCH', 19, 80),
(3526, 'KAUNGUNI PRI SCH', 19, 80),
(3527, 'KAVETE PRI SCH', 19, 80),
(3528, 'KANDENGYA PRI SCH', 19, 80),
(3529, 'IRIA - ITUNE FEEDER SCHOOL', 19, 81),
(3530, 'MUTAIRU PRI', 19, 81),
(3531, 'MUMBOO PRI SCH', 19, 80),
(3532, 'KYANGIU PRI SCH', 19, 80),
(3533, 'KYUI HILLS ACADEMY', 19, 81),
(3534, 'KATUMBI PRIMARY', 19, 80),
(3535, 'MUONO PRI', 19, 81),
(3536, 'KAVALIKI PRIMARY', 19, 81),
(3537, 'MWANGU IVUTI PRI SCH', 19, 80),
(3538, 'NTHWIANI PRI SCH', 19, 80),
(3539, 'MUAMBANI PRI SCH', 19, 82),
(3540, 'DESTINY JUNIOR ACADEMY', 19, 81),
(3541, 'MBIA PRIMARY', 19, 81),
(3542, 'KAMUNYUNI PRI SCH', 19, 80),
(3543, 'MULATA-UTUNDA PRI', 19, 81),
(3544, 'SHINERS ACADEMY', 19, 81),
(3545, 'NGIINI PRI SCH', 19, 80),
(3546, 'ILOOI PRI SCH', 19, 80),
(3547, 'NDUUNI PRI SCH', 19, 80),
(3548, 'NGUUNI  PRIMARY', 19, 81),
(3549, 'KWA MAINGI PRI SCH', 19, 80),
(3550, 'KISEKO VALLEY PRI', 19, 81),
(3551, 'MWALILI PRIMARY SCHOOL', 19, 81),
(3552, 'PRISM JUNIOR SCHOOL - NGUNGANI', 19, 81),
(3553, 'NDUUMONI PRI SCH', 19, 80),
(3554, 'MUKUANIMA PRI SCH', 19, 80),
(3555, 'SALEM SCHOOL', 19, 81),
(3556, 'KAMWERINI PRIMARY', 19, 81),
(3557, 'KALANGA PRI', 19, 81),
(3558, 'BASE PREPARATORY PRIMARY SCH', 19, 81),
(3559, 'ITHENZE PRIMARY', 19, 81),
(3560, 'ROCK VIEW PRI', 19, 81),
(3561, 'ISAANGWA PRI SCH', 19, 80),
(3562, 'NGUUENI PRIMARY', 19, 81),
(3563, 'MWINGI ACADEMY', 19, 81),
(3564, 'ST FRANCIS ACADEMY KATSE', 19, 81),
(3565, 'SHALOM PRI', 19, 81),
(3566, 'SHARON JUNIOR PRI', 19, 81),
(3567, 'MWAMBUNI PRIMARY', 19, 81),
(3568, 'KARUNGA PRI', 19, 79),
(3569, 'KAANGULI PRI SCH', 19, 80),
(3570, 'ST MICHAELS'' PRIMARY SCH FOR THE DEAF', 19, 80),
(3571, 'ITHOOKWE PRI SCH', 19, 80),
(3572, 'ITHOOKWE NUR SCH', 19, 80),
(3573, 'KWA MUKOO PRIMARY', 19, 80),
(3574, 'NZELUNI ACADEMY PRI SCH', 19, 81),
(3575, 'KIONGWE PRI SCH', 19, 80),
(3576, 'NZUUNI PRI SCH', 19, 80),
(3577, 'NGELANI PRIMARY', 19, 80),
(3578, 'KAVISI PRI SCH', 19, 80),
(3579, 'ST JOHN SYILUMANI PRI SCH', 19, 80),
(3580, 'KYAMUTIMBA SPECIAL UNIT', 19, 80),
(3581, 'IIANI SPECIAL NEEDS UNIT', 19, 80),
(3582, 'IMALE PRI SCH', 19, 80),
(3583, 'ITHENG''ELI PRI', 19, 81),
(3584, 'KAAMUNGU PRI', 19, 80),
(3585, 'KATIKONI PRIMARY', 19, 80),
(3586, 'YAMANZA PRIMARY', 19, 80),
(3587, 'KWA MAILU PRI SCH', 19, 80),
(3588, 'KAMAGARA FEEDER SCHOOL', 19, 81),
(3589, 'KAUMBA PRI SCH', 19, 80),
(3590, 'ISEVINI PRI SCH', 19, 80),
(3591, 'ITHUMULA PRI SCH', 19, 80),
(3592, 'KIAMANI SPECIAL NEEDS UNIT', 19, 80),
(3593, 'MUSYIMI PRI SCH', 19, 80),
(3594, 'MANGINA PRI SCH', 19, 80),
(3595, 'KYANDUI PRI SCH', 19, 80),
(3596, 'IIANI `B`PRIMARY', 19, 80),
(3597, 'IMBUVU PRIMARY', 19, 80),
(3598, 'KONZA PRIMARY', 19, 80),
(3599, 'ACK ST STEPHENS KAVOKO PRI SCH', 19, 80),
(3600, 'IVUKU PRI SCH', 19, 80),
(3601, 'NZAMANI PRIMARY', 19, 81),
(3602, 'KITUNDU PRI SCH', 19, 80),
(3603, 'MUTITU UNIT FOR THE DEAF', 19, 80),
(3604, 'MAKENA ACADEMY', 19, 81),
(3605, 'MANDU PRIMARY', 19, 80),
(3606, 'KABATI VICTORY PRIMARY', 19, 80),
(3607, 'KEA HIGHLAND ACADEMY', 19, 81),
(3608, 'NWANZILU ACADEMY', 19, 81),
(3609, 'NGAAKANI PRIMARY', 19, 80),
(3610, 'KANYUMU PRI SCH', 19, 80),
(3611, 'NGILUNI ACADEMY', 19, 81),
(3612, 'KIIMANI PRI SCH', 19, 80),
(3613, 'KALULINI PRIMARY', 19, 80),
(3614, 'KATOTHYA PRIMARY', 19, 80),
(3615, 'NZIA PRIMARY SCHOOL', 19, 81),
(3616, 'NTHILANI PRIMARY', 19, 80),
(3617, 'KANDONG''O PRIMARY', 19, 80),
(3618, 'KILUILU PRI SCH', 19, 80),
(3619, 'ST MARY''S NDETANI PRI SCH', 19, 80),
(3620, 'NGOVU PRIMARY', 19, 80),
(3621, 'KISYOKA PRI SCH', 19, 80),
(3622, 'KALULU PRI SCH', 19, 80),
(3623, 'NDITHINI PRI SCH', 19, 80),
(3624, 'MUKINDU FEEDER SCHOOL', 19, 81),
(3625, 'KAKULUNGA PRIMARY', 19, 80),
(3626, 'SHINERS ACADEMY', 19, 78),
(3627, 'KYAMUNGI PRIMARY', 19, 80),
(3628, 'MUSOKANI PRIMARY SCHOOL', 19, 81),
(3629, 'KISIKINI PRI', 19, 80),
(3630, 'NZUNGUNI PRI SCH', 19, 80),
(3631, 'KWA KASAU PRI SCH', 19, 80),
(3632, 'KOMBU SPECIAL UNIT', 19, 80),
(3633, 'KALEMBWA PRIMARY SCHOOL', 19, 81),
(3634, 'ITUUSYA PRIMARY', 19, 80),
(3635, 'KATWALA PRI', 19, 80),
(3636, 'INYOOKONI PRIMARY', 19, 80),
(3637, 'KWA-NZULA PR', 19, 81),
(3638, 'MIKUYU MIKYA SPECIAL UNIT', 19, 80),
(3639, 'KYANGWA PRI SCH', 19, 80),
(3640, 'KIKUUNI PRI SCH', 19, 80),
(3641, 'KAKAME PRI SCH', 19, 80),
(3642, 'MATUNDU PRIMARY', 19, 80),
(3643, 'MANGULU PRI', 19, 81),
(3644, 'KALALANI PRIMARY', 19, 80),
(3645, 'MUTHUNZUU PRI', 19, 81),
(3646, 'KILONZO M. MASEMBWA ACADEMY', 19, 81),
(3647, 'SYUMAKETHE PRIMARY', 19, 81),
(3648, 'MUAMBANI PRIMARY', 19, 80),
(3649, 'KATHIVO SPECIAL UNIT', 19, 80),
(3650, 'MUMBUNI BARAKA PRI', 19, 81),
(3651, 'MASEKI SPECIAL UNIT', 19, 80),
(3652, 'KISUNGULA PRI', 19, 81),
(3653, 'ARC PRI SCH', 19, 80),
(3654, 'KATUNDU PRIMARY', 19, 80),
(3655, 'VOO SPECIAL UNIT', 19, 80),
(3656, 'PELENA PRIMARY', 19, 80),
(3657, 'SYOMUTWA BETHEL PRIMARY', 19, 80),
(3658, 'SYOMUNYU PRIMARY', 19, 80),
(3659, 'JOSE PRIMARY SCH', 19, 80),
(3660, 'KITHAE PRI SCH', 19, 80),
(3661, 'GOSUN COMPLEX PRIMARY', 19, 80),
(3662, 'WINDIU PRI SCH', 19, 80),
(3663, 'YOVOVO PRI SCH', 19, 80),
(3664, 'TULIA SPECIAL UNIT', 19, 80),
(3665, 'MOMBUNI COMPLEX ACADEMY', 19, 81),
(3666, 'YULAMBO PRI SCH', 19, 80),
(3667, 'KYALILINI PRI SCH', 19, 80),
(3668, 'MATINYANI DEB SPECIAL UNIT', 19, 80),
(3669, 'KIVAKI PRI SCH', 19, 80),
(3670, 'NYUANI PRIMARY', 19, 80),
(3671, 'EMCO ACA', 19, 80),
(3672, 'TUTU PRI SCH', 19, 80),
(3673, 'KAVUTEI PRI SCH', 19, 80),
(3674, 'SOSOMA PRIMARY SCHOOL', 19, 81),
(3675, 'KALIMBEVO SPECIAL UNIT', 19, 80),
(3676, 'KWANZOU PRI SCH', 19, 80),
(3677, 'RACEFIELD ACADEMY', 19, 81),
(3678, 'KAANGAWA PRI SCH', 19, 80),
(3679, 'KITOONI PRIMARY', 19, 80),
(3680, 'MASIMBA PRIMARY', 19, 80),
(3681, 'KILUMA PRI SCH', 19, 80),
(3682, 'SHANDAA BOARDING PRI SCH', 19, 80),
(3683, 'NGUUTANI JUNIOR ACADEMY', 19, 81),
(3684, 'KAMUSILIU JUNIOR ACADEMY', 19, 81),
(3685, 'MUSONOKE PRI', 19, 81),
(3686, 'KIVILI PRIMARY', 19, 80),
(3687, 'KIANZANI PRI', 19, 81),
(3688, 'VIENGELENI PRI SCH', 19, 80),
(3689, 'WINDUMA PRI SCH', 19, 80),
(3690, 'NGUUTONI ELITE EDUCATION CENTRE', 19, 81),
(3691, 'SYOMITHUMO PRI SCH', 19, 80),
(3692, 'MAKEKEE PRIMARY', 19, 80),
(3693, 'MANZUVA PRI', 19, 81),
(3694, 'NDUNGUNI PRI', 19, 81),
(3695, 'MUTHA SPECIAL UNIT', 19, 80),
(3696, 'NGUSWINI PRIMARY', 19, 80),
(3697, 'MUTYAUA PRI SCH', 19, 80),
(3698, 'KASOYANI PRI SCH', 19, 80),
(3699, 'WINGETHI PRI SCH', 19, 80),
(3700, 'KATHITA PRIMARY', 19, 81),
(3701, 'ST PATRICK''S JUNIOUR ACADEMY', 19, 81),
(3702, 'KILISA PRI SCH', 19, 80),
(3703, 'KAAYO PRIMARY', 19, 80),
(3704, 'THOME PRI SCH', 19, 80),
(3705, 'THE BRIDGE ACADEMY', 19, 81),
(3706, 'ST. PATRICKS MIXED BOARDING PRIMARY SCHOOL', 19, 81),
(3707, 'KAVETE PRIMARY', 19, 80),
(3708, 'KYAMAKO PRIMARY', 19, 80),
(3709, 'ST. JOSEPH KAINDU PRIMARY', 19, 80),
(3710, 'KYAMBAA PRI', 19, 81),
(3711, 'HOLY FAMILY PRI SCH', 19, 80),
(3712, 'KIIMANI PRIMARY', 19, 80),
(3713, 'KANGALA PRI SCH', 19, 80),
(3714, 'KANYUNGU PRIMARY', 19, 81),
(3715, 'IMELU PRI SCH', 19, 80),
(3716, 'KYUSO FGCK ACADEMY', 19, 81),
(3717, 'KWITU ACADEMY', 19, 81),
(3718, 'KAKUNIO PRI SCH', 19, 80),
(3719, 'KAMALUVE PRI SCH', 19, 80),
(3720, 'PRISIM ACADEMY', 19, 81),
(3721, 'KALWEMBE PRY SCH', 20, 83),
(3722, 'PORE TUMAINI', 20, 83),
(3723, 'LIVETTY ACA PRY', 20, 83),
(3724, 'GATEWAY ACADEMY PRY SCH', 20, 83),
(3725, 'UMOJA DIANI ACADEMY PRI  SCH', 20, 83),
(3726, 'MWANGOLOTO PRY SCH', 20, 83),
(3727, 'NDOHIVYO SPECIAL SCH', 20, 83),
(3728, 'ST JESSICA PRI SCH', 20, 83),
(3729, 'ST. ANIORITA MIVUMA PRI  SCH', 20, 83),
(3730, 'GREEN HILLS ACA. PRY SCH', 20, 83),
(3731, 'TUMAINI ACADEMY PRI  SCH', 20, 83),
(3732, 'GORA PRY SCH', 20, 83),
(3733, 'LAMUKANI PRY', 20, 83),
(3734, 'MAGALE PRY SCH', 20, 83),
(3735, 'MIMUYUMBA SPECIAL UNIT', 20, 83),
(3736, 'MIMUYUMBA PRY SCH', 20, 83),
(3737, 'KICHAKAMKWAJU SPECIAL UNIT FOR H.I', 20, 83),
(3738, 'KUMBULU PRY SCH', 20, 83),
(3739, 'MAZERAS JUNIOR PRI SCH', 20, 83),
(3740, 'BISHOP KALU PRY SCH', 20, 83),
(3741, 'VICHENGELENI PRY', 20, 83),
(3742, 'GAKALE ACADEMY PRI SCH', 20, 83),
(3743, 'NEEMA ACA PRY SCH', 20, 83),
(3744, 'KWALE SCHOOL FOR THE DEAF-PRY', 20, 83),
(3745, 'VISION OF HOPE ACADEMY PRI SCH', 20, 83),
(3746, 'KWALE SCH FOR MENTLLY HANDICAPPED PRI', 20, 83),
(3747, 'KINANGO METHODIST ACA PRY SCH', 20, 83),
(3748, 'ST. JOSEPH''S PRY UNIT FOR THE DEAF', 20, 83),
(3749, 'IQRA JUNIOR PRI SCH', 20, 83),
(3750, 'MIATSANI PEFA PRY', 20, 83),
(3751, 'GOPHA PRI  SCH', 20, 83),
(3752, 'KINARINI PRI SCH', 20, 83),
(3753, 'KENYA CALCIUM PRI SCH', 20, 83),
(3754, 'MWANGAZA ACADEMY PRY SCH', 20, 84),
(3755, 'MATUNDA BORA ACA PRY', 20, 83),
(3756, 'KAGERA ACADEMY PRY SCH', 20, 83),
(3757, 'MAA ACA. PRY', 20, 83),
(3758, 'MAZOLA PRY SCH', 20, 83),
(3759, 'TUMAINI BAPTIST ACA PRY', 20, 83),
(3760, 'MWANGAZA ACADEMY PRY SCH', 20, 83),
(3761, 'CHIRIMACHAUHA PRY SCH', 20, 83),
(3762, 'GANJA LA SIMBA PRI  SCH', 20, 83),
(3763, 'WAMASA PRY', 20, 83),
(3764, 'MWABUNGO PRI SCH', 20, 83),
(3765, 'KIPAMBANI PRY', 20, 83),
(3766, 'SEACREST PREP. PRY', 20, 83),
(3767, 'ST. FRANCIS ACADEMY PRY SCH', 20, 83),
(3768, 'CHILDREN RESCUE ACADEMY PRY', 20, 83),
(3769, 'KARAMA PRY', 20, 83),
(3770, 'SOUTH COAST JUNIOR ACADEMY PRY SCH', 20, 83),
(3771, 'DIANI OASIS ACA PRY', 20, 83),
(3772, 'MLUNGUNIPA ACADEMY PRY SCH', 20, 83),
(3773, 'MWAKIGWENA SPECIAL UNIT', 20, 83),
(3774, 'FAITH ACA PRI SCH', 20, 83),
(3775, 'MILALANI SPECIAL UNIT', 20, 83),
(3776, 'MARY MOTHER ACA. PRY', 20, 83),
(3777, 'NIKAPHU PRY', 20, 83),
(3778, 'IMPALA PRY SCH', 21, 85),
(3779, 'JANE AND HILDA ACADEMY PRY', 21, 85),
(3780, 'GAKEU PRY SCH', 21, 85),
(3781, 'KIAHITI PRY SCH', 21, 85),
(3782, 'DAIGA SPECIAL UNIT', 21, 85),
(3783, 'MAMUROCK JUNIOR ACADEMY PRY', 21, 85),
(3784, 'SILALE PRI SCH', 21, 85),
(3785, 'ST JUSTINA ACA. PRY SCH', 21, 85),
(3786, 'NANYUKI PREPARATORY PRY SCH', 21, 85),
(3787, 'MUMMY''S JUNIOR PRI SCH', 21, 85),
(3788, 'KALALU SPECIAL UNIT', 21, 85),
(3789, 'KIJABE PRY SCH', 21, 85),
(3790, 'ST. XAVIER''S ACA. PRY SCH', 21, 85),
(3791, 'WORLD HOPE ACADEMY PRI SCH', 21, 85),
(3792, 'BETHEL PRY SCH NANYUKI', 21, 85),
(3793, 'LIKII SPECIAL SCH', 21, 85),
(3794, 'NYARIGINU SPECIAL UNIT', 21, 85),
(3795, 'ELIMU ACA. PRY SCH', 21, 85),
(3796, 'NEW LIFE ACADEMY PRI SCH', 21, 85),
(3797, 'KINGS JUNIOR PRI', 21, 85),
(3798, 'KINGS JUNIOR ACADEMY PRIMARY', 21, 86),
(3799, 'ACK KALALU PRY SCH', 21, 85),
(3800, 'MELBON PRY SCH', 21, 85),
(3801, 'VICTORY JUNIOR ACA. PRY SCH', 21, 85),
(3802, 'SOLOWA ACA. PRY SCH', 21, 85),
(3803, 'JOHN PAUL II PRI SCH', 21, 85),
(3804, 'JOERA ACA PRY', 21, 85),
(3805, 'NYAHURURU PCEA ACADEMY PRY', 21, 85),
(3806, 'NGARENARO SPECIAL UNIT', 21, 85),
(3807, 'NANYUKI PEAKVIEW ACA. PRY SCH', 21, 85),
(3808, 'PRISPET ACA. PRY SCH', 21, 85),
(3809, '2005 MUNICIPALITY MARIAKANI PRI SCH', 21, 85),
(3810, 'JUBILEE ACADEMY PRI. SCH', 21, 87),
(3811, 'SHALOW MARK PRI SCH', 21, 85),
(3812, 'ST PAULS'' ACADEMY PRI SCH', 21, 85),
(3813, 'ZIWANI JUINIOR ACADEMY PRI SCH', 21, 85),
(3814, 'OASIS PRI SCH', 21, 85),
(3815, 'BINGWA SPECIAL UNIT', 21, 85),
(3816, 'SAMUEL KAMANDE MWAURA PRI SCH', 21, 85),
(3817, 'NYAHURURU VICTORY ACADEMY PRI SCH', 21, 85),
(3818, 'TETU WA MBURI PRY SCH', 21, 85),
(3819, 'GREEN ANGELS JUNIOR PRI SCH', 21, 85),
(3820, 'FAITH JUNIOR PRI', 21, 85),
(3821, 'VALEY VIEW ACADEMY PRI SCH', 21, 85),
(3822, 'SUNSHINE MORNING STAR ACADEMY PRI SCH', 21, 85),
(3823, 'TINGA MARA PRY SCH', 21, 85),
(3824, 'MERIGWITI PRY SCH', 21, 85),
(3825, 'DAYSTAR ACA PRY', 21, 85),
(3826, 'KAHUHO PRY SCH', 21, 85),
(3827, 'MUTARAKWA PRY SCH', 21, 85),
(3828, 'MIRANGO PRY SCH', 21, 85),
(3829, 'NG''ABOLO PRY SCH', 21, 85),
(3830, 'WANGWACHI PRY SCH', 21, 85),
(3831, 'ILMOTIOK PRY SCH', 21, 85),
(3832, 'OLMUTUNYI PRY SCH', 21, 85),
(3833, 'CEM GOOD HOPE ACA. PRY SCH', 21, 85),
(3834, 'UNIQUE IDEAL ACA. PRY SCH', 21, 85),
(3835, 'ROYAL GLORY ACADEMY PRY', 21, 85),
(3836, 'NDINDIKA PRY SCH', 21, 85),
(3837, 'ST. JOSEPH LAIKIPIA ACA PRY', 21, 85),
(3838, 'KIRUNGUBII ACA PRY', 21, 85),
(3839, 'KINAMBA SPECIAL SCH', 21, 85),
(3840, 'BIDII ACA PRY', 21, 85),
(3841, 'SIPILI SCH FOR THE DEAF PRY', 21, 85),
(3842, 'TANDARE JUNIOR ACA PRY SCH', 21, 85),
(3843, 'DAMSITE JUNIOR PRY SCH', 21, 85),
(3844, 'OLKINYEI PRY SCH', 21, 85),
(3845, 'GERIZIM ACA PRY', 21, 85),
(3846, 'ASIANTE ACADEMY', 21, 85),
(3847, 'KABURWO PRIMARY', 21, 85),
(3848, 'GATAMI PRY SCH', 21, 85),
(3849, 'KAHAWA ACADEMY PRY', 21, 85),
(3850, 'FRAJASA ACADEMY PRY', 21, 85),
(3851, 'OL NGARUA SPECIAL UNIT', 21, 85),
(3852, 'KIDRON BROOKE JUNIOR PRY SCH', 21, 85),
(3853, 'SANGA PRY SCH', 21, 85),
(3854, 'PCEA MUHOTETU ACA PRY', 21, 85),
(3855, 'SOUTH RIFT ACA PRY', 21, 85),
(3856, 'MELWA SPECIAL UNIT', 21, 85),
(3857, 'RETETI PRY SCH', 21, 85),
(3858, 'THE SEED ACA. PRY SCH', 21, 85),
(3859, 'RIVERSIDE PRY SCH', 21, 85),
(3860, 'KIHATO SPECIAL SCH', 21, 85),
(3861, 'THARUA SPECIAL SCH', 21, 85),
(3862, 'OTHAYA M.C PRI  SCH', 21, 85),
(3863, 'MWIYOGO PRY SCH', 21, 85),
(3864, 'MUTHENGERA SPECIAL UNIT', 21, 85),
(3865, 'FRAMER PRY SCH', 21, 85),
(3866, 'DICKSON MEMORIAL ACA PRY', 21, 85),
(3867, 'ST PATRICKS WINNERS ACA PRY', 21, 85),
(3868, 'JM GOODHOPE PRI', 21, 86),
(3869, 'KARUNGU PRY SCH', 21, 85),
(3870, 'MARMANET HILL PRY SCH', 21, 85),
(3871, 'GATERO SPECIAL SCH', 21, 85),
(3872, 'KIAHUKO PRY SCH', 21, 85),
(3873, 'ABERDARE FOUNTAIN ACA. PRY SCH', 21, 85),
(3874, 'SWEET SPRINGS PRY SCH', 21, 85),
(3875, 'UASO NYIRO ANNEX PRI SCH', 21, 85),
(3876, 'OLTAFFETA SPECIAL UNIT', 21, 85),
(3877, 'IMENTI PRY SCH', 21, 85),
(3878, 'TIGITHI SPECIAL UNIT', 21, 85),
(3879, 'GOOD HOPE ACA PRY', 21, 85),
(3880, 'ST. PETER MUKURI ACA. PRY SCH', 21, 85),
(3881, 'NGOBIT RIVERSIDE ACA PRY', 21, 85),
(3882, 'RONDA PRI SCH', 21, 85),
(3883, 'ST. FRANCIS PRY SCH KWANJIKU', 21, 85),
(3884, 'OKOA ACAD PRI', 21, 85),
(3885, 'LOCHWAETOM PRY SCH', 21, 85),
(3886, 'SUGUROI PRY SCH', 21, 85),
(3887, 'MANDA PRI SCH', 22, 88),
(3888, 'GOOD SHEPHERD ACADEMY PRI SCH', 22, 88),
(3889, 'SWABAHA PRI SCH', 22, 88),
(3890, 'SWAFAA ACADEMY PRI SCH', 22, 88),
(3891, 'LAKE SIDE PRI SCH', 22, 88),
(3892, 'MTANGAWANDA PRI SCH', 22, 88),
(3893, 'BODHAI PRIMARY SCHOOL', 22, 89),
(3894, 'SHANGA PRI SCH', 22, 88),
(3895, 'IMARA DAIMA PRI SCH', 22, 88),
(3896, 'LAMU AMANI ACADEMY PRI SCH', 22, 88),
(3897, 'KIPUNGANI PRI SCH', 22, 88),
(3898, 'DAMBWE PRI SCH', 22, 88),
(3899, 'TUMAINI SABASABA PRI SCH', 22, 88),
(3900, 'TELELANI PRI SCH', 22, 88),
(3901, 'UZIWA PRI SCH', 22, 88),
(3902, 'ALFA MACUS PRIMARY', 23, 90),
(3903, 'ST. LUCIA EDUCATIONAL COMPLEX', 23, 90),
(3904, 'UNITY EDUCATIONAL PRIMARY', 23, 90),
(3905, 'GATE HOUSE PREPARATORY', 23, 90),
(3906, 'TULILA PRI SCH', 23, 90),
(3907, 'MENTORS ACADEMY PRIMARY SCH', 23, 90),
(3908, 'MATUU DELIGHT ACADEMY', 23, 90),
(3909, 'NDULUKU PRI', 23, 90),
(3910, 'ST JOSEPH INTEGRATED SCH', 23, 90),
(3911, 'KWAMWENZE PRI SCH', 23, 90),
(3912, 'MAGODO COMPLEX PRI SCH', 23, 90),
(3913, 'NOTRE DAME PRI SCH', 23, 90),
(3914, 'NASHVILL ACADEMY', 23, 90),
(3915, 'KASIONI PRIMARY', 23, 90),
(3916, 'LUSAM GLORIOUS PRIMARY', 23, 90),
(3917, 'MAJA PRIMARY', 23, 90),
(3918, 'KIKUUNI PRIMARY', 23, 90),
(3919, 'UTHINI ACADEMY PRI SCH', 23, 90),
(3920, 'MIUMBUNI PREPARATORY', 23, 90),
(3921, 'ACACIA PLAINS ACADEMY PRI SCH', 23, 90),
(3922, 'KATHIANIONI PRIMARY SCHOOL', 23, 90),
(3923, 'TOP PERFORMANCE ACADEMY PRI', 23, 90),
(3924, 'KALILUNI PRI SCH', 23, 90),
(3925, 'MITABONI SPECIAL UNIT FOR MENTALLY HANDICAPPED', 23, 90),
(3926, 'MATHUNYA A.B.C. ACADEMY', 23, 90),
(3927, 'WAMUNYU SCH FOR MENTALLY HANDICAPPED', 23, 90),
(3928, 'WISEKIDS ACADEMY PRI', 23, 90),
(3929, 'KAMANZI PRI SCH', 23, 90),
(3930, 'KINGS BROOK ACADEMY PRI', 23, 90),
(3931, 'SKYLIGHT JUNIOR ACADEMY PRI', 23, 90),
(3932, 'FEMI JUNIOR ACADEMY PRI', 23, 90),
(3933, 'NEW STAR ACADEMY PRI', 23, 90),
(3934, 'HUDUMA SCH PRI', 23, 90),
(3935, 'PREMISE VISION 2020 JUNIOR ACADEMY', 23, 90),
(3936, 'JOYLAND VISION ACADEMY', 23, 90),
(3937, 'MT OLIVES ACADEMY PRI SCH', 23, 90),
(3938, 'ST MARTINS JUNIOR ACADEMY', 23, 90),
(3939, 'SOLOMON SCH PRI', 23, 90),
(3940, 'NIKO ACADEMY PRI', 23, 90),
(3941, 'HERITAGE OF FAITH CHRISTIAN  PRI SCH', 23, 90),
(3942, 'VIEWPOINT ACADEMY PRI SCH', 23, 90),
(3943, 'REHOBOTH ACADEMY PRI SCH', 23, 90);
INSERT INTO `school` (`school_id`, `school_name`, `school_county_id`, `school_district_id`) VALUES
(3944, 'AIC KATHEKA PRI', 23, 90),
(3945, 'SPRINGS ED CENTER PRI', 23, 90),
(3946, 'ZION JUNIOR ACADEMY PRIMRY', 23, 90),
(3947, 'ESDOR HIGHRISE ACADEMY-PRIMARY', 23, 90),
(3948, 'OUR LADY QUEEN OF PEACE KATANGI', 23, 90),
(3949, 'WAMUNYU REDEEMED ACADEMY', 23, 90),
(3950, 'OUR LADY QUEEN OF PEACE PRI', 23, 90),
(3951, 'MIKAMENI PRI SCH', 23, 90),
(3952, 'ABC KATHIANI ACADEMY', 23, 90),
(3953, 'KYAKITOVE PRIMARY', 23, 90),
(3954, 'AIC KYANDA PRI', 23, 90),
(3955, 'KATANGI SPECIAL UNIT', 23, 90),
(3956, 'KISAANI PRI', 23, 90),
(3957, 'MAVOKO EDUCATIONAL CENTRE PRI', 23, 90),
(3958, 'KWA KALUSYA PRI SCH', 23, 90),
(3959, 'KATHAMA PRIMARY SCHOOL', 23, 90),
(3960, 'KIUNI PREPARATORY SCH. PRI', 23, 90),
(3961, 'MBASUU ACADEMY-PRI SCH', 23, 90),
(3962, 'KATHUKI A.I.C PRI', 23, 90),
(3963, 'KATHUKI PRI SCH', 23, 90),
(3964, '39 BRIDGE ACADEMY NUR', 23, 90),
(3965, 'KANGONDE PRI SCH', 23, 90),
(3966, '39 BRIGE ACADEMY PRI SCH', 23, 90),
(3967, 'SHALOMARK JUNIOR ACADEMY-PRI SCH', 23, 90),
(3968, 'ATHIRIVER REDEEMED ACADEMY PRI', 23, 90),
(3969, 'ST EMMANUEL JUNIOR ACADEMY PRI', 23, 90),
(3970, 'ATHI MEADOW ACADEMY PRI SCH', 23, 90),
(3971, 'HAVENTON ACA PRI SCH', 23, 90),
(3972, 'FIRST BAPTIST ACADEMY PRI', 23, 90),
(3973, 'EMBAKASI PRI SCH', 23, 90),
(3974, 'ST. PETER''S PRI SCH', 23, 90),
(3975, 'MASII ACADEMY', 23, 90),
(3976, 'WISDOM ACADEMY PRI', 23, 90),
(3977, 'THANKSGIVING ACADEMY PRI SCH', 23, 90),
(3978, 'ATHI PLAINS ACADEMY PRI', 23, 90),
(3979, 'ACK ST PAULS ACADEMY PRI', 23, 90),
(3980, 'GLORY TALENT ACADEMY PRI', 23, 90),
(3981, 'MARIEVALE SCH PRI', 23, 90),
(3982, 'ZOOM JUNIOR ACADEMY', 23, 90),
(3983, 'MUNANDANI PRI SCH', 23, 90),
(3984, 'ZAU SXH PRI', 23, 90),
(3985, 'ST BENEDICT MONTESSOR IJUNIOR ACADEMY PRI', 23, 90),
(3986, 'RAY PRI SCH', 23, 90),
(3987, 'JOY ACA PRI SCH', 23, 90),
(3988, 'WONI COMPLEX ACADEMY PRIMARY', 23, 90),
(3989, 'ST MARYS MASINGA ACADEMY PRIMARY', 23, 90),
(3990, 'LUZ ACADEMY PRI', 23, 90),
(3991, 'REAL JUNIOR SCH PRI', 23, 90),
(3992, 'ROYAL ATAR ACADEMY- PRI', 23, 94),
(3993, 'THE MAGUTU SCHOOL', 23, 94),
(3994, 'KIUSYANI PRI', 23, 90),
(3995, 'KITETENI PRI SCH', 23, 90),
(3996, 'ABC KYEENTHEI PRI', 23, 90),
(3997, 'A.I.C KATITHI PRI', 23, 90),
(3998, 'MWANGAZA PRI SCH MASII', 23, 90),
(3999, 'NDELEKENI PRI SCH', 23, 90),
(4000, 'KAMANGULU PRI SCH', 23, 90),
(4001, 'LUKENYA ACADEMY IGCSE', 23, 90),
(4002, 'GATE WAY JUNIOR ACADEMY PRI', 23, 90),
(4003, 'CANINI BEE HIVE CENTRE (PRI)', 23, 90),
(4004, 'KYAITHA NUR SCH', 23, 90),
(4005, 'ST ANN JOSTER ACADEMY', 23, 90),
(4006, 'ST.JOYCE JUNIOR ACADEMY PRI', 23, 90),
(4007, 'TIP-TOP ACADEMY PRI', 23, 90),
(4008, 'ABC ACADEMY', 23, 90),
(4009, 'KIUUKUNI PRI SCH', 23, 90),
(4010, 'MACHAKOS UNIT FOR THE MENTALLY HANDICAPPED', 23, 90),
(4011, 'KYOWANI NUR SCH', 23, 90),
(4012, 'INYANZAA PRI SCH', 23, 90),
(4013, 'KASENGELA PRI SCH', 23, 90),
(4014, 'MINYALALA PRIMARY', 23, 90),
(4015, 'BISHOP KIOKO PRI SCH', 23, 90),
(4016, 'KIANZABE PRIMARY SCHOOL', 23, 90),
(4017, 'GREEN HILL PRI SCH', 23, 90),
(4018, 'MATUNGULU ESTATE PRIMARY SCHOOL', 23, 90),
(4019, 'MILILU PRI SCH', 23, 90),
(4020, 'KATHAMA TOWNSHIP PRI SCH', 23, 90),
(4021, 'KYAANI PRIMARY', 23, 90),
(4022, 'MATHEINI AIC PRIMARY SCH', 23, 90),
(4023, 'NDOVOINI HOME FOR PHY. DISABLED', 23, 90),
(4024, 'KIATINENI PRIMARY', 23, 90),
(4025, 'MWITASYANO PRI', 23, 90),
(4026, 'MATUU ACADEMY-PRIMARY', 23, 90),
(4027, 'MATUU ESTATE ACADEMY', 23, 90),
(4028, 'KASINGA PRIMARY', 23, 95),
(4029, 'KALANDINI JUNIOR ACADEMY PRI SCH', 23, 90),
(4030, 'KIKUYUNI PRIMARY', 23, 90),
(4031, 'KISUKIONI SPECIAL UNIT', 23, 90),
(4032, 'KOLA PRIMARY', 23, 90),
(4033, 'KIAMBANI PRIMARY', 23, 90),
(4034, 'MUKALWA JUNIOR ACADEMY PRI SCH', 23, 90),
(4035, 'ST PATRICKS PRI SCH', 23, 90),
(4036, 'NZII PRI SCH', 23, 90),
(4037, 'BROOKVIEW ACADEMY', 23, 90),
(4038, 'MT SINAI PRI SCH', 23, 90),
(4039, 'KAMAIMBA PRI SCH', 23, 90),
(4040, 'TALA BOYS SPECIAL UNIT', 23, 90),
(4041, 'NICE VIEW ACADEMY', 23, 90),
(4042, 'KITHIMANI TOWNSHIP ACADEMY', 23, 90),
(4043, 'NGULUNI COUNTRYSIDE EDUCATION CENTRE  PRIMARY', 23, 90),
(4044, 'MACHAKOS REHABILITATION SCHOOL', 23, 90),
(4045, 'MAMA DARLENE CHILDRENS CENTRE PRIMARY', 23, 90),
(4046, 'KYENI ACADEMY PRI SCH', 23, 90),
(4047, 'KATHITYAMA SPECIAL  SCH', 23, 90),
(4048, 'KWA KALUNDE PRI SCH', 23, 90),
(4049, 'KANANS PRIMARY', 23, 90),
(4050, 'BRIDGE EDUCATION CENTRE PRIMARY', 23, 90),
(4051, 'ST CHARLES PRIMARY', 23, 90),
(4052, 'BRIDE WAY ACADEMY PRI', 23, 90),
(4053, 'ST.RUTH ACADEMY PRI SCH', 23, 90),
(4054, 'ST.FRANCIS MISYANI SPECIAL SCH', 23, 90),
(4055, 'TYTANN JUNIOR ACADEMY-PRI', 23, 90),
(4056, 'KYAIMU PRI SCH', 23, 92),
(4057, 'LITTLE ANGELS ACADEMY-PRI SCH', 23, 90),
(4058, 'KANGUNDO DEB SPECIAL PRI SCH', 23, 90),
(4059, 'MULLI ACADEMY PRI SCH', 23, 90),
(4060, 'KAVWEA PRI SCH', 23, 90),
(4061, 'MBONDONI PRI SCH', 23, 90),
(4062, 'KANGANGINI PRI SCH', 23, 90),
(4063, 'MBIIANI PRIMARY SCH', 23, 90),
(4064, 'KANGOKO PRIMARY SCHOOL', 23, 90),
(4065, 'IUUMA PRI SCH', 23, 90),
(4066, 'ST.ENOS PRIMARY SCHOOL', 23, 90),
(4067, 'MALOONI PRIMARY', 23, 90),
(4068, 'KIVULUNI PRI SCH', 23, 90),
(4069, 'KYUSYANI PRIMARY', 23, 90),
(4070, 'KITHAAYONI PRY', 24, 93),
(4071, 'TUTUTHA SPECIAL CLASS', 24, 93),
(4072, 'MBOTELA PRI', 24, 93),
(4073, 'TREASURE ACAD PRY', 24, 93),
(4074, 'ITITU SPECIAL UNIT', 24, 93),
(4075, 'SWAMP VIEW SCH', 24, 93),
(4076, 'ITHEMBONI BOYS PRY', 24, 93),
(4077, 'KAVUVONI PRY', 24, 93),
(4078, 'THUMBI SPECIAL UNIT', 24, 93),
(4079, 'CHRISTOPHER KIAMBA MEMORIAL SCH', 24, 93),
(4080, 'GLORY CENTRE PRI SCH', 24, 94),
(4081, 'ABC THWAKE PRY', 24, 93),
(4082, 'KWA-MALUVYU PRI SCH', 24, 93),
(4083, 'THE REDEEMED ACADEMY', 24, 93),
(4084, 'MT ZION PRI SCH', 24, 94),
(4085, 'NTHAANI SPECIAL UNIT', 24, 93),
(4086, 'KISINGO PRY SPECIAL', 24, 93),
(4087, 'KITHANGAINI PRY', 24, 93),
(4088, 'KAMUNYU PRI SCH', 24, 93),
(4089, 'KIVANDINI PRIMARY', 24, 90),
(4090, 'GLOBAL VILLAGE ACADEMY', 24, 93),
(4091, 'MISANI PRI SCH', 24, 93),
(4092, 'KYUU SPECIAL UNIT', 24, 93),
(4093, 'CHOSEN CHRISTIAN PRI', 24, 93),
(4094, 'ST. TERESIA KILUNGU ACADEMY', 24, 93),
(4095, 'ILIKONI PRI SCH', 24, 93),
(4096, 'ST CATHERINE MIXED DAY BOARDING PRI', 24, 93),
(4097, 'KIKONGONI PRIMARY', 24, 90),
(4098, 'MAKUTANO PRI', 24, 95),
(4099, 'KANAANI PRY', 24, 93),
(4100, 'IKOYO PRY', 24, 93),
(4101, 'MULU MUTISYA PRI SCH', 24, 93),
(4102, 'MUTANDA PRI SCH', 24, 93),
(4103, 'DELIVERANCE PRI SCH', 24, 93),
(4104, 'ST MARTINS DE PORES', 24, 93),
(4105, 'NGILANI PRI SCH', 24, 93),
(4106, 'MUNYUNI PRY', 24, 93),
(4107, 'NZOILA PRI SPECIAL UNIT', 24, 93),
(4108, 'KIVANI SPECIAL UNIT', 24, 93),
(4109, 'ITHAAYONI PRY', 24, 93),
(4110, 'KYAMUNYAE PRY', 24, 93),
(4111, 'KATULANI SPECIAL UNIT', 24, 93),
(4112, 'KAIONI SPECIAL UNIT', 24, 93),
(4113, 'MITOONI PRI', 24, 93),
(4114, 'MIKOMANI PRI SCH', 24, 93),
(4115, 'KITIVO PRI SCH', 24, 92),
(4116, 'KAVUNGWA PRI SCH', 24, 93),
(4117, 'ST JOACHIMS ACADEMY', 24, 93),
(4118, 'KIAONI SPECIAL EDUCATION UNIT', 24, 93),
(4119, 'NEEMA JUNIOR ACADEMY PRY', 24, 93),
(4120, 'MUTOMO PRI SCH', 24, 92),
(4121, 'ST PETERS PRY', 24, 96),
(4122, 'KATHEANI PRY', 24, 93),
(4123, 'NGILUNI PRY', 24, 93),
(4124, 'ITULU PRY SCH', 24, 93),
(4125, 'KIKUMINI SPECIAL UNIT', 24, 93),
(4126, 'NGOMANO PRI SCH', 24, 90),
(4127, 'ST. JOSEPH''S ACADEMY, KAIMONI', 24, 93),
(4128, 'WIVIA PRY', 24, 93),
(4129, 'KYANGUNZU PRIMARY', 24, 93),
(4130, 'KATIKOMU PRI SCH', 24, 93),
(4131, 'KAMWELI EDUCATIONAL CENTRE', 24, 93),
(4132, 'ILINGONI SPECIAL UNIT', 24, 93),
(4133, 'MUKAMENI SPECIAL UNIT', 24, 93),
(4134, 'MALILI PRIMARY', 24, 90),
(4135, 'MBYANI PRI', 24, 93),
(4136, 'YIEINI PRY', 24, 93),
(4137, 'KAKULI PRY', 24, 93),
(4138, 'MUTHITHA PRY', 24, 93),
(4139, 'ST. PETER''S JUNIOR ACADEMY', 24, 93),
(4140, 'MAKUTANO PRY', 24, 93),
(4141, 'NGUKUNI PRI SCH', 24, 93),
(4142, 'KILUNGU PRI SCH', 24, 92),
(4143, 'J.J. PRIMARY SCHOOL', 24, 93),
(4144, 'MUTINI PRY', 24, 93),
(4145, 'MWEA SPECIAL UNIT', 24, 93),
(4146, 'ITULANDOO PRY', 24, 93),
(4147, 'KYANGOMA SPECIAL UNIT', 24, 93),
(4148, 'NDONGUNI PRY', 24, 93),
(4149, 'MUTANTHEEU PRY', 24, 93),
(4150, 'KITULANI PRY', 24, 93),
(4151, 'KAKUSWI SPECIAL UNIT', 24, 93),
(4152, 'NGULUNI PRI', 24, 90),
(4153, 'SYENGONI PRY', 24, 93),
(4154, 'KITUNDU SPECIAL UNIT', 24, 93),
(4155, 'THUMBI PRY', 24, 93),
(4156, 'MUMBE JUNOUR ACADEMY PRY', 24, 93),
(4157, 'NTHUNGUNI PRI', 24, 93),
(4158, 'KALIANI PRI', 24, 95),
(4159, 'TRAVELLERS OASIS CENTRE', 24, 93),
(4160, 'KWAKYAMBU SPECIAL CLASS', 24, 93),
(4161, 'HOLY SPRINGS PRI SCH', 24, 94),
(4162, 'NGILUNI PRI SCH', 24, 92),
(4163, 'IANDUINI PRY', 24, 93),
(4164, 'MANOONI PRI SCH', 24, 92),
(4165, 'FAITH JUNIOR ACAD PRY', 24, 93),
(4166, 'MAKINDU SUNRISE ACA PRY', 24, 93),
(4167, 'MASAANI PRI', 24, 93),
(4168, 'MAKUTANO PRI SCH', 24, 92),
(4169, 'MANOONI PRI SCH', 24, 92),
(4170, 'KITHONI PRI SCH', 24, 93),
(4171, 'ST PETERS PRY', 24, 93),
(4172, 'MAKASA PRY', 24, 93),
(4173, 'NGUKUNI SPECIAL UNIT', 24, 93),
(4174, 'KITHEINI PRI', 24, 93),
(4175, 'OLLA PRI', 25, 97),
(4176, 'DABA CITY PRI SCH', 25, 97),
(4177, 'HARERI HOSLE PRI', 25, 97),
(4178, 'OMAR JILLOW PRI', 25, 97),
(4179, 'GUTICHA PRI', 25, 97),
(4180, 'BAMBO PRI SCH', 25, 97),
(4181, 'GARI HILLS PRI', 25, 97),
(4182, 'WARANKARA PRI', 25, 97),
(4183, 'FINO BOARDING PRI', 25, 97),
(4184, 'ELELE PRI SCH', 25, 97),
(4185, 'QURAMATHOW PRI SCH', 25, 97),
(4186, 'KAMOR LIBAN PRI', 25, 97),
(4187, 'DAMASA PRI', 25, 97),
(4188, 'LAFEY BOARDING PRI', 25, 97),
(4189, 'DAVA SPECIAL UNIT', 25, 97),
(4190, 'BURMAYO MANDERA', 25, 97),
(4191, 'ARESA PRI SCH', 25, 97),
(4192, 'BURMAYO PRI SCH', 25, 97),
(4193, 'GADUDIA PRI SCH', 25, 97),
(4194, 'MANDERA ARID ZONE SPECIAL UNIT', 25, 97),
(4195, 'ALHUDA ACADEMY', 25, 97),
(4196, 'ALMASI PRI', 25, 97),
(4197, 'BULLA MPYA MENTAL UNIT', 25, 97),
(4198, 'JIVUNIE ACADEMY PRI', 25, 97),
(4199, 'MATARAJIO MIXED PRI SCH', 25, 97),
(4200, 'KAMOR PRI SCH', 25, 97),
(4201, 'MANDERA INTERGRATED PRI SCH', 25, 97),
(4202, 'CHIEF MOHAMED JARI SPECIAL UNIT', 25, 97),
(4203, 'QALANQALESA PRI SCH', 25, 97),
(4204, 'LIBAHYIA PRI', 25, 97),
(4205, 'ELWAK ACADEMY PRI', 25, 97),
(4206, 'GAR QARSA PRY SCH', 26, 98),
(4207, 'KAMATONYI PRY SCH', 26, 98),
(4208, 'ILLERET PRIMARY SCHOOL', 26, 98),
(4209, 'MERCY PRY SCH', 26, 98),
(4210, 'SKM UNIT FOR THE DEAF', 26, 98),
(4211, 'AMBALO PRI', 26, 99),
(4212, 'TURBI PRIMARY SCHOOL', 26, 98),
(4213, 'MOITE PRY SCH', 26, 98),
(4214, 'HELMER SCH', 26, 98),
(4215, 'RAWANA PRI', 26, 99),
(4216, 'DIRDIMA PRI', 26, 99),
(4217, 'ARAPAL PRY SCH', 26, 98),
(4218, 'FUNAN NYATTA PRI', 26, 99),
(4219, 'QATE PRI', 26, 99),
(4220, 'GODOMA DIDIQO PRI', 26, 99),
(4221, 'HOLALE PRI', 26, 99),
(4222, 'MANSILE PRI', 26, 99),
(4223, 'DADACH ELELE PRI', 26, 99),
(4224, 'BUTIYE SPECIAL UNIT', 26, 99),
(4225, 'MOYALE SPECIAL UNIT', 26, 99),
(4226, 'SAKU PRY SPECIAL UNIT', 26, 98),
(4227, 'BIDII ADVENTIST PRI', 26, 99),
(4228, 'SESSI PRI', 26, 99),
(4229, 'MUKH - GURRA PRI', 26, 99),
(4230, 'EL BESO PRY', 26, 98),
(4231, 'SOLOLO SPECIAL UNIT', 26, 99),
(4232, 'KARBURURI PRI', 26, 99),
(4233, 'FOROLLE PRY SCH', 26, 98),
(4234, 'GANGEISA PRY SCH', 26, 98),
(4235, 'LOSIKIRIACHI PRIMARY SCHOOL', 26, 98),
(4236, 'ARGI PRY SCH', 26, 98),
(4237, 'LUCIATI PRY', 27, 96),
(4238, 'ST MATHEWS ACADEMY', 27, 58),
(4239, 'ST. THOMAS ATHURI PRY SCH', 27, 96),
(4240, 'SAMURI ACADEMY', 27, 87),
(4241, 'CCM IRINDA SPECIAL UNIT', 27, 87),
(4242, 'KIERU PRY', 27, 96),
(4243, 'ST PAUL''S ACADEMY PRI', 27, 87),
(4244, 'SHALOM ACADEMY PRI', 27, 87),
(4245, 'E.A.P.C EBENEZZER ACADEMY PRY SCH', 27, 96),
(4246, 'FACING MT. KENYA PRIM. SCH.', 27, 87),
(4247, 'KIRUNG''A PRI SCH', 27, 87),
(4248, 'ARIMA SENIOR ACADEMY PRI', 27, 87),
(4249, 'PEACE JUNIOR COMPLEX PRI SCH', 27, 87),
(4250, 'BROOKTOWERS ACADEMY', 27, 87),
(4251, 'KATHUMBI F.K. ACADEMY PRI', 27, 87),
(4252, 'CCM THEGE PRI SCH', 27, 87),
(4253, 'ST BAKTA PRI SCH', 27, 87),
(4254, 'ANGAINE SPECIAL  SCH.', 27, 87),
(4255, 'KITHAENE  JUNIOR VICTORY ACADEMY PRIM SCH.', 27, 87),
(4256, 'MCK KAMBEREU BOARDING PRI', 27, 87),
(4257, 'KAMBEREU JUNIOR ACADEMY PRI', 27, 87),
(4258, 'CCM ONTULILI  SPECIAL SCH.', 27, 87),
(4259, 'KIANJAI IJUNIOR ACADEMY PRY SCH', 27, 96),
(4260, 'MINORS PRI SCH', 27, 87),
(4261, 'RED LION ACADEMY PRI', 27, 87),
(4262, 'MCK MUTHANGENE WOMEN FELLOWSHIP ACADEMY PRI', 27, 87),
(4263, 'NKURUNE NICA RIVERSIDE PRI', 27, 87),
(4264, 'GIKUMENE SPECIAL UNIT', 27, 87),
(4265, 'PROMISE ACADEMY PRI', 27, 87),
(4266, 'KIAROTHIRU PRI SCH', 27, 87),
(4267, 'URINGU SPECIAL CLASS', 27, 96),
(4268, 'KINGSWAY PREPARATORY SCH PRI', 27, 87),
(4269, 'BETHEL ACADEMY PRI', 27, 87),
(4270, 'DEB KIRANGA PR. SCH', 27, 87),
(4271, 'DEB ONTULILI  PRI. SCH.', 27, 87),
(4272, 'NKUBU SPECIAL UNIT', 27, 87),
(4273, 'AIPCA ST.MATHEW PRI. SCH.', 27, 87),
(4274, 'NTHIMBIRI SPECIAL UNIT', 27, 87),
(4275, 'ST ANNE CHUGU PRI', 27, 87),
(4276, 'HAND OF GOD ACADEMY PRI SCH', 27, 87),
(4277, 'TABATA SPECIAL UNIT', 27, 87),
(4278, 'GODANS B ACADEMY', 27, 87),
(4279, 'KANTHUNGU PRI SCH', 27, 87),
(4280, 'ST ANNEMONA ACADEMY PRI', 27, 87),
(4281, 'ANTUARIMATA PRY', 27, 96),
(4282, 'GREEN GATE ACADEMY PRI', 27, 87),
(4283, 'ANNE''S JUNIOR ACADEMY PRI', 27, 87),
(4284, 'KAAGA SCH FOR THE DEAF PRI', 27, 87),
(4285, 'S.A NDURUMONI PRI', 27, 102),
(4286, 'BRIGHT HILL ACA. PRY-AMUNJO MUTHORI', 27, 96),
(4287, 'NEW HOPE LOWA NGILA PRI SCH', 27, 107),
(4288, 'KAAGA CENTRE ACADEMY PRI', 27, 87),
(4289, 'YOUNGSTERS ACADEMY PRI', 27, 87),
(4290, 'PCEA MWANGAZA ACADEMY PRI SCH', 27, 87),
(4291, 'WILLY''S ACADEMY PRI SCH', 27, 87),
(4292, 'KIIRUA SDA BOARDING PRI', 27, 87),
(4293, 'MERU SCHOOL FOR MENTALLY HANDICAPPED CHILDREN', 27, 87),
(4294, 'KIORU PRI', 27, 102),
(4295, 'M.C.K. NGAGE PRY SCH', 27, 102),
(4296, 'EAPC EMMANUEL PRI SCH', 27, 87),
(4297, 'SPRINGBOARD ACADEMY PRI', 27, 87),
(4298, 'EAPC VICTORY ACADEMY PRI', 27, 87),
(4299, 'MICHOGOME SPECILA UNIT', 27, 87),
(4300, 'ST. FRANCIS ASSISI KISIMANI PRY SCH', 27, 96),
(4301, 'MUTIOKIAMA PRY SCH', 27, 96),
(4302, 'GREEN HILL ACADEMY PRI', 27, 87),
(4303, 'MURARA PRY', 27, 96),
(4304, 'RARAMA MEMORIAL ACADEMY PRI', 27, 87),
(4305, 'GAMBELL PRI SCH', 27, 96),
(4306, 'MEERIA PRY', 27, 96),
(4307, 'KIITHE PRI', 27, 87),
(4308, 'ALL SAINTS RUNOGONE PRI SCH', 27, 87),
(4309, 'TAMANI PRY SCH', 27, 96),
(4310, 'HEART OF MERCY STREET YOUTH PRI', 27, 87),
(4311, 'M.C.K NAATHU DAYBOARDING PRY SCH', 27, 96),
(4312, 'MARITAI PRIMARY SCHOOL', 27, 87),
(4313, 'KAMBITI SPECIAL UNIT', 27, 87),
(4314, 'S.D.A KAMBIA PRY SCH', 27, 96),
(4315, 'MIUINE PRY', 27, 96),
(4316, 'NTHERONE PRY SCH', 27, 96),
(4317, 'KIBARI PRI SCH', 27, 87),
(4318, 'MCK KINJO ACADEMY PRI', 27, 87),
(4319, 'KAORONENE METHODIST PRY', 27, 96),
(4320, 'RIMUKA KARIBU ACADEMY PRI', 27, 87),
(4321, 'NTHANGATHI PRY SCH', 27, 96),
(4322, 'TUMAINI ACADEMY PRI', 27, 87),
(4323, 'KIAMI KUU PRY SCH', 27, 96),
(4324, 'MCK KANONDONE DAY AND BOARDING PRI', 27, 87),
(4325, 'KABULINE PRY SCH', 27, 96),
(4326, 'HOLY ANGELS ACADEMY PRI SCH', 27, 87),
(4327, 'EAPC IMANI DAY/BOARDING PRI', 27, 87),
(4328, 'MARSTAN ACADEMY PRY SCH', 27, 96),
(4329, 'ST. JOSEPH''S KAGARO PRY SCH', 27, 96),
(4330, 'GITHONGO JUNIOR PRI SCH', 27, 87),
(4331, 'MAITEI PRI', 27, 87),
(4332, 'K.K ETAMA PRY SCH', 27, 96),
(4333, 'NGIINE SPECIAL UNIT', 27, 87),
(4334, 'CCM MURINYA SPECIAL UNIT', 27, 87),
(4335, 'WESLEY BOARDING PRI SCH', 27, 87),
(4336, 'KAATHI M.C.K DAY ACA PRY', 27, 96),
(4337, 'MFAT ACADEMY PRY SCH', 27, 96),
(4338, 'ADRIANO MAANZO PRY SCH', 27, 96),
(4339, 'ST.PETER&PAUL ATHIRU RUJINE PRY SCH', 27, 96),
(4340, 'M.C.K. KIRIENE BOARDING PRY SCH', 27, 96),
(4341, 'EAPC KARUMANTHI PRI', 27, 87),
(4342, 'ST MARY IMMACULATE PRI SCH', 27, 87),
(4343, 'K.K. RWANJWEE PRY SCH', 27, 96),
(4344, 'M.C.K ST. MARKS THATHIMWENE PRY SCH', 27, 96),
(4345, 'ST. MARK''S PRY SCH', 27, 96),
(4346, 'EMMANUEL  ACADEMY PRI. SCH.', 27, 96),
(4347, 'ST. DOMINIC PRY SCH', 27, 96),
(4348, 'ARIF''S ACADEMY KUTINE PRY SCH', 27, 96),
(4349, 'DEB CHARIA SPECIAL UNIT', 27, 87),
(4350, 'MUMONE MURINGANE PRI', 27, 96),
(4351, 'WAKO WARIO PRI SCH', 27, 107),
(4352, 'KANGAITA  SPECIAL SCH.', 27, 87),
(4353, 'NJERUNE PRI SCH', 27, 87),
(4354, 'MWANGAZA ACADEMY PRUI SCH', 27, 87),
(4355, 'PAMOJA UNITY CHILDRENS HOPE CENTRE', 27, 87),
(4356, 'ST. FRANCIS KANGETA PRY SCH', 27, 96),
(4357, 'GITUANE PRY SCH', 27, 96),
(4358, 'KIANI KIRAJA PRY SCH', 27, 96),
(4359, 'ST. LUCY''S KIRIGWA PRY SCH', 27, 96),
(4360, 'MUTUATHINE SPECIAL UNIT  SCH', 27, 96),
(4361, 'IGOJI BOYS BOARDING PRI', 27, 87),
(4362, 'IGEMBE CHARITY ACADEMY-PRY SCH', 27, 96),
(4363, 'GRACIOUS VISION ACADEMY-PRY SCH', 27, 96),
(4364, 'EX-LEWA ACADEMY PRI. SCH', 27, 87),
(4365, 'KINORO MIXED PRI', 27, 87),
(4366, 'KIANGUA JEHOVAH JIREH PRI', 27, 87),
(4367, 'NKILUTHU PRY', 27, 96),
(4368, 'SPRING VIEW ACADEMY', 27, 87),
(4369, 'ELYS SPRING ACADEMY PRI', 27, 87),
(4370, 'AMAKU ACADEMY PRY SCH', 27, 96),
(4371, 'NJIA SPECIAL PRY SCH', 27, 96),
(4372, 'MALLAI ACADEMY-PRY SCH', 27, 96),
(4373, 'REX MUKONO PRY', 27, 96),
(4374, 'LITTLE ANGELS ACADEMY-PRY SCH', 27, 96),
(4375, 'DEB KAREGI PRI', 27, 87),
(4376, 'RAY OF HOPE KIANJOGU PRI SCH', 27, 87),
(4377, 'ST MATHEWS ACADEMY', 27, 87),
(4378, 'KATHIMA SPECIAL UNIT', 27, 96),
(4379, 'NKIYANGA PRY SCH', 27, 96),
(4380, 'NTIRUTU PRI', 27, 96),
(4381, 'C.C.M ITHITWE PRI SCH', 27, 87),
(4382, 'ST.JAMES ACA PRY', 27, 96),
(4383, 'NDUNYU RUMA PRI', 27, 87),
(4384, 'MERU HARVESTER ACADEMY PRI', 27, 87),
(4385, 'MWOMWERE ACADEMY PRY SCH', 27, 96),
(4386, 'NKIRI N.A.C PRY SCH', 27, 96),
(4387, 'KABIRU ACADEMY PRI SCH', 27, 87),
(4388, 'PCEA MIRURURI PRI', 27, 87),
(4389, 'MIIRU HIGHWAY ACADEMY PRI SCH', 27, 87),
(4390, 'BABA BEN MEMORIAL SCH-PRI', 27, 87),
(4391, 'ANTUANDURU PRI', 27, 96),
(4392, 'M.C.K. AMETHO JUNIOR PRY SCH', 27, 96),
(4393, 'ANGILI SPECIAL UNIT', 27, 96),
(4394, 'USHINDI ACADEMY PRY SCH', 27, 96),
(4395, 'MORNING JOY JUNIOR PRY SCH', 27, 96),
(4396, 'MARY MOTHER OF GOD PRI. SCH.', 27, 87),
(4397, 'MCK BISHOP LAWI IMATHIU PRI SCH', 27, 87),
(4398, 'IKUMBU PRI', 27, 102),
(4399, 'KIRIA GIEKUCHIA GREEN WOOD PRI SCH', 27, 87),
(4400, 'RWANDERI SPECIAL UNIT', 27, 87),
(4401, 'GITARA PRI SCH', 27, 87),
(4402, 'ST. JOSEPH''S ACADEMY PRY SCH', 27, 96),
(4403, 'KILALAI SPECIAL UNIT', 27, 96),
(4404, 'NJURUTA PRI', 27, 87),
(4405, 'DIVINE MERCY ACADEMY', 27, 87),
(4406, 'TUMANYA PRI', 27, 102),
(4407, 'ELITE ACADEMY PRI', 27, 87),
(4408, 'MCK MUTHARA CIRCUIT ACADEMY', 27, 96),
(4409, 'LOIRE SPECIAL UNIT', 27, 87),
(4410, 'KAMURINGI PRI SCH', 27, 87),
(4411, 'NCUII SPECILA UNIT', 27, 96),
(4412, 'LIKIUNDU COMPLEX PRI', 27, 96),
(4413, 'NTITUNE PRI SCH', 27, 87),
(4414, 'GIKUURU PRI SCH', 27, 87),
(4415, 'ST. FRANCIS NCIIRU PRI SCH', 27, 96),
(4416, 'KIEGOI FAIR ACADEMY PRY SCH', 27, 96),
(4417, 'LUBUTHIRUA SPECIAL UNIT', 27, 96),
(4418, 'MUTHARA JUNIOR ACADEMY', 27, 96),
(4419, 'AIPCK MBARANGA ACADEMY PRI', 27, 96),
(4420, 'MIKINDURI PRY SCH', 27, 96),
(4421, 'ST. PETER''S ACADEMY PRY SCH', 27, 96),
(4422, 'KANJALU  BOARDING PRI. SCH.', 27, 96),
(4423, 'MOUNT VERNON PRY SCH', 27, 96),
(4424, 'GITIJIWE PRI SCH', 27, 87),
(4425, 'KITHANGA PRY SCH', 27, 96),
(4426, 'BUBUI PRI SCH', 27, 87),
(4427, 'MUGAMBO JUNIOR ACADEMY PRY SCH', 27, 96),
(4428, 'PIONEER EDUCATION CENTRE PRI', 27, 87),
(4429, 'MWERONKANGA PRY SCH', 27, 96),
(4430, 'JOMI STAR ACADEMY PRI', 27, 96),
(4431, 'PCEA KARIENE PRI', 27, 87),
(4432, 'NTHARENE SPECIAL SCH', 27, 87),
(4433, 'WHITE HILL ACADEMY', 27, 96),
(4434, 'ST. PATRICK''S ACADEMY PRY SCH', 27, 96),
(4435, 'MUGUNA AANA PRI', 27, 102),
(4436, 'LINYA COTTAGE PRI', 27, 87),
(4437, 'PCEA RUIRI COMPLEX ACADEMY', 27, 87),
(4438, 'WALTER OLSEN PRI', 27, 87),
(4439, 'MCK NTUMBURI MIXED DAY & BOARDING PRI SCH', 27, 87),
(4440, 'RWARERA SPECIAL UNIT', 27, 87),
(4441, 'ANCHENGE GOODSHEPHERD ACADEMY PRY SCH', 27, 96),
(4442, 'KITHIOROKA PRI', 27, 102),
(4443, 'ST. PETERS ACADEMY PRY SCH', 27, 96),
(4444, 'KIRIMA NCUMA PRY SCH', 27, 96),
(4445, 'B.E.P.C BETHEL ACADEMY PRY SCH', 27, 96),
(4446, 'GATAKENE EDUCATION ACADEMY', 27, 87),
(4447, 'MICII MUKURU PRY SCH', 27, 96),
(4448, 'MACHIKINE ACADEMY PRI', 27, 87),
(4449, 'RUGUSU AIPCA PRI SCH', 27, 87),
(4450, 'KAILUNE PRY SCH', 27, 96),
(4451, 'FAIRWAY ACADEMY PRY SCH', 27, 96),
(4452, 'MWALIMU TUJUJU PRY', 27, 96),
(4453, 'BIDII ACADEMY PRI', 27, 87),
(4454, 'WINNERS PRY SCH', 27, 96),
(4455, 'MACHAKU  SPECIAL UNIT', 27, 96),
(4456, 'ST.PETERS PRI', 27, 87),
(4457, 'JEIENI  JUNIOR PRIM. SCH.', 27, 96),
(4458, 'CCM MUTETHIA PRI', 27, 87),
(4459, 'MIKUMBUNE MCK ACADEMY PRI', 27, 87),
(4460, 'ST.BENEDICT SPECIAL UNIT', 27, 96),
(4461, 'MURICHIA PRY SCH', 27, 96),
(4462, 'C.C.M  ATHI SPECIAL UNIT', 27, 96),
(4463, 'RANEN SDA PRI', 28, 103),
(4464, 'ST DOREEN NDOGA ORPHANAGE PRI', 28, 103),
(4465, 'ST JOHN ORPHANAGE PRI', 28, 103),
(4466, 'ST RONALD PHILIP ACADEMY', 28, 103),
(4467, 'TABITHA ACADEMY PRY', 28, 103),
(4468, 'ONGORO PRI', 28, 103),
(4469, 'ST. BENEDICTS CATHOLIC PRY', 28, 103),
(4470, 'BHOKERO PRY SCH', 28, 104),
(4471, 'ST.PAULS HILLVIEW ACADEMY PRI', 28, 103),
(4472, 'ST SHERRY GOD NYINYO PRI', 28, 103),
(4473, 'FARO KIDS ACADEMY', 28, 103),
(4474, 'MWANGAZA JUNIOUR ACA. PRY', 28, 104),
(4475, 'ST STEPHEN ACADEMY', 28, 103),
(4476, 'ANDINGO KOKEBE PRI SCH', 28, 103),
(4477, 'ANNA ACADEMY', 28, 103),
(4478, 'MUSOMI ACADEMY PRY', 28, 103),
(4479, 'KINARIOBAS ACADEMY PRY SCH', 28, 104),
(4480, 'ST. CLAVERS VICTONEL ACADEMY PRY', 28, 103),
(4481, 'AWENDO PREPARATORY PRI', 28, 103),
(4482, 'ST KEVINS RAPOGI JUNIOR', 28, 103),
(4483, 'JOYLAND CHRISTIAN ACADEMY', 28, 103),
(4484, 'ST. KABARY ACADEMY PRI', 28, 103),
(4485, 'AWENDO SDA PRI', 28, 103),
(4486, 'PENTAGON ACADEMY', 28, 105),
(4487, 'ST. PAULS JUNIOR ACADEMY PRI', 28, 103),
(4488, 'HERO BCM PREP. PRY', 28, 104),
(4489, 'UPPERHILL DAYSTAR JNR ACADEMY', 28, 103),
(4490, 'PONGEZI ACA. PRY', 28, 104),
(4491, 'STARLING ACADEMY PRI', 28, 103),
(4492, 'OMBO ACADEMY', 28, 103),
(4493, 'ST PAUL NTIMARU SPECIAL SCH FOR THE DEAF', 28, 104),
(4494, 'TUNGAINE PRY SCH', 28, 104),
(4495, 'NYABOKARANGE SPECIAL UNIT', 28, 104),
(4496, 'KIOMAKEBE FRIENDS ACA PRY', 28, 104),
(4497, 'VICTORY JUNIOR ACADEMY', 28, 103),
(4498, 'OLUGA PRI', 28, 103),
(4499, 'GISIRE PREP. PRY', 28, 104),
(4500, 'NDIWA PRI', 28, 86),
(4501, 'RAIRI PRI', 28, 103),
(4502, 'GATAWAY ACA. PRY', 28, 104),
(4503, 'PETALS OF AFRIKA BLOOD SCH NGOCHONI PRY', 28, 103),
(4504, 'EKEMORE MASABA PRY', 28, 104),
(4505, 'ST STEPHEN NYANGOGE PRY', 28, 104),
(4506, 'SORI BAPTIST PRY SCH', 28, 103),
(4507, 'EUREKA ACADEMY PRY', 28, 103),
(4508, 'KUIGOGO PRY', 28, 104),
(4509, 'NYAMUTIRO MFA PRY', 28, 104),
(4510, 'MWIRO ACA. PRY', 28, 104),
(4511, 'BENRICH PRY', 28, 104),
(4512, 'BENA ACA. PRY', 28, 104),
(4513, 'DANSAN ACADEMY', 28, 103),
(4514, 'ONACHA ACADEMY', 28, 103),
(4515, 'MUSOGO/OTAIGO WANKWE PRY SCH', 28, 104),
(4516, 'NYABUKEMBE PRY SCH', 28, 103),
(4517, 'LWAC ACADEMY PRY  SCH', 28, 103),
(4518, 'ST CECILIA ACADEMY', 28, 103),
(4519, 'MASANGURA FAITH PRY SCH', 28, 104),
(4520, 'AHERO JUNIOR ACADEMY PRI', 28, 103),
(4521, 'BAGEN FRIENDS PRY SCH', 28, 104),
(4522, 'IRAHA GOOD HOPE ACADEMY PRY SCH', 28, 104),
(4523, 'ST STEPHEN ACADEMY', 28, 105),
(4524, 'ST. PAUL GIOSAHI PRY SCH', 28, 104),
(4525, 'ST CECILIA ACADEMY PRI', 28, 103),
(4526, 'MAGAIWA PRY SCH', 28, 104),
(4527, 'CATE ACADEMY', 28, 103),
(4528, 'IRAHA JUNIOR PRY SCH', 28, 104),
(4529, 'KAMAGAMBO ADVENST ACADEMY', 28, 103),
(4530, 'XAVERIAN ACADEMY', 28, 103),
(4531, 'KOMOTOBO SCH FOR THE DEAF PRY', 28, 104),
(4532, 'IAC PREPARATORY SCHOOL', 28, 103),
(4533, 'YAGO SPECIAL UNIT', 28, 103),
(4534, 'KOKURO ACADEMY', 28, 103),
(4535, 'KWIBANCHA PRY SCH', 28, 104),
(4536, 'RANEN JUNIOR ACADEMY', 28, 103),
(4537, 'ST. CHRISTINE PRY SCH', 28, 104),
(4538, 'WEMA MODEL ACADEMY PRY SCH', 28, 104),
(4539, 'SUNRISE ACADEMY PRY SCH', 28, 109),
(4540, 'KEBARISIA JUNIOR ACA.PRY', 28, 104),
(4541, 'CAC KASERE ACADEMY', 28, 103),
(4542, 'NYALGANDA PRY', 28, 103),
(4543, 'NTABURO ACADEMY PRY SCH', 28, 104),
(4544, 'SOKORO JUNIOR ACADEMY PRY SCH', 28, 104),
(4545, 'WIN ACADEMY PRY SCH', 28, 103),
(4546, 'NYARACH SPECIAL UNIT', 28, 103),
(4547, 'MAKONJE JUNIOR PRY SCH', 28, 104),
(4548, 'TONGERIA PRY', 28, 104),
(4549, 'SMALL ANGELES PRY SCH', 28, 104),
(4550, 'MUUNGANO ACADEMY PRI', 28, 103),
(4551, 'WAMBURA COMPLEX PRY', 28, 104),
(4552, 'KOKEHARAKA PRY SCH', 28, 104),
(4553, 'OMWARE SPECIAL UNIT', 28, 103),
(4554, 'KAMBAGA MFA PRI', 28, 103),
(4555, 'ST. PETERS ABWAO SPECIAL SCH', 28, 103),
(4556, 'LADY DIANA PREPARATORY PRI', 28, 103),
(4557, 'OMULINA ACADEMY', 28, 103),
(4558, 'ONYALO JUNIOR ACADEMY', 28, 103),
(4559, 'RENEWAL BARAKA ACADEMY PRY', 28, 103),
(4560, 'ST JOHN ACADEMY RANEN', 28, 103),
(4561, 'GOODHOPE ACADEMY', 28, 103),
(4562, 'VICTORIA STAR ACADEMY', 28, 103),
(4563, 'WANGWE PRY', 28, 104),
(4564, 'EMMAH HILLS ACADEMY PRI', 28, 103),
(4565, 'ST SOSPETER ORPHANAGE ACADEMY', 28, 103),
(4566, 'PILGRIM ACADEMY', 28, 103),
(4567, 'DR JOHN ACADEMY PRIMARY SCHOOL', 28, 103),
(4568, 'WUOK CHIENG', 28, 103),
(4569, 'DORCAS MEMORIAL ACADEMY PRI', 28, 103),
(4570, 'MWANAMBIRI JUNIOR ACADEMY', 28, 103),
(4571, 'GLORY ANNEXE ACADEMY PRY', 28, 103),
(4572, 'DEDE JUNIOR ACADEMY', 28, 103),
(4573, 'SHINING STAR ACADEMY PRY', 28, 103),
(4574, 'ANT. TREZA ACADEMY PRI', 28, 103),
(4575, 'HILL BREEZE ACADEMY PRY', 28, 103),
(4576, 'ST. BASIL JUNIOR ACADEMY', 28, 103),
(4577, 'HIGHGATE KINDERGARTEN PRI', 28, 103),
(4578, 'MIGORI JUNIOR ACADEMY PRI', 28, 103),
(4579, 'GRACE GOODHOPE ACADEMY', 28, 103),
(4580, 'ST. FROBAS BARAKA ACADEMY', 28, 103),
(4581, 'BARAKA ACADEMY PRY', 28, 103),
(4582, 'DAIMA MALEZI PRI', 28, 103),
(4583, 'BORDER HILL ACADEMY PRY SCH', 28, 104),
(4584, 'MIGORI CHRISTIAN PRY SCH', 28, 103),
(4585, 'AL-HADI MUSLIM ACADEMY PRY', 28, 103),
(4586, 'AMBES ACADEMY PRIMARY SCHOOL', 28, 103),
(4587, 'SUNRISE ACADEMY PRY SCH', 28, 104),
(4588, 'RONGO SHOWVIEW ACADEMY PRI', 28, 103),
(4589, 'ST. MARK''S ACADEMY PRY SCH', 28, 104),
(4590, 'VICTORY ACADEMY PRY', 28, 103),
(4591, 'ST CHRISTOPHER ACADEMY', 28, 103),
(4592, 'SOLVEIG ACADEMY', 28, 103),
(4593, 'BWARE JUNIOR ACADEMY', 28, 103),
(4594, 'SUNA JUNIOR ACADEMY', 28, 103),
(4595, 'GOODHOPE ACADEMY', 28, 109),
(4596, 'GOODWILL ACADEMY ''B''', 28, 103),
(4597, 'ST. JOHNS NYARONGI SPECIAL UNIT', 28, 103),
(4598, 'GATEWAY CHRISTIAN ACADEMY', 28, 103),
(4599, 'MUHAYA PRI', 28, 103),
(4600, 'MIGORI PRY SPECIAL UNIT', 28, 103),
(4601, 'MUHURU JUNIOR ACADEMY PRI', 28, 103),
(4602, 'SPRINGS JUNIOR ACADEMY', 28, 103),
(4603, 'VICTORY JUNIOR ACADEMY', 28, 58),
(4604, 'CHRISTIAN VISION SCHOOL', 28, 103),
(4605, 'ST. KIZITO SPECIAL UNIT', 28, 104),
(4606, 'OGAKA PRI', 28, 106),
(4607, 'HURUMA DOLOAR PRIMARY SCHOOL', 28, 103),
(4608, 'ACK GOODWILL PRY SCH', 28, 104),
(4609, 'SAUME JUNESCHO ACADEMY', 28, 103),
(4610, 'PLAN INTERNATIONAL ACADEMY PRY', 28, 103),
(4611, 'WIN SPRINGS ACADEMY PRI', 28, 103),
(4612, 'ST. PETERS PRECIOUS', 28, 103),
(4613, 'GOOD HOPE ACADEMY PRI', 28, 103),
(4614, 'BARRY ACADEMY PRI', 28, 103),
(4615, 'TRUE FOUND EMMANUEL PRI', 28, 103),
(4616, 'GOODHOPE PRY', 28, 104),
(4617, 'STARLIGHT ACADEMY PRY SCH', 28, 104),
(4618, 'OYANI BRIDGE ACADEMY', 28, 103),
(4619, 'KOLWAL SPECIAL UNIT', 28, 103),
(4620, 'KABIERO PRY SCH', 28, 104),
(4621, 'HAPPY DAY JUNIOR ACADEMY', 28, 103),
(4622, 'KIRANDA SPECIAL SCH', 28, 103),
(4623, 'ST ALFA KABONYO ACADEMY', 28, 103),
(4624, 'GOSESE PRY SCH', 28, 104),
(4625, 'ST FRANCIS INTERNATIONAL ACADEMY', 28, 103),
(4626, 'ST KIZITO PREPARATOR SCH', 28, 103),
(4627, 'ABC HASSAN''S ACADEMY PRY SCH', 28, 104),
(4628, 'KISANGURA PRI', 28, 103),
(4629, 'MARIWA JUNIOR ACADEMY (PRI)', 28, 103),
(4630, 'BORDER CHIRLDREN HOME AND SCH', 28, 103),
(4631, 'FULL GOSPEL ACADEMY PRY SCH', 28, 104),
(4632, 'RONGO SPECIAL UNIT', 28, 103),
(4633, 'RONGO WESTLANDS ACADEMY PRI', 28, 103),
(4634, 'ST. MICHAEL''S MACALDER ACADEMY PRI', 28, 103),
(4635, 'AREK MEMORIAL PRI', 28, 103),
(4636, 'MAKAO HUMANITARIAN OUTREACH PRI', 28, 103),
(4637, 'SUNSHINE SPRINGS ACADEMY PRY SCH', 28, 104),
(4638, 'RONGO GOOD HOPE PRI', 28, 103),
(4639, 'HILL VIEW ACADEMY', 28, 103),
(4640, 'NGEMERIA JUNIOR PRY', 28, 104),
(4641, 'KOGEMBO SUCCESS ACADEMY', 28, 103),
(4642, 'STARSHINE ACA. PRY', 28, 104),
(4643, 'SHINE BRIGHTER JUNIOR ACADEMY', 28, 103),
(4644, 'HILL VIEW ACADEMY', 28, 106),
(4645, 'LUTHERAN ACADEMY', 28, 103),
(4646, 'ST SHEILA PRY', 28, 104),
(4647, 'KADIKA SPECIAL UNIT', 28, 103),
(4648, 'RADIENYA NOMIYA PRI', 28, 103),
(4649, 'MARIENGA PRI', 28, 103),
(4650, 'GOD JAOKO PRI', 28, 103),
(4651, 'ST. SHEILA PRY SCH', 28, 104),
(4652, 'FANIKI JUNIOR ACADEMY PRY', 28, 103),
(4653, 'ST. VITALIS OWIRO NYAPALA PRY SCH', 28, 103),
(4654, 'ST. MARY''SORPHAN & VULNERABLE CHILDREN PRY SCH', 28, 103),
(4655, 'SUNSHINE ACA. PRY', 28, 104),
(4656, 'PORT REITZ ACADEMY PRY', 29, 108),
(4657, 'COAST ACA PRY SCH', 29, 108),
(4658, 'ROYAL JUNIOUR ACA PRY SCH', 29, 108),
(4659, 'FAITH JUNIOR ACADEMY PRI', 29, 108),
(4660, 'HARTRIDGE ACADEMY PRI', 29, 108),
(4661, 'MOMBASA LIGHTWAYS ACADEMY PRI', 29, 108),
(4662, 'ST KEVIN JUNIOR ACADEMY PRI', 29, 108),
(4663, 'INSPIRATION PRI SCH', 29, 108),
(4664, 'ST. ALBERT BOKORO ACADEMY PRI', 29, 108),
(4665, 'THE AIC TUDOR ACADEMY PRI', 29, 108),
(4666, 'ALMACY JUNIOR ACADEMY PRI', 29, 108),
(4667, 'GLORY ACADEMY PRI', 29, 112),
(4668, 'HILLTOP ACADEMY PRI SCH', 29, 108),
(4669, 'VARUN DEV ACA PRY SCH', 29, 108),
(4670, 'STAR OF DAVID CHRISTIAN ACADEMY PRI', 29, 108),
(4671, 'COAST ACA SENIOR SCH', 29, 108),
(4672, 'ALIBHAI PANJU JAFFERY PRY SCH', 29, 108),
(4673, 'SERANI SPECIAL SCH', 29, 108),
(4674, 'GOLDEN GATE ACADEMY PRI', 29, 108),
(4675, 'PWANI JUNIOR ACADEMY PRI', 29, 108),
(4676, 'STEP COMMUNITY PRI SCH', 29, 108),
(4677, 'BAKARANI JUNIOR ACADEMY PRI', 29, 108),
(4678, 'BEVO GOOD SAMARITAN ACADEMY PRI', 29, 108),
(4679, 'SAFINA ACADEMY PRI', 29, 108),
(4680, 'AL-HIJRA ACADEMY PRI', 29, 108),
(4681, 'LIVING FAITH JUNIOR PRI', 29, 108),
(4682, 'NORTHGATE PREP SCH PRI', 29, 108),
(4683, 'THE BLUE SEA JUNIOR PRI', 29, 108),
(4684, 'MARIE TOP PRI SCH', 29, 108),
(4685, 'MLAASE ACADEMY PRI', 29, 108),
(4686, 'TIMBWINI BAPTIST PRI SCH', 29, 108),
(4687, 'MIRITINI WORLD BANK PRI SCH SPECIAL UNIT', 29, 108),
(4688, 'MLALEO PRI SCH SPECIAL UNIT', 29, 108),
(4689, 'GOLDEN CHARRIOTS JUNIOR SCH PRI', 29, 108),
(4690, 'LIKONI SALVATION ARMY SCH FOR THE BLIND PRY', 29, 108),
(4691, 'IYALE JUNIOR ACADEMY MIRITINI - PRI', 29, 108),
(4692, 'BRIGHT STAR ACADEMY PRI SCH', 29, 108),
(4693, 'CYBER JUNIOR ACA PRY SCH', 29, 108),
(4694, 'TUMAINI  JUNIOR SCH PRI', 29, 108),
(4695, 'FORT JESUS ACA PRY SCH', 29, 108),
(4696, 'GOOD HOPE JUNIOR ACADEMY PRI', 29, 94),
(4697, 'DOLPHIN WINNERS SCH PRI', 29, 108),
(4698, 'MWAGOSI ACADEMY PRI', 29, 108),
(4699, 'TUWA TAQWA ACADEMY PRI', 29, 108),
(4700, 'VINEYARD PRI SCH', 29, 108),
(4701, 'BRIGHT FUTURE SCH PRI', 29, 108),
(4702, 'LYNAT ACADEMY PRI', 29, 108),
(4703, 'SACRED HEART PRI  SCH', 29, 108),
(4704, 'HOLY TREE COMMUNITY SCH PRI', 29, 108),
(4705, 'MOMBASA FRIENDSHIP ACADEMY PRI', 29, 108),
(4706, 'GRACE ACADEMY - PRI SCH', 29, 108),
(4707, 'BASHRAHIL ACADEMY PRI SCH', 29, 108),
(4708, 'ST. CHIGUNDA PRI SCH', 29, 108),
(4709, 'ST. AGHANS DAY ACADEMY PRI', 29, 108),
(4710, 'THE NAMANYA ACADEMY - PRI', 29, 108),
(4711, 'ST. BEN''S JUNIOR  SCH', 29, 108),
(4712, 'ST. KEVIN HILL ACADEMY PRI', 29, 108),
(4713, 'MBUYUNI PRI SCH', 29, 108),
(4714, 'PORT REITZ ACADEMY - PRI', 29, 108),
(4715, 'AIRPORT VIEW ACADEMY PRI', 29, 108),
(4716, 'BOMBOLULU BAPTIST PRI', 29, 108),
(4717, 'UMOJA CENTRE ACADEMY PRI', 29, 108),
(4718, 'GATES OF JOY ORPHANAGE TUTION CENTRE PRI', 29, 108),
(4719, 'GOMURA ACADEMY PRI', 29, 108),
(4720, 'ST. PETERS THE ROCK JUNIOR SCH - SPECIAL UNIT', 29, 108),
(4721, 'SHEIKH NUREIN ISLAMIC CENTRE PRY SCH', 29, 108),
(4722, 'STEADY VISION PRI SCH', 29, 108),
(4723, 'BIRIKANI CARE PRI SCH', 29, 108),
(4724, 'SKYVIEW JUNIOR SCH PRI', 29, 108),
(4725, 'KINGDOM HERITAGE SCH PRI', 29, 108),
(4726, 'ST. PETERS PRI SCH', 29, 108),
(4727, 'FUMATHOKA PRI SCH', 29, 108),
(4728, 'BAHARI PRI SCH', 29, 108),
(4729, 'BROADLIGHT JUNIOR PRI', 29, 108),
(4730, 'GOODWILL JUNIOR ACADEMY PRI', 29, 108),
(4731, 'TABBY JUNIOR SCH PRY', 29, 108),
(4732, 'SHIMO BORSTAL PRI', 29, 108),
(4733, 'CHANGAMWE SDA PRI SCH', 29, 108),
(4734, 'ST. LWANGA PRI  SCH SPECIAL UNIT', 29, 108),
(4735, 'CEREBRAL PASYL FOUNDATION CENTRE SPECIAL UNIT', 29, 108),
(4736, 'ST. IRENE PRI SCH', 29, 108),
(4737, 'THE VILLAGE SCH PRI', 29, 108),
(4738, 'BLESSED ACTS ACADEMY PRI', 29, 108),
(4739, 'HOPE ACADEMY PRI', 29, 108),
(4740, 'MAINLAND ACADEMY PRI', 29, 108),
(4741, 'HEPIDA JUNIOR PRI', 29, 108),
(4742, 'WILSTAR ACADEMY PRI', 29, 108),
(4743, 'NEW PALM JUNIOR SCH PRI', 29, 108),
(4744, 'DESTINY GARDEN PRI', 29, 108),
(4745, 'GOOD HOPE JUNIOR ACADEMY PRI', 29, 108),
(4746, 'HIGH HOPE JUNIOR ACADEMY PRI', 29, 108),
(4747, 'WINNERS CHILDREN CENTRE PRI', 29, 108),
(4748, 'TUDOR JUNIOR ACADEMY', 29, 108),
(4749, 'BETHSAIDA ACADEMY PRI', 29, 108),
(4750, 'BETTER LIFE JUNIOR ACADEMY PRI', 29, 108),
(4751, 'BETHSAIDA ACADEMY PRI', 29, 108),
(4752, 'BRIDGE OF HOPE PRI SCH', 29, 108),
(4753, 'LEENET JUNIOR ACADEMY PRI', 29, 108),
(4754, 'GOSHEN VIEW ACADEMY PRI', 29, 108),
(4755, 'PORT REITZ BOKOLE ACADEMY PRI', 29, 108),
(4756, 'ARYA PRY SCH', 29, 108),
(4757, 'OLIVES REHABILITATION CENTRE PRI SCH', 29, 108),
(4758, 'DAMMAM A ACADEMY PRI SCH', 29, 108),
(4759, 'GATE WISE ACA PRY SCH', 29, 108),
(4760, 'MVITA SPECIAL UNIT SCH', 29, 108),
(4761, 'GLORY ACADEMY PRI', 29, 108),
(4762, 'ISLAND PRI SCH', 29, 108),
(4763, 'EMAS ACADEMY PRI', 29, 108),
(4764, 'OCEANIA JUNIOR SCH - PRI', 29, 108),
(4765, 'THE FUTURE CARE CENTRE PRI', 29, 108),
(4766, 'MINNA ACADEMY PRI', 29, 108),
(4767, 'TOP SCHOOL PRI', 29, 108),
(4768, 'COOPER SCH OF PEACE PRI', 29, 108),
(4769, 'AZHAR SHAREEF PRI SCH', 29, 108),
(4770, 'MARTIAL CAILLARD CATHOLIC PRY', 29, 108),
(4771, 'THE AGA KHAN ACADEMY MOMBASA PRI', 29, 108),
(4772, 'JUBILEE ACADEMY - PRI', 29, 108),
(4773, 'ST. RICHARDS COMMUNITY CENTRE SCH PRI', 29, 108),
(4774, 'ABIDA LANGO ACADEMY - PRI', 29, 108),
(4775, 'SHEPHARDS JUNIOR SCH PRI', 29, 108),
(4776, 'DAYSTAR ACADEMY PRI', 29, 108),
(4777, 'PARKVIEW ACADEMY PRI', 29, 108),
(4778, 'KAMBUGI PEACE ACADEMY PRI', 29, 108),
(4779, 'FAATIHA'' PREP SCH PRI', 29, 108),
(4780, 'DONA OLINDA ACADEMY', 29, 108),
(4781, 'NEW HOPE PREP SCH PRI', 29, 108),
(4782, 'BRIGHT LITE ACADEMY PRI', 29, 108),
(4783, 'ST. JULIUS ACADEMY PRI', 29, 108),
(4784, 'AROMAN HILL ACADEMY PRY', 29, 108),
(4785, 'FAHMAN ACADEMY - PRI', 29, 108),
(4786, 'JCC JUNIOR ACADEMY PRY', 29, 108),
(4787, 'MUKUNGUNI HIV/AIDS SELF HELP GROUP PRI', 29, 108),
(4788, 'ALVIC JUNIOR ACADEMY PRI', 29, 108),
(4789, 'SHANZU TEACHERS TRAINING COLLEGE ACADEMY - PRI', 29, 108),
(4790, 'THE GENESIS JUNIOR ACADEMY PRI', 29, 108),
(4791, 'LAKESTAR PRI SCH', 29, 108),
(4792, 'BARSHEBA CENTRAL ACADEMY PRI', 29, 108),
(4793, 'VIKWATHANI PRI SCH', 29, 108),
(4794, 'EAPC KISIMANI ACADEMY PRI', 29, 108),
(4795, 'TULIYA MOYO CHERRY''S ACADEMY', 29, 108),
(4796, 'DEANS BROOK SCH PRI', 29, 108),
(4797, 'SOON BIG BRAIN ACADMEY PRI', 29, 108),
(4798, 'A RAY OF HOPE ACADEMY PRI', 29, 108),
(4799, 'MASS PRI SCH', 29, 108),
(4800, 'ST. JANE''S HIGH VISION ACADEMY PRI', 29, 108),
(4801, 'EMMAUS JUNIOR ACADEMY PRI', 29, 108),
(4802, 'JUNDA ACADEMY FRERETOWN PRI', 29, 108),
(4803, 'SHANZU EDUCATIONAL CENTRE PRI SCH', 29, 108),
(4804, 'GLORY ACADEMY PRI', 29, 108),
(4805, 'ST. ANDREWS BAPTIST ACADEMY PRI', 29, 108),
(4806, 'MAIWA JUNIOR ACADEMY PRI', 29, 108),
(4807, 'SHANZU GOOD HOPE PRI SCH', 29, 108),
(4808, 'BRAEBURN MOMBASA INTERNATIONAL SCH', 29, 108),
(4809, 'SEA BREEZE ACADEMY PRI', 29, 108),
(4810, 'KASHANI PRI SCH', 29, 108),
(4811, 'ABANDONED CHILDREN CARE PRI', 29, 108),
(4812, 'LIGHT BEARERS JUNIOR SCH PRI', 29, 108),
(4813, 'ST. GEORGE ACADEMY PRI', 29, 108),
(4814, 'PAJI LA MUNGU ACADEMY PRI SCH', 29, 108),
(4815, 'NEW MIKANJUNI HILL ACADEMY - PRI', 29, 108),
(4816, 'VICTORY JUNIOR SCH PRI', 29, 108),
(4817, 'THE TAWFIQ MUSLIM PRY  SCH', 29, 108),
(4818, 'ST. PETERS ACADEMY PRI', 29, 108),
(4819, 'ABU UBEDIA PRI SC', 29, 108),
(4820, 'VISION OF HOPE PRI SCH', 29, 108),
(4821, 'KARDATZKE PRI SCH', 29, 108),
(4822, 'HAPPY DREAMS PRI SCH', 29, 108),
(4823, 'BOMBO PRI SCH', 29, 108),
(4824, 'MARANATHA PRI SCH', 29, 108),
(4825, 'MIRACLE ACADEMY PRI', 29, 108),
(4826, 'NORTH COAST ACDEMY PRI', 29, 108),
(4827, 'UTANGE PRI  SCH - SPECIAL UNIT', 29, 108),
(4828, 'PRECIOUS EARLY CHILDREN EDUCATION CENTRE  PRI', 29, 108),
(4829, 'RONALD NGALA PRY SCH SPECIAL UNIT', 29, 108),
(4830, 'SIN BAD JUNIOR ACADEMY PRI', 29, 108),
(4831, 'KAGS JOY ACADEMY', 29, 108),
(4832, 'SEVEN HILLS PROGRESSIVE SCH PRY', 29, 108),
(4833, 'VINE BELLS JUNIOR SCH PRI', 29, 108),
(4834, 'GOOD HOPE JOB PRI SCH', 29, 108),
(4835, 'BROADWAY ACADEMY PRI', 29, 108),
(4836, 'JOYLAND JUNIOR SCH PRI', 29, 108),
(4837, 'HIGH VISIONED ACADEMY PRI', 29, 108),
(4838, 'YOUNG MASTERS ACADEMY PRI SCH', 29, 108),
(4839, 'ST. CONSOLATA ACADEMY PRI SCH', 29, 108),
(4840, 'HILLSIDE ACADEMY - PRI', 29, 108),
(4841, 'GIFT SCHOOL  PRI', 29, 108),
(4842, 'NURU COMMUNITY BASED REHAB SCH PRI', 29, 108),
(4843, 'SUNSHINE JUNIOR ACADEMY', 29, 108),
(4844, 'WANGA PRI SCH', 29, 108),
(4845, 'GOOD HOPE JUNIOR SCH PRI', 29, 108),
(4846, 'LIKONI REHABILITATION PRI SCH', 29, 108),
(4847, 'ST. JUDY JUNIOR ACADEMY PRI', 29, 108),
(4848, 'FRERETOWN COMMUNITY SCH PRI', 29, 108),
(4849, 'MOMBASA STARSHINE PRI', 29, 108),
(4850, 'ZIWANI SCH FOR THE DEAF PRY', 29, 108),
(4851, 'GOSPAL PRI SCH', 29, 108),
(4852, 'PWANI PREP JNR ACADEMY PRI', 29, 108),
(4853, 'CHANGAMWE PRI SCH SPECIAL UNIT', 29, 108),
(4854, 'FRIENDS POINT PRI SCH', 29, 108),
(4855, 'FRIENDS PRI SCH KONGOWEA', 29, 108),
(4856, 'WEST COAST ACADEMY PRI', 29, 108),
(4857, 'ST KEVIN WAYANI HILL ACADEMY PRI', 29, 108),
(4858, 'BOMBOLULU SCH OF PROMISE PRI', 29, 108),
(4859, 'PATEL HILL ACADEMY PRI', 29, 108),
(4860, 'GOODNEWS PRI SCH', 29, 108),
(4861, 'VICTORY JUNIOR ACADEMY PRI', 29, 108),
(4862, 'LWAMWA ACADEMY PRI SCH', 30, 109),
(4863, 'KANGEMA HIGHWAY PRI SCH', 30, 109),
(4864, 'KAGWI JUNIOR PRI SCH', 30, 109),
(4865, 'GATARU MEMORIAL PRI SCH', 30, 109),
(4866, 'KANYENYAINI SPECIAL UNIT', 30, 109),
(4867, 'KANYENYAINI TOWNSHIP PRI SCH', 30, 109),
(4868, 'NYAKIHAI SPECIAL UNIT', 30, 109),
(4869, 'KIANGUNYI SPECIAL UNIT', 30, 109),
(4870, 'ST. PERPETUA PRI SCH', 30, 109),
(4871, 'ST BARNABAS PRI SCH', 30, 109),
(4872, 'ITICHI PRI SPECIAL UNIT', 30, 109),
(4873, 'PIONEER ACDEY PRI SCH', 30, 109),
(4874, 'KANINI MEMORIAL ACADEMY PRI SCH', 30, 109),
(4875, 'WEMA ACADEMY-PRI SCH', 30, 109),
(4876, 'KOIMBI SPECIAL UNIT', 30, 109),
(4877, 'ST. JOHN''S KAHUHIA GIRLS BOARDING PRI SCH', 30, 109),
(4878, 'ST. PHILIPS ACADEMY-PRI SCH', 30, 109),
(4879, 'DEDAN KIHATO MEMORIAL PRI SCH', 30, 109),
(4880, 'THOMAS WILLIAMS ACADEMY-PRI SCH', 30, 109),
(4881, 'RIMA ACADEMY PRI SCH', 30, 109),
(4882, 'KIANDERI SPECIAL UNIT', 30, 109),
(4883, 'GITIGE SPECIAL UNIT', 30, 109),
(4884, 'GITUI SPECIAL UNIT', 30, 109),
(4885, 'MORVERON PRI SCH', 30, 109),
(4886, 'KANINI YOLK ACADEMY-PRI SCH', 30, 109),
(4887, 'ST. MARKS GITUTO ACDEMY-PRI SCH', 30, 109),
(4888, 'HIGHLANDS HIGHWAY ACADEMY-PRI SCH', 30, 109),
(4889, 'GITUTO SPECIAL UNIT', 30, 109),
(4890, 'MURARANDIA SPECIAL UNIT', 30, 109),
(4891, 'JOYLAND PRI SCH', 30, 109),
(4892, 'GATHERU SPECIAL UNIT', 30, 109),
(4893, 'MUKUYU ACADEMY PRI SCH', 30, 109),
(4894, 'WISDOM JUNIOR PRI SCH', 30, 109),
(4895, 'EVANGELINE ACADEMY PRI SCH', 30, 109),
(4896, 'HILL STAR ACADEMY PRI SCH', 30, 109),
(4897, 'GITARO SPECIAL UNIT', 30, 109),
(4898, 'MURIRANJA''S JOY ACADEMY PRI SCH', 30, 109),
(4899, 'GREEN COTTAGE PRI SCH', 30, 109),
(4900, 'MARIAINI SPECIAL UNIT', 30, 109),
(4901, 'WILLEAH RUNO ACADEMY PRI SCH', 30, 109),
(4902, 'GATHATHI LOWER SPECIAL UNIT', 30, 109),
(4903, 'KIUMU SPECIAL', 30, 109),
(4904, 'KIBOI PRI SCH', 30, 109),
(4905, 'KIBOI SPECIAL UNIT', 30, 109),
(4906, 'UPENDO REHABILITATION CENTRE PRI SCH', 30, 109),
(4907, 'KAMBIRUA SPECIAL', 30, 109),
(4908, 'KAGANDA SPECIAL UNIT', 30, 109),
(4909, 'MUCHUNGUCHA SPECIAL UNIT', 30, 109),
(4910, 'BROOKS ACADEMY PRI', 30, 110),
(4911, 'DELTA JUNIOR ACADEMY PRI SCH', 30, 109),
(4912, 'KIYO SPECIAL UNIT', 30, 110),
(4913, 'ST. NICHOLUS PRI', 30, 110),
(4914, 'ST JOANS MARAGUA ACADEMY', 30, 110),
(4915, 'FURAHA PRI', 30, 110),
(4916, 'GITHAGARA SPECIAL', 30, 109),
(4917, 'MURANGA SCHOOL FOR THE DEAF PRI SCH', 30, 109),
(4918, 'WANGO JUNIOR ACADEMY', 30, 109),
(4919, 'KAGONGO JUNIOR ACADEMY PRI', 30, 110),
(4920, 'BRIGHT FUTURE ACADEMY PRI', 30, 110),
(4921, 'MAIRI SPECIAL UNIT', 30, 110),
(4922, 'NDUTUMI SPECIAL', 30, 109),
(4923, 'NJIRIS JUNIOR ACADEMY PRI', 30, 110),
(4924, 'HOCHLAND ACADEMY PRI', 30, 110),
(4925, 'GATIA-INI ELITE ACADEMY PRI', 30, 110),
(4926, 'GATIA-INI BASE PRI', 30, 110),
(4927, 'HOLY BRIDGE CHILDREN CENTRE PRI', 30, 110),
(4928, 'SIMON-PETER PRI', 30, 110),
(4929, 'ST. EMILY PRI SCH', 30, 110),
(4930, 'GATHERA KINDERGATEN & PREP PRI SCH', 30, 110),
(4931, 'HILL RIDGE ACADEMY', 30, 110),
(4932, 'ST. FRANCIS SAMAR ACADEMY PRI', 30, 110),
(4933, 'KANGARI PREP SCH', 30, 110),
(4934, 'CGM ST. MICHAEL ACADEMY PRI', 30, 110),
(4935, 'USHINDI PRI', 30, 110),
(4936, 'THE PRECIOUS ANGELS PRI', 30, 110),
(4937, 'HIGH VISION ACADEMY PRI', 30, 110),
(4938, 'EMMACULATE PRI', 30, 110),
(4939, 'ST FRANCIS PEAK ACADEMY PRI', 30, 110),
(4940, 'ST. PIUS EDUCATION CENTRE PRIU', 30, 110),
(4941, 'WINNERS ACADEMY PRI', 30, 110),
(4942, 'LUCKYPEN ACADEMY PRI', 30, 110),
(4943, 'KIGUMO TOWNSHIP ACADEMY PRI', 30, 110),
(4944, 'HIRAM MEMORIAL ACADEMY PRI', 30, 110),
(4945, 'SISTERS PRI', 30, 110),
(4946, 'MSINGI BORA PRI', 30, 110),
(4947, 'VESTER ACADEMY PRI', 30, 110),
(4948, 'FURAHA PRI', 30, 110),
(4949, 'MARAGUA SUMMIT JUNIOR PRI', 30, 110),
(4950, 'SACRED HEART PRI ACADEMY', 30, 110),
(4951, 'KENTON PRI', 30, 110),
(4952, 'ST. JOSEPH''S ACADEMY PRI', 30, 110),
(4953, 'VISIONS ACADEMY PRI', 30, 110),
(4954, 'ST. PATRIC PRIMARY SCH', 30, 110),
(4955, 'ST DIANA PRI SCH', 30, 110),
(4956, 'GIKONDI VICTORY ACADEMY PRI', 30, 110),
(4957, 'GICHAGI-INI SPECIAL UNIT SCH', 30, 110),
(4958, 'NDAKAINI PREPARATORY COMPLEX PRI SCH', 30, 111),
(4959, 'MATHENGETA SPECIAL UNIT', 30, 110),
(4960, 'KIUGU SPECIAL UNIT', 30, 110),
(4961, 'KAGIRA MEMORIAL ACADEMY PRI SCH', 30, 111),
(4962, 'PHIROS ACADEMY PRI SCH', 30, 110),
(4963, 'MUNORU HIGHLANDS PRI SCH', 30, 110),
(4964, 'KAHUMBU SPECIAL UNIT', 30, 110),
(4965, 'ST PATRIC MUTHANI PRI', 30, 111),
(4966, 'MUTHITHI SPECIAL UNIT', 30, 110),
(4967, 'KIUGUINI PRIMARY SPECIAL UNIT', 30, 110),
(4968, 'ST. EDWIN''S ACADEMY', 30, 111),
(4969, 'THAARA PRIMARY SPECIAL UNIT', 30, 110),
(4970, 'ST PHILIPS ACADEMY PRI', 30, 111),
(4971, 'ST JOHN''S KIGORO', 30, 111),
(4972, 'HARRIMON ACADEMY PRI SCH', 30, 110),
(4973, 'GACHARAGE SPECIAL UNIT', 30, 110),
(4974, 'GRACE FOUNTAIN ACADEMY PRI SCH', 30, 111),
(4975, 'KAGWATHI SDA PRI SCH', 30, 110),
(4976, 'ACK KANGUI ACADEMY PRI SCH', 30, 110),
(4977, 'PRECIOUS MINDS KIAMA ACADEMY PRI SCH', 30, 111),
(4978, 'ELITE M.G ACADEMY PRI SCH', 30, 111),
(4979, 'FOUNDATION OF HOPE PRI', 30, 110),
(4980, 'PUNDA MILIA SPECIAL UNIT', 30, 110),
(4981, 'ST. CHARLES ACADEMY PRI', 30, 110),
(4982, 'TARATIBU PRI', 30, 110),
(4983, 'FOUNTAIN OF HOPE PRI SCH', 30, 110),
(4984, 'AMANI ACADEMY PRI', 30, 111),
(4985, 'BRIGHTSTAR ACADEMY PRI', 30, 110),
(4986, 'ST. ANGELAS PRI SCH', 30, 110),
(4987, 'GREENFIELDS ACADEMY PRI', 30, 110),
(4988, 'BY GRACE PRI SCH', 30, 110),
(4989, 'SUNRAYS ACADEMY', 30, 111),
(4990, 'MUGI ACADEMY PRI', 30, 111),
(4991, 'KAROGIA PRI', 30, 110),
(4992, 'KIRUNGURU SPECIAL UNIT', 30, 110),
(4993, 'UNCLE GEORGE ACADEMY PRI SCH', 30, 110),
(4994, 'MAKUYU ROYAL STAR ACADEMY PRIMARY', 30, 110),
(4995, 'PAG MUKURWE ACADEMY PRI SCH', 30, 111),
(4996, 'TOP LEARNERS ACADEMY PRI', 30, 110),
(4997, 'HERITAGE ACADEMY PRI SCH', 30, 110),
(4998, 'GATIA MAKUYU TOWNSHIP ACADEMY', 30, 110),
(4999, 'KIRANGA EBENEZER PRI SCH', 30, 110),
(5000, 'JOYFUL SPRINGS ACADEMY', 30, 110),
(5001, 'MWANGAZA ACADEMY', 30, 111),
(5002, 'ST THOMAS NGAMBU ACADEMY PRI SCH', 30, 110),
(5003, 'GOOD EDUCATION ACADEMY PRI', 30, 111),
(5004, 'PRECIOUS BLOOD ACADEMY PRIMARY SCH', 30, 110),
(5005, 'ABERDARE PEAKS ACADEMY', 30, 111),
(5006, 'FAITHFUL HEARTS PRI SCH', 30, 110),
(5007, 'KARIGUINI SPECIAL UNIT', 30, 110),
(5008, 'MERSTAN PRI SCH', 30, 111),
(5009, 'BRIGHT STARS ACADEMY  PRI SCH', 30, 111),
(5010, 'FUTURE LEADERS ACADEMY  PRI SCH', 30, 111),
(5011, 'JUNIOR ANGELS ACADEMY PRI', 30, 110),
(5012, 'BARAKA JUNIOR ACADEMY', 30, 111),
(5013, 'KANYAMA ACADEMY PRI SCH', 30, 110),
(5014, 'PIVOT ACADEMY', 30, 111),
(5015, 'MOTHER TERESA ACADEMY PRI SCH', 30, 111),
(5016, 'WANJO JUNIOR ACADEMY PRI SCH', 30, 110),
(5017, 'CLEVER BEE PRI SCH', 30, 110),
(5018, 'KABATI JUNIOR ACADEMY PRI', 30, 110),
(5019, 'ST LAWRENCE ACADEMY PRI', 30, 111),
(5020, 'KABATI FLY-OVER', 30, 111),
(5021, 'KOU HILL ACADEMY', 30, 111),
(5022, 'JOESKA ACADEMY', 30, 111),
(5023, 'CATHY''S ACADEMY PRI SCH', 30, 110),
(5024, 'ST. VERONICA ELITE ACADEMY PRI SCH', 30, 111),
(5025, 'MARYLAND ACADEMY  PRI SCH', 30, 111),
(5026, 'ANSAM ACADEMY', 30, 111),
(5027, 'ST. MONICA GIATUTU ACADEMY', 30, 111),
(5028, 'ST. PETERS ACADEMY PRI SCH', 30, 111),
(5029, 'BEMAR  PRI  SCH', 30, 111),
(5030, 'NG''ATE  PRI SCH', 30, 111),
(5031, 'EDEN ROCK ACADEMY', 30, 111),
(5032, 'KURIA MEMORIAL', 30, 111),
(5033, 'BRAIN STORM ACADEMY', 30, 111),
(5034, 'TRUE WORDS', 30, 111),
(5035, 'NUHU KANYINGI PRI SCH', 30, 109),
(5036, 'KIAMBUTHIA PRI SCH SPECIAL UNIT', 30, 109),
(5037, 'THUITA SPECIAL UNIT', 30, 109),
(5038, 'MANANGA SPECIAL UNIT', 30, 109),
(5039, 'KAIRO SPECIAL UNIT', 30, 109),
(5040, 'MUTHANGARI SPECIAL UNIT', 30, 109),
(5041, 'ST. ANDREWS KAIRO PRI SCH', 30, 109),
(5042, 'GAKURWE PRI SCH SPECIAL UNIT', 30, 109),
(5043, 'KIRU SPECIAL UNT', 30, 109),
(5044, 'REV. DR. CLARKE M. ACADEMY-PRI SCH', 30, 109),
(5045, 'KIRIAINI ACADEMY PRI SCH', 30, 109),
(5046, 'DON-ORIONE SPECIAL SCH', 30, 109),
(5047, 'KIRIAINI PREPARATORY PRI SCH', 30, 109),
(5048, 'A.C.K ST STEPHEN KIAMBUGI PRI SCH', 30, 109),
(5049, 'NJUMBI PRI SCH SPECIAL UNIT', 30, 109),
(5050, 'KAMUNE PRI SCH SPECIAL UNIT', 30, 109),
(5051, 'NGUTU SPECIAL UNIT', 30, 109),
(5052, 'GITUGI PRI SCH SPECIAL UNIT', 30, 109),
(5053, 'EBENEZER PRI SCH', 30, 109),
(5054, 'KARUNG''E SPECIAL UNIT', 30, 109),
(5055, 'NGECHU PRI SCH', 30, 109),
(5056, 'A.C.K ST PAUL MUHUTI  PRI SCH', 30, 109),
(5057, 'WAHUNDURA SPECIAL UNIT', 30, 109),
(5058, 'FAITH JUNIOR ACADEMY PRI SCH', 30, 109),
(5059, 'JOSEPH ALLAMANO PRI SCH', 30, 109),
(5060, 'ST. PITHON KANINI PRI SCH', 30, 109),
(5061, 'DILIGENT ACADEMY PRI SCH', 30, 109),
(5062, 'WATUHA SPECIAL UNIT', 30, 109),
(5063, 'WILL POWER WORDS WORTH PRI', 30, 109),
(5064, 'NGOORO PRI SCH', 30, 109),
(5065, 'A.C.K ST. PETERS MUGURU PRI SCH', 30, 109),
(5066, 'DEGREE GOAL ACADEMY', 30, 109),
(5067, 'ST. CECILIA PRIMARY SCH', 31, 113),
(5068, 'ENGASHURA PREPARATORY PRIMARY', 31, 113),
(5069, 'VICTORY JUNIOR ACADEMY - PRI', 31, 113),
(5070, 'KING''S ACADEMY WAMKONG', 31, 113),
(5071, 'BERUR GAA ACADEMY', 31, 113),
(5072, 'CREST ACADEMY PRI SCH', 31, 113),
(5073, 'CHIEF IAN PRIMARY', 31, 113),
(5074, 'EXODUS PRIMARY', 31, 113),
(5075, 'CORNERSTONE ACADEMY', 31, 113),
(5076, 'IAN CASTLEMAN ORPHANAGE PRIMARY', 31, 113),
(5077, 'ST. MARY''S DUNDORI ACADEMY PRIMARY', 31, 113),
(5078, 'CRATER VIEW ACADEMY PRIMARY', 31, 113),
(5079, 'JOYLAND ACADEMY PRI SCH', 31, 113),
(5080, 'BALMAS ACADEMY PRI SCH', 31, 113),
(5081, 'BRIGHT MICHAEL PRIMARY', 31, 113),
(5082, 'MORNING STAR PRIMARY', 31, 113),
(5083, 'GOSPEL CHRISTIAN ACADEMY', 31, 113),
(5084, 'VICKEY ACADEMY', 31, 113),
(5085, 'NAOMI PRI SCH', 31, 113),
(5086, 'MUTIRITHIA PRI SCH', 31, 113),
(5087, 'OLSIRWA PRI SCH', 31, 113),
(5088, 'GLORY ACADEMY PRIMARY', 31, 113),
(5089, 'PAMHILL ACADEMY', 31, 113),
(5090, 'NAZARITE PRI SCH', 31, 113),
(5091, 'SUNSHINE PRI SCH', 31, 113),
(5092, 'JOYFIELD ACADEMY', 31, 113),
(5093, 'MWERISTAR ACADEMY PRI SCH', 31, 113),
(5094, 'PHOENIX LAKE VIEW ACADEMY', 31, 113),
(5095, 'PETALS VIEW PRIMARY', 31, 113),
(5096, 'NDABIBI CENTRAL PRI SCH', 31, 113),
(5097, 'MURIUNDU SPECIAL UNIT', 31, 113),
(5098, 'CHAZON SHOOLS PRI SCH', 31, 113),
(5099, 'JOFEN ACADEMY PRIMARY', 31, 113),
(5100, '3-WAY ACADEMY PRI SCH', 31, 113),
(5101, 'MUGWATHI SPECIAL UNIT', 31, 113),
(5102, 'NEIGHBORHOOD ACADEMY', 31, 113),
(5103, 'MT. SINAI PRIMARY', 31, 113),
(5104, 'STERAH ACADEMY PRIMARY', 31, 113),
(5105, 'LIMUKO FOREST ACADEMY PRIMARY', 31, 113),
(5106, 'NOBOLE PRI SCH', 31, 113),
(5107, 'TEMASE ACADEMY PRI SCH', 31, 114),
(5108, 'ST. LUCIA PRIMARY', 31, 113),
(5109, 'BLUMAX ACADEMY PRIMARY', 31, 113),
(5110, 'CHEPSEON EKE PRIMARY', 31, 113),
(5111, 'RONGAI VICTORY PRIMARY', 31, 113),
(5112, 'JOYWELL PRI SCH', 31, 113),
(5113, 'NDAKIMU ACADEMY PRIMARY', 31, 113),
(5114, 'REV. MBUTHIA PRIMARY', 31, 113),
(5115, 'BARAKA BOYS PRI SCH', 31, 113),
(5116, 'OUR LADY OF VICTORIES SPECIAL UNIT', 31, 113),
(5117, 'KIPLEMEIYWO PRIMARY', 31, 113),
(5118, 'ST. ANN MIXED PRIMARY', 31, 113),
(5119, 'PHYLLIS MEMORIAL PRIMARY', 31, 113),
(5120, 'SACHNGWANI PRI SCH', 31, 113),
(5121, 'KANJOGO PRIMARY SCHOOL', 31, 113),
(5122, 'SPECIAL UNIT', 31, 113),
(5123, 'KONGASIS PRI', 31, 118),
(5124, 'SENETWE HILLS VIEW ACADEMY', 31, 113),
(5125, 'VENESSA GRANT SPECIAL SCHOOL', 31, 113),
(5126, 'TULWOBMOI PRIMARY', 31, 113),
(5127, 'TUIYOTICH  EMMAH SCHOOL PRI', 31, 113),
(5128, 'JOHATO ACADEMY PRI SCH', 31, 113),
(5129, 'SPECIAL UNIT', 31, 113),
(5130, 'EBENEZAR DAYSTAR ACADEMY', 31, 113),
(5131, 'MARIKI PRIMARY', 31, 113),
(5132, 'KIRAM JUNIOR ACADEMY', 31, 113),
(5133, 'KETIGOI PREP PRI SCH', 31, 113),
(5134, 'GOODSHEPHERD ACADEMY PRI SCH', 31, 113),
(5135, 'GRAMS PRIMARY', 31, 113),
(5136, 'CHIEF KARIUKI ACADEMY PRIMARY SCH', 31, 113),
(5137, 'KIMOROROCH PRIMARY', 31, 113),
(5138, 'EVERLYN MEMORIAL ACADEMY PRI SCH', 31, 113),
(5139, 'KHAN DAVID PRI SCH', 31, 113),
(5140, 'OLIVE PRIMARY SCHOOL', 31, 113),
(5141, 'SENETWO PRIMARY', 31, 113),
(5142, 'EMMANUEL HOPE ACADEMY PRI', 31, 113),
(5143, 'AMIND VISION PRIMARY', 31, 113),
(5144, 'FAITH PRE SCH', 31, 113),
(5145, 'STAR SHINE ACADEMY PRI', 31, 113),
(5146, 'WINNERS SCH PRI', 31, 113),
(5147, 'CANAAN JUNIOR ACADEMY PRI', 31, 113),
(5148, 'ST ANNE MODERN ACADEMY PRI', 31, 113),
(5149, 'HIGHZONE ACADEMY PRI SCH', 31, 113),
(5150, 'UPPER HILL JUNIOR ACADEMY PRI', 31, 113),
(5151, 'WISDOM STAR ACADEMY PRI SCH', 31, 113),
(5152, 'AGC ACADEMY PRIMARY', 31, 113),
(5153, 'AIC CATHEDRAL SCHOOL', 31, 113),
(5154, 'ST. PATRIC PRI SCH', 31, 113),
(5155, 'LANGALANGA PRI SCH', 31, 113),
(5156, 'VICTORY PRIMARY', 31, 113),
(5157, 'TIRIGOI PRI SCH', 31, 113),
(5158, 'ALL SAINT JUNIOR ACADEMY PRI SCH', 31, 113),
(5159, 'CORNERSTONE ACADEMY', 31, 112),
(5160, 'GILGIL TOWNSHIP SPECIAL UNIT SCH', 31, 113),
(5161, 'ST. DANIEL KOMBONI PRI SCH', 31, 113),
(5162, 'ST CATHERINES SCH NAIVASHA PRI', 31, 113),
(5163, 'THE OASIS PRI SCH', 31, 113),
(5164, 'PEFA VICTORY PRIMARY', 31, 113),
(5165, 'WEST WOOD PRI SCH', 31, 113),
(5166, 'MBOGO PRI', 31, 113),
(5167, 'ST MARY - ANNE ACADEMY PRI', 31, 113),
(5168, 'KUSUMEK PRIMARY', 31, 113),
(5169, 'ZAKAYO GARDEN SCHOOL', 31, 113),
(5170, 'KOILONG''ET PRIMARY', 31, 113),
(5171, 'KAPLAMBOI PRIMARY SCHOOL', 31, 113),
(5172, 'REV. FR EUSEBIUS K. WASSWA MEMORIAL ACADEMY PRI', 31, 113),
(5173, 'GENTLE BELLS PREP SCH', 31, 113),
(5174, 'TERET PRIMARY', 31, 113),
(5175, 'NANCY MEMORIAL ACADEMY', 31, 113),
(5176, 'STOO MBILI PRIMARY SCH', 31, 113),
(5177, 'OLOONONGOT PRI SCH', 31, 113),
(5178, 'ANURUWET PRI SCH', 31, 113),
(5179, 'CHENUGU PRI SCH', 31, 113),
(5180, 'NAGUM PRI SCH', 31, 113),
(5181, 'MUTHIGA PRIMARY', 31, 113),
(5182, 'ST JOHN JUNIOR PRIMARY', 31, 113),
(5183, 'KAHUNJA ACADEMY PRI SCH', 31, 113),
(5184, 'ERERI PRI SCH', 31, 113),
(5185, 'TAGITECH PRIMARY', 31, 113),
(5186, 'GEROL ACADEMY', 31, 113),
(5187, 'JOY VISION ACADEMY PRI', 31, 113),
(5188, 'CHESIRIKWA DAYSTAR ACADEMY', 31, 113),
(5189, 'GOOD SHEPHERD  CENTER - PRI', 31, 113),
(5190, 'BAPTIST ACADEMY PRI SCH', 31, 113),
(5191, 'MAAI MAHIU SACRED HEARTS SCH', 31, 113),
(5192, 'FOUNTAIN GATE ACADEMY PRIMARY', 31, 113),
(5193, 'DAVID NJENGA MEMORIAL ACADEMY PRI SCH', 31, 113),
(5194, 'YOUNG STARS ACADEMY PRI SCH', 31, 113);
INSERT INTO `school` (`school_id`, `school_name`, `school_county_id`, `school_district_id`) VALUES
(5195, 'OASIS JACADEMY  PRI SCH', 31, 113),
(5196, 'MZALENDO BOARDING PRIMARY', 31, 113),
(5197, 'NDIBITHI PRI SCH', 31, 113),
(5198, 'AMEN JUNIOR ACADEMY PRI SCH', 31, 113),
(5199, 'SATELLITE PRI SCH', 31, 113),
(5200, 'CORNERIOUS PRIMARY', 31, 113),
(5201, 'VICTORY EDUCATION CENTRE PRIMARY', 31, 113),
(5202, 'YASHA MISSION PRIMARY', 31, 113),
(5203, 'KIMUGUL PRIMARY', 31, 113),
(5204, 'INTEGRITY EDUCATION CENTRE PRIMARY', 31, 113),
(5205, 'ST. MARK PRIMARY', 31, 113),
(5206, 'ST AUGUSTINE PRIMARY SCH', 31, 113),
(5207, 'LION HILL PRIMARY', 31, 113),
(5208, 'NATU PRIMARY', 31, 113),
(5209, 'CHEMARE PRIMARY', 31, 113),
(5210, 'ST ANDREWS PRIMARY', 31, 113),
(5211, 'RIFT VALLEY PRESTIGE PRIMARY', 31, 113),
(5212, 'MSINGI MWEMA PRIMARY', 31, 113),
(5213, 'HILLS VIEW ACADEMY PRIMARY', 31, 113),
(5214, 'EMMANUEL ACADEMY PRI', 31, 113),
(5215, 'MAU HILLS ACADEMY', 31, 113),
(5216, 'HOMELAND ACADEMY', 31, 113),
(5217, 'REHEMA PRIMARY SCH', 31, 113),
(5218, 'BOCHEGE PRIMARY', 31, 113),
(5219, 'MWITEITHIA PRIMARY', 31, 113),
(5220, 'EAST AFRICA MISSION ORPHANAGE PRIMARY', 31, 113),
(5221, 'PRECIOUS CORNERSTONE PRIMARY', 31, 113),
(5222, 'KIMONIO PRIMARY', 31, 113),
(5223, 'RORET  PRIMARY', 31, 113),
(5224, 'FANISI PRIMARY', 31, 113),
(5225, 'PYRENE PRIMARY SCH', 31, 113),
(5226, 'ROCKHUST PRIMARY', 31, 113),
(5227, 'ST. JANE PRIMARY', 31, 113),
(5228, 'RASUL AL AKRAM PRIMARY', 31, 113),
(5229, 'SILVER EDUCATION CENTRE PRIMARY', 31, 113),
(5230, 'LITTLE ROSES PRIMARY', 31, 113),
(5231, 'PCEA JITEGEMEE PRIMARY', 31, 113),
(5232, 'PANGANI ELCK SPECIAL UNIT', 31, 113),
(5233, 'UTHERI WA LARI PRI SCH', 31, 113),
(5234, 'SAMJAN PRI', 31, 113),
(5235, 'ROYAL ELITES PRIMARY', 31, 113),
(5236, 'PARAMOUNT ACADEMY PRIMARY SCH', 31, 113),
(5237, 'MELON PRIMARY', 31, 113),
(5238, 'CHEPEMA JOY ACADEMY', 31, 113),
(5239, 'MURIRICUA SPECIAL UNIT', 31, 113),
(5240, 'SUNRISE NJORO ACADEMY', 31, 113),
(5241, 'BRITE STAR ACADEMY', 31, 113),
(5242, 'MKULIMA  PRIMARY', 31, 113),
(5243, 'NAKURU SDA PRIMARY', 31, 113),
(5244, 'DR. ARTHUR ACADEMY PRIMARY', 31, 113),
(5245, 'SKY HIGH PRIMARY', 31, 113),
(5246, 'KING STAR PRIMARY', 31, 113),
(5247, 'KIPTAGICH PRIMARY', 31, 113),
(5248, 'GOLDEN HEART JUNOIR ACADEMY PRIMARY', 31, 113),
(5249, 'ALL SAINTS PRIMARY', 31, 113),
(5250, 'UMOJA PRIMARY', 31, 113),
(5251, 'NAKURU CHRISTIAN CENTRE PRIMARY', 31, 113),
(5252, 'TUMAINI  PRIMARY', 31, 113),
(5253, 'TEGEA JUNIOR ACADEMY PRI SCH', 31, 113),
(5254, 'IMANI AEPC PRIMARY', 31, 113),
(5255, 'UTHABITI PRIMARY', 31, 113),
(5256, 'NAKURU HOLY CROSS PRIMARY', 31, 113),
(5257, 'MIRACLE ACADEMY PRIMARY', 31, 113),
(5258, 'MANYATTA ACADEMY PRI', 31, 113),
(5259, 'JITEGEMEA PRIMARY', 31, 113),
(5260, 'MARYLON ACADEMY PRIMARY', 31, 113),
(5261, 'KONGASIS PRI SCH', 31, 113),
(5262, 'ST ANN ACADEMY PRIMARY', 31, 113),
(5263, 'KALUKIAT PRIMARY', 31, 113),
(5264, 'BAPTIST ACADEMY PRIMARY', 31, 113),
(5265, 'GLORYZONE SCH', 31, 113),
(5266, 'SOLAI LAKEVIEW ACADEMY PRIMARY SCH', 31, 113),
(5267, 'GRACE MOUNT PRIMARY', 31, 113),
(5268, 'EXCEL PRIMARY', 31, 113),
(5269, 'SHANA PRIMARY', 31, 113),
(5270, 'NGALA SCHOOL FOR THE DEAF PRIMARY', 31, 113),
(5271, 'KIAMUNYEKI ACADEMY PRIMARY', 31, 113),
(5272, 'NAKURU STREET CHILDREN CENTRE PRIMARY', 31, 113),
(5273, 'LAKEVIEW ACADEMY PRIMARY', 31, 113),
(5274, 'MWALIMU MKUU PRIMARY SCH', 31, 113),
(5275, 'KAPTARAKWA PRIMARY', 31, 113),
(5276, 'LANET LIGHT HOUSE ACADEMY PRIMARY', 31, 113),
(5277, 'NISSI PRIMARY', 31, 113),
(5278, 'CHALLEN PRIMARY', 31, 113),
(5279, 'MENENGAI INTEGRATED', 31, 113),
(5280, 'TERRY ACADEMY', 31, 113),
(5281, 'ST. ANDREW PRIMARY', 31, 113),
(5282, 'SHAH LALJI NANGPAR PRIMARY SCH', 31, 113),
(5283, 'SOUJANAARS PRIMARY', 31, 113),
(5284, 'ST MARK ACADEMY', 31, 113),
(5285, 'ST. GRACIOUS PRIMARY SCH', 31, 113),
(5286, 'MUTHITHI HIGHLIGHT ACADEMY', 31, 113),
(5287, 'GREAT COMMISSION ACADEMY PRI SCH', 31, 113),
(5288, 'SAOSET PRIMARY', 31, 113),
(5289, 'LITTLE FRIENDS PRI SCH', 31, 113),
(5290, 'GRACE BIBLE PRIMARY', 31, 113),
(5291, 'MODERN ACADEMY PRIMARY', 31, 113),
(5292, 'NGATA STARLET ACADEMY-  PRI', 31, 113),
(5293, 'ST. NINIAN''S PCEA PRIMARY', 31, 113),
(5294, 'JINGLE ACADEMY PRIMARY', 31, 113),
(5295, 'ST ANDREWS SCHOOL TURI', 31, 113),
(5296, 'RUIYOBEI PRIMARY', 31, 113),
(5297, 'MWANGAZA BOARDING PRIMARY', 31, 113),
(5298, 'VALLEY''S LILY SCH', 31, 113),
(5299, 'CRATER ACADEMY PRIMARY', 31, 113),
(5300, 'GOOD HOPE ACADEMY PRIMARY SCH', 31, 113),
(5301, 'ST. KEZIAH PRIMARY', 31, 113),
(5302, 'BRILLIANCE PRI SCH', 31, 113),
(5303, 'SHALLOM FAITH PRIMARY', 31, 113),
(5304, 'MERCY OLIVE ACADEMY PRI', 31, 113),
(5305, 'GLADWELL SUNRISE PRIMARY', 31, 113),
(5306, 'VIOKIM PRIMARY', 31, 113),
(5307, 'BELL HOUSE PRIMARY', 31, 113),
(5308, 'SUNRISE JUNIOR PRIMARY', 31, 113),
(5309, 'LITTLE LILLIES PRIMARY', 31, 113),
(5310, 'MEMA EDUCATION CENTRE', 32, 105),
(5311, 'ST LAWRENCE ACADEMY', 32, 105),
(5312, 'KISOGA PRI', 32, 105),
(5313, 'KAPLELACH PRI', 32, 105),
(5314, 'NANDI HILLS HIGHVIEW PRI', 32, 105),
(5315, 'KABUSON PRI', 32, 105),
(5316, 'KIPROTGORIK PRI', 32, 105),
(5317, 'KIMOLONIK PRI SCH', 32, 105),
(5318, 'SDA LABUIYWO ACADEMY', 32, 105),
(5319, 'ST MARK LEBELEN PRI', 32, 105),
(5320, 'TAMBUL PRI', 32, 105),
(5321, 'KITAPKOI PRI', 32, 105),
(5322, 'KETENG PRI', 32, 105),
(5323, 'MWALO HEADWAY ACADEMY', 32, 105),
(5324, 'ST PANTELEIMON KENYOR PRI', 32, 105),
(5325, 'SETEK GAA PRI', 32, 105),
(5326, 'AIC CHEPKEMEL ACADEMY', 32, 105),
(5327, 'ST MATHEWS MARABA ACADEMY', 32, 105),
(5328, 'HILL VIEW EDUCATION CENTRE', 32, 105),
(5329, 'EMIT PRI SCH', 32, 105),
(5330, 'BLOOMINGTON EDUCATION CENTRE PRI', 32, 105),
(5331, 'ST MATHIAS K ACADEMY', 32, 105),
(5332, 'GREEMLANDS ACADEMY', 32, 105),
(5333, 'KOLELACH PRI', 32, 105),
(5334, 'MAGOI PRI', 32, 115),
(5335, 'WINNERS CHOICE ACADEMY', 32, 105),
(5336, 'AIC TUIYOBEI PRI SCH', 32, 105),
(5337, 'KIRORO PRI', 32, 105),
(5338, 'CHESUMEI ACADEMY', 32, 116),
(5339, 'CHEMASAI PREPARATORY PRI', 32, 105),
(5340, 'RIVERSIDE ACADEMY', 32, 105),
(5341, 'CHEBIRIR PRI', 32, 105),
(5342, 'AIC CHRISTIAN PRI', 32, 105),
(5343, 'KOGAMEI PRI', 32, 105),
(5344, 'CHEPKINOIYO PRI', 32, 116),
(5345, 'ST THOMAS PREPARATORY PRI KAMALEL', 32, 105),
(5346, 'STEWARDS LIGHT SCH', 32, 116),
(5347, 'ST JOHNS ACADEMY KOILOT', 32, 105),
(5348, 'ST PAULS SCHOOL', 32, 116),
(5349, 'ST EVERLYNE ACADEMY', 32, 116),
(5350, 'ST THERESA''S PRI NDUROTO', 32, 105),
(5351, 'ST CHRISTOPHER''S MONTESSORI LELWAK PRI', 32, 105),
(5352, 'PRECIOUS HILL ACADEMY', 32, 116),
(5353, 'AIC SOCHOI ACADEMY', 32, 105),
(5354, 'MILGO PRI', 32, 116),
(5355, 'CHEPTINGTING PRI', 32, 105),
(5356, 'MOKWO PRI', 32, 116),
(5357, 'TULOI PAG', 32, 116),
(5358, 'BRESA ACADEMY', 32, 116),
(5359, 'ST LUDOVICO OLDOLDOL PRI', 32, 105),
(5360, 'WHITE ROCK PRI', 32, 105),
(5361, 'BARAKA SCH', 32, 116),
(5362, 'KAPSABET SCH FOR THE DEAF', 32, 116),
(5363, 'KAPSABET ACADEMY PRI', 32, 116),
(5364, 'FAITH SCH', 32, 116),
(5365, 'MARS VALLEY ACADEMY', 32, 116),
(5366, 'MARCLE SCH', 32, 116),
(5367, 'ST. AUGUSTINE EDUCATION CENTRE', 32, 116),
(5368, 'KAPSABET ELITE ACADEMY', 32, 116),
(5369, 'MBERIA TOLELTANY PRI', 32, 116),
(5370, 'BERUR ACADEMY', 32, 116),
(5371, 'FR ELIA LIMO ACADEMY', 32, 116),
(5372, 'MIDWESTERN ACADEMY HILLS VIEW', 32, 116),
(5373, 'TUMAINI PREPARATORY ACADEMY', 32, 116),
(5374, 'EMGWEN COMPLEX PRI', 32, 116),
(5375, 'JOYLAND ACADEMY KAPKOBIS', 32, 116),
(5376, 'ACK CHEPTERIT ACADEMY', 32, 116),
(5377, 'CHRISTJEM ACADEMY', 32, 116),
(5378, 'FR KUHN BOARDING PRI', 32, 116),
(5379, 'SKY KING ACADEMY', 32, 116),
(5380, 'LOLMININGAI ACADEMY', 32, 116),
(5381, 'KIPCHABO ELITE SCHOOL', 32, 116),
(5382, 'BARATON INTERNATIONAL PRI', 32, 116),
(5383, 'AIC KAPTILDIL ACADEMY', 32, 116),
(5384, 'KOMBE AIC ACADEMY PRI', 32, 116),
(5385, 'SIMBA HILL ACADEMY', 32, 116),
(5386, 'KOISEGEM ACADEMY', 32, 116),
(5387, 'ST JOHN ACK CHEBITET PRI', 32, 116),
(5388, 'ROYAL TOTO SCHOOL', 32, 116),
(5389, 'CHEBARUS BORDER PRI', 32, 116),
(5390, 'AIC KIPKONG''ONY ACADEMY', 32, 116),
(5391, 'FR TOROR PRI', 32, 116),
(5392, 'KAPKOI PRI', 32, 117),
(5393, 'KAPTEL AIC ACADEMY', 32, 116),
(5394, 'VALLEY JUNIOR ACADEMY', 32, 116),
(5395, 'KARO ACADEMY', 32, 116),
(5396, 'AIC NDUROTO ACADEMY', 32, 116),
(5397, 'SIRONOI SDA ACADEMY', 32, 116),
(5398, 'ST PETERS MEREGEI PRI SCH', 32, 116),
(5399, 'HALVINO EDUCATIONAL CENTRE', 32, 116),
(5400, 'KIPSAMOITE ADVENTIST PRI', 32, 116),
(5401, 'SOKKIN HIGH CLASS ACADEMY', 32, 116),
(5402, 'KOSIRAI PRI', 32, 117),
(5403, 'TUWAI PREPARATORY SCH', 32, 116),
(5404, 'AIC SIRGOI ACADEMY', 32, 116),
(5405, 'ST BENEDICTS PREPARATORY SCHOOL', 32, 116),
(5406, 'SACHANGWAN PRI', 32, 116),
(5407, 'RIO ACADEMY', 32, 116),
(5408, 'HILL FARM PRI', 32, 116),
(5409, 'AIC TIRONIN ACADEMY PRI SCH', 32, 116),
(5410, 'FR. KIRWA EDUCATIONAL CENTRE', 32, 116),
(5411, 'CENTRAL ACADEMY CHEMUSWA', 32, 116),
(5412, 'KUGERONIOT PRI', 32, 116),
(5413, 'MOSOP GLORY SCH', 32, 116),
(5414, 'MIDPROS ACADEMY', 32, 116),
(5415, 'STANLEY METTO EDUC CENTRE', 32, 116),
(5416, 'TUIGOIN PRI', 32, 116),
(5417, 'KAPKONJUSMO SDA PRI', 32, 116),
(5418, 'KEBULONIK PREPARATORY ACADEMY', 32, 116),
(5419, 'SANGALO CENTRAL ACADEMY', 32, 116),
(5420, 'ACK SIRWO PRI', 32, 116),
(5421, 'ST AUGISTINE MURUTO ACADEMY', 32, 116),
(5422, 'KAPKERINGON EAST PRI', 32, 116),
(5423, 'TUMAINI GRAMMAR SCH', 32, 116),
(5424, 'ST. JOSEPHS ELITE ACADEMY KIPTANGUS', 32, 116),
(5425, 'ST RAPHAEL ACADEMY', 32, 116),
(5426, 'ROCKFIELD SCH SIGOT', 32, 116),
(5427, 'MARS KIPSIRIA ACADEMY', 32, 116),
(5428, 'KAPTIEN PRI', 32, 118),
(5429, 'ST THOMAS KAPKOROS ACADEMY', 32, 116),
(5430, 'KAGARWO SDA ACADEMY', 32, 116),
(5431, 'RUTAN ACADEMY', 32, 116),
(5432, 'AIC KAPTICH ACADEMY', 32, 116),
(5433, 'NAET PREPARATORY SCHOOL', 32, 116),
(5434, 'KIPKOI JUNIOR ACADEMY', 32, 116),
(5435, 'MOSOMBOR PRI', 32, 117),
(5436, 'KEBULWET PRI', 32, 116),
(5437, 'CHEMNOET ACADEMY', 32, 116),
(5438, 'KIBELIO PRI', 32, 116),
(5439, 'A.I.C SURUNGAI EDUCATIONAL CENTRE', 32, 116),
(5440, 'TWINS ACADEMY', 32, 116),
(5441, 'AIC CHEPLAKEI PRI SCH', 32, 116),
(5442, 'AIC CHUMEK EDUCATIONAL CENTRE', 32, 116),
(5443, 'SETYOT PRI', 32, 116),
(5444, 'BISHOP MUGE MEMMORIAL ACADEMY', 32, 116),
(5445, 'GENESIS EDUCATIONAL CENTRE', 32, 116),
(5446, 'AIC CHEBARUS ACADEMY', 32, 116),
(5447, 'NDALAT GAA ACADEMY', 32, 116),
(5448, 'HEPZIBAH NEW VISION ACADEMY', 32, 116),
(5449, 'TUKTUK SDA PRI SCH', 32, 116),
(5450, 'ST TERESA OF AVILA PREPARATORY', 32, 116),
(5451, 'TUIYOBEI PRI', 32, 117),
(5452, 'GODS WILL ACADEMY', 32, 116),
(5453, 'HOLY CROSS ACADEMY AND MONTESSORI', 32, 116),
(5454, 'EBENEZER ACADEMY', 32, 116),
(5455, 'ST PETERS KAPKEBEN PRI', 32, 116),
(5456, 'VICTORY PREPARATORY SCH', 32, 116),
(5457, 'AIC SOSIOT ACADEMY', 32, 116),
(5458, 'AIC CHEPKEMEL ACADEMY', 32, 116),
(5459, 'PHILGRACE ACADEMY', 32, 116),
(5460, 'TUIYOBEI PRI', 32, 117),
(5461, 'BERUR ACADEMY', 32, 120),
(5462, 'EBENEZER ACADEMY', 32, 119),
(5463, 'ELITE ACADEMY', 32, 119),
(5464, 'KIPSUMAT PRI SCH', 32, 105),
(5465, 'KAPSABIT ACADEMY', 32, 105),
(5466, 'KITECHGAA PRI', 32, 105),
(5467, 'KEMELOI BOARDING PRI', 32, 105),
(5468, 'IMANI JUNIOR ACADEMY', 32, 105),
(5469, 'VICTORIA KIBINGEI PRI', 32, 105),
(5470, 'ST PANTELEMON KIMEREK ACADEMY', 32, 105),
(5471, 'ELITE ACADEMY', 32, 105),
(5472, 'ST JOSEPH KIBISOMN ACADEMY', 32, 105),
(5473, 'EMUROTOTO PRI SCH', 33, 121),
(5474, 'OLOOLCHURRA PRI', 33, 121),
(5475, 'ESUPETAI PRI SCH', 33, 121),
(5476, 'SEKEROT PRI SCH', 33, 119),
(5477, 'MLIMANI PRI SCH', 33, 121),
(5478, 'OLOISIRUA PRI', 33, 121),
(5479, 'ST. ANDREWS AITONG PRI', 33, 121),
(5480, 'IRBAAN PRI', 33, 121),
(5481, 'ENKIU PRI', 33, 121),
(5482, 'OLEPOIPOI PRI', 33, 122),
(5483, 'ENKIPAI PRI', 33, 122),
(5484, 'LEGACY PRI SCH', 33, 121),
(5485, 'NESONKOYO PRY SCH', 33, 121),
(5486, 'OLEMONCHO PRI', 33, 121),
(5487, '121 JUNIOR ACADEMY', 33, 121),
(5488, 'ERUPATA PRI', 33, 121),
(5489, 'LOIGERO PRI', 33, 121),
(5490, 'ILKEEKE ARE PRI SCH', 33, 121),
(5491, 'LIGHT HOUSE ACADEMY', 33, 121),
(5492, 'TUMPELIAN PRI', 33, 122),
(5493, 'ENKILORTI PRI SCH', 33, 121),
(5494, 'CHEPKUTBEI PRI SCH', 33, 121),
(5495, 'ENOOMPARBALI PRI SCH', 33, 121),
(5496, 'SAINT THOMAS ACADEMY OLCHORRO OIRUWUA', 33, 121),
(5497, 'NDAMAMA SPRINGS ACADEMY', 33, 122),
(5498, 'ENKUTOTO PRI SCH', 33, 121),
(5499, 'NDAMAMA PRI', 33, 122),
(5500, 'HIGHWAY VIEW ACADEMY', 33, 121),
(5501, '121 OUTREACH ACADEMY', 33, 121),
(5502, 'KAG VALLEY ACADEMY', 33, 121),
(5503, 'MPEUTI PRY SCH', 33, 121),
(5504, 'SOGOO TOWNSHIP PRI', 33, 121),
(5505, 'ISOKON ACADEMY PRI', 33, 122),
(5506, 'OLKIROTO PRI', 33, 121),
(5507, 'OLEKISEREMA ACADEMY PRI', 33, 122),
(5508, '121 CHURCH OF CHRIST ACADEMY', 33, 121),
(5509, 'JOY ACADEMY PRI SCH', 33, 121),
(5510, 'OLMEKENYU HILLSIDE ACADEMY', 33, 121),
(5511, 'KISIRIRI OUTREACH PRI SCH', 33, 121),
(5512, 'HEKIMA ACADEMY', 33, 122),
(5513, 'INKOIRIENITO PRI SCH', 33, 121),
(5514, 'TOROKIAT NEWLIFE ACA (PRY)', 33, 121),
(5515, 'TUIYOBEI PRI SCH', 33, 121),
(5516, 'PRUDENCE PRI SCH', 33, 121),
(5517, 'CHESOEN BAPTIST ACADEMY', 33, 122),
(5518, 'ILMOTIOOK ST PAUL ACADEMY PRI', 33, 121),
(5519, 'OLORETO HERITAGE ACADEMY', 33, 121),
(5520, 'NARONYO PRI', 33, 122),
(5521, 'INDONYO PRI', 33, 122),
(5522, 'OLEKALOI PRY SCH', 33, 121),
(5523, 'STARLIGHT ACADEMY PRI', 33, 121),
(5524, 'MAGNET JUNIOR ACADEMY', 33, 121),
(5525, 'ELYON PRI SCH', 33, 121),
(5526, 'PIMBINIET SPECIAL UNIT', 33, 122),
(5527, 'POROKO SPECIAL SCH', 33, 122),
(5528, 'OLKINYEI JUNIOR ACADEMY PRI', 33, 122),
(5529, 'ERORET PRI', 33, 121),
(5530, 'OLE NGAJI NABO PRI', 33, 121),
(5531, 'OLMAKAU PRI', 33, 122),
(5532, 'RATIA RIDGE PRI SCH', 33, 121),
(5533, 'MWANGAZA JUNIOR ACADEMY', 33, 121),
(5534, 'OLESERE PRI', 33, 121),
(5535, 'ARISE AND SHINE ACADEMY', 33, 122),
(5536, 'REDEEMED JUNIOR ACADEMY', 33, 121),
(5537, 'OLEMALIT PRI', 33, 122),
(5538, 'SALABWEK AGC ACADEMY', 33, 121),
(5539, 'GLORIOUS ACADEMY', 33, 121),
(5540, 'MATONYOK PRI SCH', 33, 121),
(5541, 'ST. MARYS ACADEMY PRI', 33, 122),
(5542, 'NKOSESIA PRI', 33, 121),
(5543, 'OLOIBOR-MURT PRI', 33, 121),
(5544, 'ISINANTET PRI SCH', 33, 121),
(5545, 'ILTUMARO PRI', 33, 121),
(5546, 'BILAL PRI SCH', 33, 121),
(5547, 'EMURUAILERAI PRI', 33, 121),
(5548, 'KARUKA PRI SCH', 33, 121),
(5549, 'FATHER KAISER MEMORIAL ACADEMY', 33, 122),
(5550, 'AFRICA INLAND CHURCH ACADEMY', 33, 121),
(5551, 'OLKINYEI PRI', 33, 121),
(5552, 'HOPE KACHI ACADEMY PRI SCH', 33, 121),
(5553, 'NKOPON PRI', 33, 121),
(5554, 'NGARAM PRI SCH', 33, 121),
(5555, 'ENARAMATISHOREKI PRI SCH', 33, 121),
(5556, 'NKARONI MERCY ACADEMY', 33, 121),
(5557, 'NYASITA ACADEMY', 33, 122),
(5558, 'ILKUJUKA PRI', 33, 121),
(5559, 'OLDONYO RASHA SDA PRI', 33, 121),
(5560, 'TIRAP SILVER STAR PRY', 33, 121),
(5561, 'OLOSIRO PRI SCH', 33, 121),
(5562, 'OIKE HIGHVIEW PRI SCH', 33, 121),
(5563, 'KEENS ENOOSAEN ACADEMY PRI', 33, 122),
(5564, 'OLOSAYIET PRI', 33, 122),
(5565, 'BETHAS ACADEMY', 33, 122),
(5566, 'NCHAISHI PRI', 33, 121),
(5567, 'RUSENKA ACADEMY', 33, 121),
(5568, 'MUNYAAS PRI', 33, 121),
(5569, 'SUSWA PRI SCH', 33, 121),
(5570, 'OLPUKOTI HILL ACADEMY PRI SCH', 33, 121),
(5571, 'OSITETI PRI', 33, 121),
(5572, 'SAIRE COMPLEX ACADEMY PRI', 33, 121),
(5573, 'KINYOR YESU ACADEMY', 33, 122),
(5574, 'ENTIAK PRI SCH', 33, 121),
(5575, 'OLKOROI PRI', 33, 121),
(5576, 'ANGATA ACADEMY PRI SCH', 33, 122),
(5577, 'OLASITI TOWNSHIP ACADEMY PRI', 33, 121),
(5578, 'MERRYLN JUNIOR ACADEMY PRI', 33, 121),
(5579, 'KILENA PRI', 33, 122),
(5580, 'OLTARAKUAI KITILIKINI PRI', 33, 121),
(5581, 'ALDO-REBBY JUNIOR ACADEMY', 33, 121),
(5582, 'LOYAL JUNIOR ACADEMY', 33, 121),
(5583, 'CHEPKISWET B PRIMARY', 33, 113),
(5584, 'HEKIMA ACADEMY', 33, 114),
(5585, 'ENARUPA ONGILA PRI SCH', 33, 121),
(5586, 'OLARE PRI', 33, 121),
(5587, 'MARAWAY ACADEMY', 33, 121),
(5588, 'ILTUROT OROOK SPECIAL SCH', 33, 121),
(5589, 'OSUPUKO - OIROBI PRI', 33, 121),
(5590, 'ST. PETERS MONTESSORI PRI', 33, 122),
(5591, 'KUKENIK PRY SCH', 33, 121),
(5592, 'ILKIMATE PRI', 33, 121),
(5593, 'ANGATA BARRIKOI MARANATHA ACADEMY', 33, 122),
(5594, 'OLTUMUSOI PRI', 33, 121),
(5595, 'ENTUROTO PRI', 33, 121),
(5596, 'MARANATHA ACADEMY (MOYOI)', 33, 122),
(5597, 'OLOOLTUROT PRI SCH', 33, 121),
(5598, 'OLKIMATARE PRI', 33, 121),
(5599, 'NAIKARRA ELERAI PRI', 33, 121),
(5600, 'MURKAN GOODWILL ACADEMY', 33, 122),
(5601, 'MPIRO PRI', 33, 121),
(5602, 'ST. CLAIRE GIRLS BOARDING & MIXED DAY PRI', 33, 121),
(5603, 'MAYIAN ACADEMY PRI', 33, 121),
(5604, 'ILKERIN ENAMENEIP PRI SCH', 33, 121),
(5605, 'OLALA JUNIOR ACADEMY PRI', 33, 121),
(5606, 'IRETET PRI', 33, 121),
(5607, 'KOITIKO PRI SCH', 33, 121),
(5608, 'MAGENA MARABU PRIMARY', 34, 123),
(5609, 'RIAMANDERE PRI', 34, 123),
(5610, 'IGENAMONTO PAG PR', 34, 123),
(5611, 'SALAMA ACADEMY', 34, 123),
(5612, 'NEW YORK MISSION PRI SCH', 34, 123),
(5613, 'DAZAMO SETLIGHT ACADEMY', 34, 123),
(5614, 'TRUPHENA ACADEMY', 34, 123),
(5615, 'ST PETERS PREPARATORY ACADEMY', 34, 123),
(5616, 'ENCHORO DOK PRI', 34, 123),
(5617, 'MEVA ACADEMY', 34, 123),
(5618, 'TOMBE FAITH ACADEMY', 34, 123),
(5619, 'RIAMABANA ACADEMY', 34, 123),
(5620, 'RIACHOGOO ACADEMY', 34, 123),
(5621, 'KITANI ACADEMY', 34, 123),
(5622, 'MOITUNYA SPECIAL UNIT', 34, 123),
(5623, 'NYANBASO SPECIAL UNIT', 34, 123),
(5624, 'ST CHARLES LWANGA ACADEMY', 34, 123),
(5625, 'SINAI ACADEMY', 34, 123),
(5626, 'OMOSOCHO KINDERGARTEN PRI', 34, 123),
(5627, 'IKOBE SDA PREPARATORY', 34, 123),
(5628, 'VENUS ACADEMY', 34, 123),
(5629, 'TOMBE CENTRAL ACADEMY', 34, 123),
(5630, 'TOMBE SPECIAL UNIT', 34, 123),
(5631, 'MIRIRI SPECIAL UNIT', 34, 123),
(5632, 'JODAMO JUNIOR ACADEMY', 34, 123),
(5633, 'KAMBINI PRI', 34, 123),
(5634, 'BISAMM JUNIOUR ACADEMY', 34, 123),
(5635, 'RIAMONI DEB SPECIAL UNIT', 34, 123),
(5636, 'MARIPAG ACADEMY', 34, 123),
(5637, 'ST.GEORGE''S ACADEMY', 34, 123),
(5638, 'AMASON EKERUBO ACADEMY', 34, 123),
(5639, 'MWANGO SDA ACADEMY', 34, 123),
(5640, 'RIONG''UTI SPECIAL UNIT', 34, 123),
(5641, 'SOTIK HIGHLANDS ACADEMY', 34, 123),
(5642, 'RIAMIRUKA ACADEMY', 34, 124),
(5643, 'GATEWAY ACADEMY', 34, 123),
(5644, 'SETLIGHT ACADEMY', 34, 123),
(5645, 'NYAISA SDA BOARDING', 34, 123),
(5646, 'NYANGWETA PRI', 34, 123),
(5647, 'DAZAMO PR', 34, 123),
(5648, 'NYAMBOGO SPECIAL UNIT', 34, 123),
(5649, 'JOYLAND ACADEMY', 34, 123),
(5650, 'AMATIERIRIO PRI BOARDING', 34, 123),
(5651, 'KIOMAKONDU PREPARATORY', 34, 124),
(5652, 'OGANGO SPECIAL UNIT', 34, 123),
(5653, 'KUJA SPECIAL UNIT', 34, 123),
(5654, 'ST MARIA MACHURURIATI PRI', 34, 123),
(5655, 'CHARARA SUNSHINE ACADEMY', 34, 123),
(5656, 'FAITH KIENDEGE ACADEMY', 34, 123),
(5657, 'ST MARIA NYANGORI', 34, 123),
(5658, 'ST RUTH ACADEMY', 34, 123),
(5659, 'MOONLIGHT ACADEMY', 34, 123),
(5660, 'RITONGO VALLEY ACADEMY', 34, 123),
(5661, 'ST.MATHEW ACADEMY', 34, 123),
(5662, 'ST.CHRISTOPHER ACADEMY', 34, 123),
(5663, 'MBOROGO MIXED ACADEMY', 34, 123),
(5664, 'KAYABA PRI', 34, 123),
(5665, 'MOSILY ACADEMY', 34, 123),
(5666, 'GAGGIBS ACADEMY', 34, 123),
(5667, 'BUSARA ACADEMY', 34, 123),
(5668, 'ST JUDES ACADEMY', 34, 123),
(5669, 'BOBEMBE ELCK BOYS BOARDING PRI', 34, 123),
(5670, 'RIAKIRUAI BOARDING PRI', 34, 123),
(5671, 'LUTHERAN JUNIOUR ACADEMY', 34, 123),
(5672, 'IKONGE ACADEMY', 34, 123),
(5673, 'BENON ACADEMY', 34, 123),
(5674, 'RIBAITA PRI SCH', 34, 123),
(5675, 'NYAMOITA ACADEMY', 34, 123),
(5676, 'ROBERTS JUNIOR ACADEMY', 34, 123),
(5677, 'NYAMERU SPECIAL UNIT', 34, 123),
(5678, 'MATUTU PRI', 34, 123),
(5679, 'EMBOGA UPENDO PRI', 34, 123),
(5680, 'VICTORY ACADEMY', 34, 120),
(5681, 'FOUNTAIN VIEW ACADEMY', 34, 123),
(5682, 'ST.CHRISTOPHER ACADEMY', 34, 123),
(5683, 'MOCHENWA EKO PRI', 34, 123),
(5684, 'KEGWANDA COG SPECIAL UNIT', 34, 123),
(5685, 'NYAKANDA WAKIFU PRI', 34, 124),
(5686, 'PEMO ACADEMY', 34, 123),
(5687, 'JUPITER ACADEMY', 34, 124),
(5688, 'ERONGE PRIMARY', 34, 123),
(5689, 'OMOSASA SPECIAL UNIT', 34, 123),
(5690, 'GOOD MWANDA ACADEMY', 34, 123),
(5691, 'GESIBEI DOK SPECIAL UNIT', 34, 123),
(5692, 'PREMIER ACADEMY', 34, 123),
(5693, 'NYATIEKO PRI', 34, 123),
(5694, 'IGOMA PROGRESSIVE PR', 34, 123),
(5695, 'MAKAMBU ACADEMY', 34, 123),
(5696, 'NYANSIRA TOP ACADEMY', 34, 124),
(5697, 'NYABWERI PRIMARY', 34, 123),
(5698, 'BORABU ACADEMY', 34, 123),
(5699, 'ST JEMMY ACADEMY', 34, 123),
(5700, 'PISGAN ACADEMY', 34, 123),
(5701, 'NESTWAY MODERN ACADEMY', 34, 123),
(5702, 'BONYUNYU SDA BOARDING PR', 34, 123),
(5703, 'RIANYAEMO SPECIAL UNIT', 34, 123),
(5704, 'MONGA DEB SPECIAL UNIT', 34, 123),
(5705, 'MONGA DEB PRIMARY', 34, 123),
(5706, 'DORBAS ACADEMY', 34, 123),
(5707, 'PRINCE DAN ADVENTIST PRI', 34, 123),
(5708, 'METAMAYWA SDA PR', 34, 123),
(5709, 'EROMA PREPARATORY PRIMARY', 34, 123),
(5710, 'OKONGO ACADEMY', 34, 123),
(5711, 'BELIAS ACADEMY', 34, 123),
(5712, 'MASABA JUNIOR ACADEMY NUR', 34, 123),
(5713, 'TONGA DEB PR', 34, 123),
(5714, 'ENSIYO SDA PRI', 34, 123),
(5715, 'OGANGO SIBORA ACADEMY', 34, 123),
(5716, 'NURU JUNIOR ACADEMY', 34, 123),
(5717, 'OBWARI ACADEMY PRI', 34, 123),
(5718, 'ETONO SDA PRIMARY', 34, 123),
(5719, 'ETONO DEB PRIMARY', 34, 123),
(5720, 'ST ANDREWS KAGGWA MIXED PRI', 34, 123),
(5721, 'RATANDI SPECIAL UNIT', 34, 123),
(5722, 'BORKIMOLI PRIMARY', 34, 123),
(5723, 'ST MATHEWS DOK PR', 34, 123),
(5724, 'MORACHO FAITH ACADEMY', 34, 123),
(5725, 'GEKENDO SPECIAL UNIT', 34, 123),
(5726, 'NTANA DEB PRIMARY', 34, 123),
(5727, 'NYAIBASO ACADEMY', 34, 123),
(5728, 'KEGOGI DEB PRIMARY', 34, 123),
(5729, 'RIAMANYAGE PRIMARY', 34, 123),
(5730, 'GISURURA JOYRIDE ACADEMY', 34, 123),
(5731, 'MARARA SDA PR', 34, 123),
(5732, 'MANG''ONG''O PR', 34, 123),
(5733, 'KAHAWA PAG MISSION PR', 34, 123),
(5734, 'MANGA GIRLS PRI SCH', 34, 123),
(5735, 'TUMAINI ACADEMY PRIMARY', 34, 123),
(5736, 'MOREMBE PRIMARY', 34, 123),
(5737, 'JOY JUNIOR ACADEMY PRIMARY', 34, 123),
(5738, 'MATONGO MISSION PRIMARY', 34, 123),
(5739, 'KENYERERE PRIMARY', 34, 123),
(5740, 'RIOMOONIA PRIMARY', 34, 123),
(5741, 'GITWEBE PRIMARY', 34, 123),
(5742, 'FILTER ACADEMY', 34, 123),
(5743, 'AGCRO ACADEMY PRIMARY', 34, 123),
(5744, 'CHACHA ACADEMY PRIMARY', 34, 123),
(5745, 'NYAIMAO PRIMARY', 34, 123),
(5746, 'IGAMO ACADEMY PRIMARY', 34, 123),
(5747, 'NYAKENYOMISIA PRIMARY', 34, 123),
(5748, 'KEBUSE PRI', 34, 123),
(5749, 'GETONTO SPECIAL UNIT', 34, 123),
(5750, 'MAGWAGWA PRIMARY', 34, 123),
(5751, 'RIAMAJESHI ACADEMY PRIMARY', 34, 123),
(5752, 'MAGONGO SPECIAL UNIT', 34, 123),
(5753, 'KAROTA SUNSHINE ACADEMY PRIMARY', 34, 123),
(5754, 'MAOSI PR', 34, 123),
(5755, 'SAMAR ACADEMY PRIMARY', 34, 123),
(5756, 'EKEGORO PRIMARY', 34, 123),
(5757, 'ESANAGE DEB PRIMARY', 34, 123),
(5758, 'ESANAGE DEB SPECIAL UNIT', 34, 123),
(5759, 'APT BORA ACADEMY PRIMARY', 34, 123),
(5760, 'GETUARI SPECIAL UNIT', 34, 123),
(5761, 'RIOMEGO PAG PRIMARY', 34, 123),
(5762, 'JOYOUS ACADEMY PRIMARY', 34, 123),
(5763, 'MEBENO PR', 34, 123),
(5764, 'NYASORE MWEMA ACADEMY', 34, 123),
(5765, 'JOY ACADEMY', 34, 123),
(5766, 'WANJAMBO UPENDO PRI', 35, 124),
(5767, 'MWALI PRIMARY', 35, 124),
(5768, 'DENEW JUNIOR PRIMARY', 35, 124),
(5769, 'MAYU PRI SCH', 35, 125),
(5770, 'ALMA PRI', 35, 124),
(5771, 'SUPERSHINE JUNIOR SCH', 35, 124),
(5772, 'CHANNELS OF GRACE PRI', 35, 124),
(5773, 'MARY LAND PRI', 35, 124),
(5774, 'LEADFIELDS PRIMARY', 35, 124),
(5775, 'KIGOGO PRIMARY', 35, 124),
(5776, 'IGANJO MEMORIAL PRI', 35, 124),
(5777, 'HEZTA PRIMARY SCHOOL', 35, 124),
(5778, 'SCHOOL OF EXCELLENCE PRI', 35, 124),
(5779, 'FAITH HOPE PRI', 35, 124),
(5780, 'KIRATHIMO JUNIOR', 35, 124),
(5781, 'MOTHER CARE PRI', 35, 124),
(5782, 'ST MICHAEL JUNIOR ACADEMY PRI SCH', 35, 125),
(5783, 'ST. PAUL KAHUTHA PRI', 35, 124),
(5784, 'GALAXY PRI', 35, 124),
(5785, 'ST. MONICA KIANDA PRI', 35, 124),
(5786, 'NYANDARUA SCHOOL FOR DEAF PRI', 35, 124),
(5787, 'JESA GLORY PRI', 35, 124),
(5788, 'KAMUKA PRI', 35, 124),
(5789, 'NGATHA PRI SCH', 35, 124),
(5790, 'ST. MARY PAUL PRI', 35, 124),
(5791, 'MURUAI PRI', 35, 124),
(5792, 'BRIDGE VIEW PRI', 35, 124),
(5793, 'JAKI PRI', 35, 124),
(5794, 'KATEZ PRIMARY', 35, 124),
(5795, 'GLORIOUS BELLS ACADEMY PRIMARY', 35, 124),
(5796, 'CREAMERIES VIEW PRI', 35, 124),
(5797, 'THOMSONS FALLS APEX PRIMARY', 35, 124),
(5798, 'MOTHERLAND PRIMARY SCHOOL', 35, 124),
(5799, 'PCEA NYAIROKO PRIMARY', 35, 124),
(5800, 'DAYSPRING PRI SCH.', 35, 124),
(5801, 'KAHURO PRI', 35, 124),
(5802, 'TEKA JUNIOR PRI', 35, 124),
(5803, 'ABERCREST PRI', 35, 124),
(5804, 'BLESSLAND PRIMARY', 35, 124),
(5805, 'VICTORS PRI', 35, 124),
(5806, 'JONAM PRIMARY', 35, 124),
(5807, 'KENJI FARM PRI', 35, 124),
(5808, 'MITI-ITANO ROMBA', 35, 124),
(5809, 'GLEENS JUNIOR ACADEMY PRIMARY', 35, 124),
(5810, 'KINANGOP PRIDE PRI', 35, 124),
(5811, 'AGLOW JUNIOR PRIM SCH.', 35, 124),
(5812, 'RUJI ACA', 35, 124),
(5813, 'MUTUNYORA PRI', 35, 124),
(5814, 'AVENUE JUNIOR PRI', 35, 124),
(5815, 'RIVERSIDE PRIMARY', 35, 124),
(5816, 'MARPHIL JUNIOR ACADEMY', 35, 124),
(5817, 'KAHIA PRIMARY', 35, 124),
(5818, 'CLIMBING JUNIOR PRI', 35, 124),
(5819, 'KAMUKA PRI SCH', 35, 124),
(5820, 'RANGES VIEW ACADEMY PRIMARY', 35, 124),
(5821, 'MLAKI VISIONS PRIMARY', 35, 124),
(5822, 'WAMA ACADEMY PRIMARY', 35, 124),
(5823, 'MASIKA PRI', 35, 124),
(5824, 'MUTHAIGA UNION PRI', 35, 124),
(5825, 'KASUKU SENIOR SCH', 35, 124),
(5826, 'JOYFIELD OL JOROOROK PRI', 35, 124),
(5827, 'NGATHA  CHILDREN LEARNING CENTER PRI', 35, 124),
(5828, 'MARY MOTHER OF WISDOM PRIMARY', 35, 124),
(5829, 'MARYLAND JUNIOR ACADEMY PRIMARY', 35, 124),
(5830, 'EAGLE''S NEST PRIMARY', 35, 124),
(5831, 'MAJOE PRIMARY', 35, 124),
(5832, 'ALL SAINTS NJABINI ACADEMY', 35, 124),
(5833, 'ST. RICHARD PRIMARY', 35, 124),
(5834, 'IGANJO PRIMARY SCHOOL', 35, 124),
(5835, 'NAISANG PRI', 35, 124),
(5836, 'SKUHIGH PRI SCH', 35, 124),
(5837, 'ST FRANCIS JUNIOR PRI', 35, 124),
(5838, 'FAITH HILL PRI', 35, 124),
(5839, 'GREEN HILLS ACA PRI', 35, 124),
(5840, 'KAREWA ACADEMY PRIMARY SCHOOL', 35, 124),
(5841, 'HAJO FRIENDS PRI', 35, 124),
(5842, 'TURASHA GLORY PRI', 35, 124),
(5843, 'KAHUTHA PRI', 35, 124),
(5844, 'ACK ST. JAMES PRI', 35, 124),
(5845, 'ST. SUSAN PRIMARY', 35, 124),
(5846, 'GENESIS AVIV PRI', 35, 124),
(5847, 'KIRIOGO PRI', 35, 124),
(5848, 'MWIHOTI PRI', 35, 124),
(5849, 'ELIKAARA PRI', 35, 124),
(5850, 'HILLMARK PRI', 35, 124),
(5851, 'PAN AFRICAN PRIMARY', 35, 124),
(5852, 'ST CLARE PRI', 35, 124),
(5853, 'HIGHLANDS JUNIOR PRI', 35, 124),
(5854, 'GITHIORO PRI SCH', 35, 124),
(5855, 'SUERO PRI', 35, 124),
(5856, 'ST MICHAEL''S JUNIOR ACADEMY', 35, 124),
(5857, 'STEPRISE PRI', 35, 124),
(5858, 'MUITHA JOY PRIMARY', 35, 124),
(5859, 'WENDANI PRI', 35, 124),
(5860, 'MIDLANDS PRI', 35, 124),
(5861, 'MITI-ITANO PRI SCH', 35, 124),
(5862, 'KIMARU SPECIAL UNIT', 35, 124),
(5863, 'ST. EKIRA PRI', 35, 124),
(5864, 'MBUGA PRIMARY', 35, 124),
(5865, 'KWA NJORA  SPECIAL PRI', 35, 124),
(5866, 'ALIGHT PRIMARY', 35, 124),
(5867, 'PENROSE LAKEVIEW PRI', 35, 124),
(5868, 'TITO JUNIOR PRI', 35, 124),
(5869, 'HARAKA NYAKIO PRI', 35, 124),
(5870, 'MIGAA PRI SCH', 35, 124),
(5871, 'MT. OLIVE KINANGOP JUNIOR PRI', 35, 124),
(5872, 'JESTURN ACADEMY PRIMARY', 35, 124),
(5873, 'HEROES TOWER ACADEMY PRI', 35, 124),
(5874, 'FUTURE-GUIDER PRI', 35, 124),
(5875, 'GENESIS PRIMARY', 35, 124),
(5876, 'SKYLINK PRIMARY SCHOOL', 35, 124),
(5877, 'PATRIANA PRI', 35, 124),
(5878, 'MASSE CENTRAL PRI', 35, 124),
(5879, 'SUGUROI  PRI', 35, 124),
(5880, 'KIBURU ROAD PRI', 35, 124),
(5881, 'KAMUGUNDA PRI SCH', 35, 124),
(5882, 'MWANGAZA PRI', 35, 124),
(5883, 'ST. ANTHONY ACADEMY-PRY', 36, 132),
(5884, 'REV WAJEE ELITE ACADEMY PRI SCH', 36, 132),
(5885, 'VISION ACADEMY PRI', 36, 132),
(5886, 'NDIANI SPECIAL', 36, 132),
(5887, 'ST. ANN''S PRY', 36, 132),
(5888, 'SHARPENER ACADEMY PRIM.', 36, 132),
(5889, 'KIAMBOGO ACADEMY PRIM.', 36, 132),
(5890, 'WERU PRI SCH', 36, 132),
(5891, 'KIHUHIRO PRI', 36, 132),
(5892, 'GITHUNGO PRIMARY SCHOOL', 36, 132),
(5893, 'GATHUKIMUNDU PRI SPECIAL SCH', 36, 132),
(5894, 'MUNAINI SPECIAL UNIT', 36, 132),
(5895, 'ST. CHRISTOPHER''S ACA. PRY', 36, 125),
(5896, 'ST. TERESA  ACADEMY (MBIRIRI) PRI', 36, 132),
(5897, 'RED ROSES ACADEMY PRI', 36, 132),
(5898, 'COMPASS TETU PRY', 36, 132),
(5899, 'ST FRANCIS OF ASSISI PRI SCH-WITIMA', 36, 132),
(5900, 'HILLVIEW ACADEMY PRI', 36, 132),
(5901, 'MT. CARMEL JUNIOR ACADEMY PRI', 36, 132),
(5902, 'OTHAYA ACADEMY PRI', 36, 132),
(5903, 'SUNFLOWER JUNIOR PRI', 36, 132),
(5904, 'ST CHRISTOPHER''S  PRI SCHOOL', 36, 132),
(5905, 'OTHAYA REHABILITATION', 36, 132),
(5906, 'REHOBOTH PRI', 36, 132),
(5907, 'EX-PAGES  PRI', 36, 132),
(5908, 'OTHAYA JOY ACADEMY PRI', 36, 132),
(5909, 'MT PEAK ACADEMY PRIMARY SCHOOL', 36, 132),
(5910, 'ARKROAD PRI SCH', 36, 132),
(5911, 'ST. MICHEAL PRY', 36, 132),
(5912, 'DAN ROSA ACADEMY PRI', 36, 132),
(5913, 'ICHERAS EVERGREEN ACADEMY-PRY', 36, 132),
(5914, 'ALPHA JUNIOR SCHOOL PRI', 36, 132),
(5915, 'TAMBAYA PRIMARY SCHOOL -  SPECIAL UNIT', 36, 132),
(5916, 'EVAM PRI', 36, 132),
(5917, 'KIGURU SPECIAL UNIT', 36, 132),
(5918, 'KIHURO ACADEMY-PRY', 36, 132),
(5919, 'NGUKURANI PRI', 36, 132),
(5920, 'NELION PEAK ACADEMY', 36, 132),
(5921, 'MUTIRAINI AIPCA ACADEMY', 36, 132),
(5922, 'PCEA NDIMAINI ACADEMY', 36, 132),
(5923, 'C.C.M KIHORA PRY SCH', 36, 132),
(5924, 'BLESSED HOPE PRI', 36, 132),
(5925, 'PRIMAX JUNIOR ACADEMY', 36, 132),
(5926, 'GATARAGWA JUNIOR PRI', 36, 132),
(5927, 'SHINING STAR ACADEMY PRI', 36, 132),
(5928, 'KIAMABARA SPECIAL UNIT', 36, 132),
(5929, 'NDIMAINI AIPCA ACADEMY', 36, 132),
(5930, 'NGARI JUNIOR ACADEMY', 36, 132),
(5931, 'HOSSANA ACADEMY PRI SCH', 36, 132),
(5932, 'PEAK VIEW ACADEMY', 36, 132),
(5933, 'NGUWA ACADEMY-PRY', 36, 132),
(5934, 'FUTURE LEADERS ACADEMY PRI', 36, 132),
(5935, 'VISION ACADEMY PRI', 36, 114),
(5936, 'HILLVIEW ACADEMY PRI', 36, 114),
(5937, 'ST MARGARET ACADEMY PRI', 36, 132),
(5938, 'ST. ZAWERIA PRI', 36, 132),
(5939, 'WISDOM VIEW PRI', 36, 132),
(5940, 'GRAND KAGO ACADEMY', 36, 132),
(5941, 'FRANCIS ACADEMY', 36, 132),
(5942, 'GLORYLAND JUNIOR PRIMARY SCHOOL', 36, 132),
(5943, 'GISTEEL ACADEMY PRIMARY', 36, 132),
(5944, 'SAVANNA ELITE COMPLEX PRI', 36, 132),
(5945, 'MAHIGA ACADEMY PRI', 36, 132),
(5946, 'VALLEY GARDENS ACA PRY', 36, 132),
(5947, 'NYERI PLAINSVIEW ACADEMY PRI', 36, 132),
(5948, 'MBOGOINI ACADEMY PRIMARY', 36, 132),
(5949, 'GREEN PASTURES ACADEMY', 36, 132),
(5950, 'EUNICE PRI', 36, 132),
(5951, 'EN-HAKKORE ACADEMY-PRY', 36, 132),
(5952, 'IGATHU PRI SCH', 36, 132),
(5953, 'NGUNGURU PRI SPECIAL UNIT', 36, 132),
(5954, 'SACRED OASIS ACADEMY', 36, 132),
(5955, 'DUNJOS ACADEMY', 36, 132),
(5956, 'EBENEZER JUNIOR', 36, 132),
(5957, 'DAWAMA ACADEMY PRI', 36, 132),
(5958, 'NGETHA MEMORIAL PRY', 36, 132),
(5959, 'MUHOYA ACADEMY PRI', 36, 132),
(5960, 'KAGERE ACADEMY', 36, 132),
(5961, 'GATEI PRI', 36, 132),
(5962, 'ST BETH ACADEMY', 36, 132),
(5963, 'NEEMA NDAROINI ACADEMY', 36, 132),
(5964, 'WANDUMBI SPECIAL UNIT', 36, 132),
(5965, 'MARTEX PRI', 36, 132),
(5966, 'SOMICH VISION ACADEMY', 36, 132),
(5967, 'SLOPES VIEW ACADEMY PRI', 36, 132),
(5968, 'NYERI STEINER PRY', 36, 132),
(5969, 'KIAWAITHANJI PRY', 36, 132),
(5970, 'MURINGATO PRI', 36, 132),
(5971, 'ST BENEDICT BOYS BOARDING PRI', 36, 132),
(5972, 'NYERI HILL ACA.PRY', 36, 132),
(5973, 'FLORA MODEL PRY', 36, 132),
(5974, 'KIAMUCHERU PRI', 36, 132),
(5975, 'KARURAINI PRY SCH', 36, 132),
(5976, 'DAN JUNIOR ACADEMY PRI', 36, 132),
(5977, 'E N G SHINING STAR JUNIOR SCHOOL', 36, 132),
(5978, 'SISTERS OF HOLY ANGELS PRI SCH', 36, 132),
(5979, 'NYERI TUMAINI PRI', 36, 132),
(5980, 'MORNING GLORY ACADEMY', 36, 132),
(5981, 'HUHOINI UNDUGU ACA PRI', 36, 132),
(5982, 'ROZA ACADEMY', 36, 132),
(5983, 'ARCH BISHOP KIRIMA ACADEMY', 36, 132),
(5984, 'KILIMARA PRI SCH', 36, 132),
(5985, 'ST.JUDE PRIMARY', 36, 132),
(5986, 'ST CECILIA ACDEMY PRI', 36, 132),
(5987, 'ST JUDE', 36, 132),
(5988, 'ST PETER''S GISTEEL GATUAMBA PRI', 36, 132),
(5989, 'CONSOLATA CATHEDRAL PRI SCH', 36, 132),
(5990, 'MUGA ACADEMY PRI SCH', 36, 132),
(5991, 'CENTRAL STAR PRY', 36, 132),
(5992, 'MIAGAYUINI SPECIAL', 36, 132),
(5993, 'ST. LUKES ACADEMY', 36, 132),
(5994, 'BARAKA ACADEMY PRI', 36, 132),
(5995, 'NEW KAHURI ACADEMY', 36, 132),
(5996, 'PEMUGA COMPLEX', 36, 132),
(5997, 'PCEA RUTHAGATI  ACA .PRY', 36, 132),
(5998, 'GITATHI-INI PRI SCH', 36, 132),
(5999, 'RURINGU PRI SCH', 36, 132),
(6000, 'TUMUTUMU SCHOOL FOR THE DEAF', 36, 132),
(6001, 'ST. ROSE CATHOLIC PRI', 36, 132),
(6002, 'CHARGIN ACADEMY-PRY', 36, 132),
(6003, 'MACHARIA PRI SCH', 36, 132),
(6004, 'PCEA ST. PAUL''S ACADEMY', 36, 132),
(6005, 'GARDEN SQUARE PRY', 36, 132),
(6006, 'NYERI JUNIOR SCH', 36, 132),
(6007, 'MUTHUTHINI ACADEMY PRI SCH', 36, 132),
(6008, 'PELUMAKA JUNIOR ACADEMY PRI', 36, 132),
(6009, 'MWIYOGO PRI', 36, 132),
(6010, 'VALLEY VIEW JUNIOR PRI', 36, 132),
(6011, 'ST AMBROSE ACADEMY', 36, 132),
(6012, 'FOREST SLOPE ACADEMY PRI', 36, 132),
(6013, 'ACK ST PHILIP PRY', 36, 132),
(6014, 'KIANGI PRI', 36, 132),
(6015, 'WATUKA TREASURY PRIM. SCH.', 36, 132),
(6016, 'PEMA CENTRAL ACADEMY', 36, 132),
(6017, 'ACACIA DAM', 36, 132),
(6018, 'ST HELEN JUNIOR SCHOOL', 36, 132),
(6019, 'MBUIRI PRI SCH', 36, 132),
(6020, 'KARIKO SPECIAL UNIT', 36, 132),
(6021, 'MILIMANI PRI SCH', 36, 113),
(6022, 'ST. JUDE SANGARE ROAD PRI', 36, 132),
(6023, 'MUTIRITHIA PRIM.', 36, 132),
(6024, 'NAROMORU TUMAINI SCH', 36, 132),
(6025, 'HIGHLAND SHINE ACADEMY', 36, 132),
(6026, 'PCEA KIAWAITHANJI PRY', 36, 132),
(6027, 'NGURWEINI PRI SCH', 36, 132),
(6028, 'MANORO FGCK ACADEMY', 36, 132),
(6029, 'ST GEORGES BURGURET ACADEMY PRI', 36, 132),
(6030, 'IHWAGI PRI SPECIAL UNIT', 36, 132),
(6031, 'ALLOMANO SPECIAL SCHOOL FOR THE MENTALLY HANDICAPP', 36, 132),
(6032, 'PCEA MAIRO ACADEMY PRI', 36, 132),
(6033, 'MWATI PRI SCH', 36, 132),
(6034, 'ST GERALD CHILDREN''S PRI', 36, 132),
(6035, 'TALAU PRI', 36, 132),
(6036, 'LENANA EBENEZER JUNIOR', 36, 132),
(6037, 'UNISON PRIMARY SCH.', 36, 132),
(6038, 'SUNSET ACADEMY-PRY', 36, 132),
(6039, 'GREEN FARM PRI', 36, 132),
(6040, 'OLYMPIC JUNIOR ACADEMY-PRY', 36, 132),
(6041, 'BRIGHT STAR ACADEMY', 36, 132),
(6042, 'KARATINA SPECIAL SCHOO FOR THE MENTALLY HANDICAPED', 36, 132),
(6043, 'GAKINDU NEWLIGHT ACADEMY PRI', 36, 132),
(6044, 'LOIBO-NGARE PRI', 37, 131),
(6045, 'BEES ACADEMY PRI', 37, 131),
(6046, 'RARAITI PRI', 37, 131),
(6047, 'NDONYO NASIPA PRI', 37, 131),
(6048, 'PCEA MARALAL ACADEMY PRI', 37, 131),
(6049, 'NGUTUK ELMUGET PRI', 37, 131),
(6050, 'UASO RONGAI PRY SCH', 37, 131),
(6051, 'LODOKEJEK SPECIAL UNIT', 37, 131),
(6052, 'AIPCA UHURU ACADEMY PRI', 37, 131),
(6053, 'LPUSI PRI', 37, 131),
(6054, 'SWARI PRI', 37, 131),
(6055, 'LPOROS PRI', 37, 131),
(6056, 'MAKA ROYAL PRI', 37, 131),
(6057, 'LCHINGEI PRI', 37, 131),
(6058, 'LULU PRI', 37, 131),
(6059, 'LCHAKWAI PRI', 37, 131),
(6060, 'MUGUR PRI', 37, 131),
(6061, 'NGUTUK ENGIRON PRI', 37, 131),
(6062, 'SURA - ADORU PRI', 37, 131),
(6063, 'LUPUS PRI', 37, 131),
(6064, 'SIONTA PRI', 37, 131),
(6065, 'NKUTOTO ARUS PRI', 37, 131),
(6066, 'LPUS - LELUAI PRI', 37, 131),
(6067, 'SUGUTA CONSOLATA PRI', 37, 131),
(6068, 'LOLKUNIYANI PRI', 37, 131),
(6069, 'LORUKOTI PRI', 37, 131),
(6070, 'LPETPET PRI', 37, 131),
(6071, 'NAIRIMIRIMO PRI', 37, 131),
(6072, 'SILANGO NANYEKIE PRI', 37, 131),
(6073, 'NONKEEK PRI', 37, 131),
(6074, 'LEMPURANAI PRI', 37, 131),
(6075, 'LAREOROK PRY SCH', 37, 131),
(6076, 'KITABOR PRI', 37, 131),
(6077, 'LERATA PRI', 37, 131),
(6078, 'KAWAP PRY SCH', 37, 131),
(6079, 'MORIJOI PRI', 37, 131),
(6080, 'LOODUA PRI', 37, 131),
(6081, 'SIMITI PRI', 37, 131),
(6082, 'LOONJORIN PRY SCH', 37, 131),
(6083, 'TANGAR PRI', 37, 131),
(6084, 'LOITING PRI', 37, 131),
(6085, 'KALAMA PRI', 37, 131),
(6086, 'LOIKUMKUM PRI', 37, 131),
(6087, 'MASIKITA PRI', 37, 131),
(6088, 'LARESORO PRI', 37, 131),
(6089, 'NAIMARLAL PRI', 37, 131),
(6090, 'NAISUNYAYE PRI', 37, 131),
(6091, 'SEREN PRY SCH', 37, 131),
(6092, 'CHARDA PRI', 37, 131),
(6093, 'LKURROTO MENTALLY HANDICAPPED', 37, 131),
(6094, 'NOMBOROI PRI', 37, 131),
(6095, 'URAH PRI', 37, 131),
(6096, 'LENGARDE PRI', 37, 131),
(6097, 'SOITPUS PRI', 37, 131),
(6098, 'ARSIM LUTHERAN PRY SCH', 37, 131),
(6099, 'SUYAN PRI', 37, 131),
(6100, 'SUMURWAI PRY SCH', 37, 131),
(6101, 'OROMODEI PRI', 37, 131),
(6102, 'NKORIKA PRI', 37, 131),
(6103, 'KILTAMANY PRI', 37, 131),
(6104, 'MORUANKAI PRI', 37, 131),
(6105, 'RAKUOM PRI SCH', 38, 129),
(6106, 'WORD CHRISTIAN ACADEMY PRIMARY', 38, 129),
(6107, 'KARAPUL SPECIAL UNIT', 38, 129),
(6108, 'GULF ACADEMY', 38, 129),
(6109, 'MAHWI PRIMARY', 38, 129),
(6110, 'ANYIKO SPECIAL UNIT', 38, 129),
(6111, 'NYAONDO PRI SCH', 38, 130),
(6112, 'MARY OF ANGELS PRI SCH', 38, 130),
(6113, 'ORAO PRIMARY SCH', 38, 129),
(6114, 'LENROSE PRI SCH', 38, 130),
(6115, 'BAR KOWINO S.U', 38, 130),
(6116, 'LANGU PRI SCH', 38, 130),
(6117, 'UJIMBE PRIMARY', 38, 129),
(6118, 'ST. JOSEPH OCHIEL PRIMARY', 38, 129),
(6119, 'MANYALA PRIMARY', 38, 129),
(6120, 'WERA S.U', 38, 130),
(6121, 'BRIGHTON ACADEMY PRI SCH', 38, 130),
(6122, 'URIM PRIMARY', 38, 129),
(6123, 'MUTUMBU SPECIAL UNIT', 38, 129),
(6124, 'KIDSTAR ACADEMY PRIMARY', 38, 129),
(6125, 'NGULU PRI SCH', 38, 130),
(6126, 'SIFU ISLAND PRI SCH', 38, 130),
(6127, 'KAMBAJO', 38, 130),
(6128, 'EMILES ACADEMY PRI SCH', 38, 130),
(6129, 'DUNYA S.U', 38, 130),
(6130, 'EQUATOR ROUND TABLE SPECIAL SCHOOL', 38, 129),
(6131, 'NDISI PRIMARY', 38, 129),
(6132, 'ST. MATHEWS JUNIOR ACADEMY PRIMARY', 38, 129),
(6133, 'NAZARENE PRIMARY', 38, 129),
(6134, 'ZEDEKIAH ODUMA ACADEMY PRI SCH', 38, 130),
(6135, 'NINA SPECIAL UNIT', 38, 129),
(6136, 'RABANGO PRI SCH', 38, 130),
(6137, 'DAGO PRI SCH', 38, 130),
(6138, 'ULANDA PRI SCH', 38, 130),
(6139, 'NEW HOPE JUNIOR ACADEMY PRIMARY', 38, 129),
(6140, 'MAGO PRI SCH', 38, 130),
(6141, 'ST. ALICE ANGELS ACADEMY PRI SCH', 38, 130),
(6142, 'DOUBLE JOY PRIVATE PRI SCH', 38, 130),
(6143, 'ABOM PRI SCH', 38, 130),
(6144, 'MADIANY S.U', 38, 130),
(6145, 'MAWERE PRI SCH', 38, 130),
(6146, 'UNYOLO PRIMARY', 38, 129),
(6147, 'NDHERE PRI SCH', 38, 130),
(6148, 'INUKA MIXED BOARDING ACADEMY', 38, 129),
(6149, 'KAONJE PRI SCH', 38, 130),
(6150, 'BAR-KAGWANDA PRIMARY', 38, 129),
(6151, 'TAITA ACADEMY PRIMARY', 39, 128),
(6152, 'WUSI SPECIAL UNIT (M.H)', 39, 128),
(6153, 'WERUGHA SPECIAL UNIT', 39, 128),
(6154, 'MWAMBOLEMBOLE PRIMARY', 39, 128),
(6155, 'ST.ANNES ELIMU CENTRE PRIMARY', 39, 128),
(6156, 'ZUNGULUKANI PRIMARY', 39, 128),
(6157, 'ORUKUNGU PRIMARY', 39, 128),
(6158, 'SHIGARO UNIT FOR MENTALLY HANDICAPPED', 39, 128),
(6159, 'MARIE PRIMARY', 39, 128),
(6160, 'MLILO PRIMARY', 39, 128),
(6161, 'CHUMVINI JUNIOR ACADEMY PRIMARY', 39, 128),
(6162, 'ST. JOHN''S PRIMARY', 39, 128),
(6163, 'MARIWENYI PRIMARY SCHOOL', 39, 128),
(6164, 'TALIO PRIMARY', 39, 128),
(6165, 'MWATATE SPECIAL UNIT', 39, 128),
(6166, 'KIGHONONYI PRIMARY', 39, 128),
(6167, 'MWANYAMBO SPECIAL UNIT', 39, 128),
(6168, 'VOI SPECIAL SCHOOL', 39, 128),
(6169, 'TIMBILA SPECIAL UNIT', 39, 128),
(6170, 'RAHAI PRIMARY', 39, 128),
(6171, 'MOLE PRIMARY', 39, 128),
(6172, 'ALFATTAH PRIMARY', 39, 128),
(6173, 'VISION ACADEMY PRIMARY', 39, 128),
(6174, 'IYALE SPECIAL UNIT', 39, 128),
(6175, 'MWAKUNI PRIMARY', 39, 128),
(6176, 'TAUSA PRIMARY', 39, 128),
(6177, 'MARASI B (MANYATTA) PRI SCH', 39, 128),
(6178, 'BILBIL  PRIMARY', 40, 128),
(6179, 'KONORAMADHA  PRIMARY', 40, 128),
(6180, 'MUMBUJI PRIMARY', 40, 128),
(6181, 'SABUKIA  PRIMARY', 40, 128),
(6182, 'ABISO ACADEMY', 40, 128),
(6183, 'BUBESA PRIMARY', 40, 128),
(6184, 'RIKETA  PRIMARY', 40, 128),
(6185, 'ASSA PRIMARY BOARDING', 40, 128),
(6186, 'DARIME  PRIMARY', 40, 128),
(6187, 'PEPONI PRIMARY', 40, 128),
(6188, 'SANKURI PRI', 40, 127),
(6189, 'JARAJARA PRI SCH', 40, 127),
(6190, 'KORATI  PRIMARY', 40, 128),
(6191, 'BANGALI  STAR  ACADEMY', 40, 128),
(6192, 'LAZIMA PRIMARY', 40, 128),
(6193, 'ODOLE  PRI SCH', 40, 128),
(6194, 'JAMBELE PRIMARY', 40, 127),
(6195, 'ALIEMIJ PRIMARY', 40, 127),
(6196, 'BAHATI PRIMARY', 40, 128),
(6197, 'METI  PRIMARY', 40, 128),
(6198, 'BALICHI PRI', 40, 127),
(6199, 'KIARUKUNGU  PRIMARY', 40, 128),
(6200, 'JAJAVO  PRIMARY', 40, 128),
(6201, 'KIBUSU  PRIMARY', 40, 128),
(6202, 'ON-WARIDEI  PRIMARY', 40, 128),
(6203, 'JERIROT PRIMARY', 40, 127),
(6204, 'KATSANGANI PRIMARY SCH', 40, 128),
(6205, 'WACHAKONE PRIMARY', 40, 128),
(6206, 'VUKONI  PRIMARY', 40, 128),
(6207, 'BAKISANO  PRIMARY', 40, 128),
(6208, 'KAU PRIMARY SCH', 40, 128),
(6209, 'DANLEY PRI SCH', 40, 127),
(6210, 'BILISA  PRIMARY', 40, 128),
(6211, 'KILIFI PRIMARY', 40, 128),
(6212, 'WARABLE PRIMARY', 40, 127),
(6213, 'RAYA PRI', 40, 127),
(6214, 'HOSINGO  PRIMARY', 40, 128),
(6215, 'GURURI PRIMARY', 40, 128),
(6216, 'LISA/HOLA SCHOOL FOR THE DEAF', 40, 128),
(6217, 'TUNE  PRIMARY', 40, 128),
(6218, 'KORKORA PRIMARY', 40, 127),
(6219, 'DUWAYO  PRIMARY', 40, 128),
(6220, 'GUYO PRIMARY', 40, 127),
(6221, 'KAMBUNGU PRI', 41, 131),
(6222, 'MUTUGUNI PRI', 41, 134),
(6223, 'FATHER AIRALDI PRI', 41, 131),
(6224, 'PCEA GANTARAKI ACADEMY', 41, 131),
(6225, 'MUKOTHIMA SPECIAL UNIT', 41, 134),
(6226, 'GATIRIKU PRI', 41, 134),
(6227, 'ST TERESA PRI', 41, 139),
(6228, 'KANGORO SPECIAL UNIT', 41, 131),
(6229, 'DEB KARAGARE PRI', 41, 134),
(6230, 'MBIRONI PRI', 41, 131),
(6231, 'KATHANGACHINI SPECIAL SCHOOL', 41, 134),
(6232, 'EACH-ONE-FEED-ONE PRI', 41, 134),
(6233, 'SANTA RITZ ACADEMY', 41, 131),
(6234, 'NTHAARA PRI', 41, 134),
(6235, 'ST ANSELM MURURI BOARDING PRI', 41, 131),
(6236, 'BARAKA ACADEMY', 41, 131),
(6237, 'MWONGE JUNIOR BOARDING PRI', 41, 131),
(6238, 'GARDEN VIEW PRI', 41, 134),
(6239, 'MIKWANI PRI', 41, 131),
(6240, 'KERIA VICTORS ACADEMY', 41, 131),
(6241, 'PCEA KAANWA TOWNSHIP PRI', 41, 131),
(6242, 'DESTINY SCHOOLS PRI', 41, 131),
(6243, 'IKAWA SPECIAL UNIT', 41, 131),
(6244, 'IKUU UNIT FOR MH', 41, 131),
(6245, 'KIRIANI JUNIOR ACADEMY', 41, 131),
(6246, 'KIAMURIUKI SPECIAL UNIT', 41, 131),
(6247, 'MARIMANTI ACADEMY PRI', 41, 134),
(6248, 'NGONYA PRI', 41, 134),
(6249, 'SALAMA BOYS/GIRLS BOARDING PRI', 41, 131),
(6250, 'KAGIRA PRI', 41, 131),
(6251, 'FURAHA PATKA ACADEMY', 41, 131),
(6252, 'KAMUTIRIA SPECIAL UNIT', 41, 131),
(6253, 'CHOGORIA MILIMANI ACADEMY', 41, 131),
(6254, 'NTATUA PRI', 41, 131),
(6255, 'KARWIRO PRI', 41, 131),
(6256, 'IKUU ACHIEVERS ACADEMY', 41, 131),
(6257, 'MUBUURA PRI', 41, 134),
(6258, 'KATHANDENI PRI', 41, 134),
(6259, 'KAMATANKA PRI', 41, 131),
(6260, 'KARAMANI BAPTIST ACADEMY', 41, 131),
(6261, 'MBARAGA PRI', 41, 131),
(6262, 'NKWEGO PRI', 41, 131),
(6263, 'KATHANGAWE PRI', 41, 131),
(6264, 'NYAGAKAIRU PRI', 41, 131),
(6265, 'NDAGANI SPECIAL UNIT', 41, 131),
(6266, 'OUR LADY OF BETHLEHEM ACADEMY', 41, 131),
(6267, 'NJUKINI PRI', 41, 134),
(6268, 'IBITHE PRI', 41, 131),
(6269, 'DEB KARWAMBA PRI', 41, 134),
(6270, 'KAMUGUONGO PRI', 41, 131),
(6271, 'KAMUCHIRU PRI', 41, 131),
(6272, 'DAVE PRI', 41, 131),
(6273, 'MATANGIGE PRI', 41, 134),
(6274, 'MATUNTU PRI', 41, 131),
(6275, 'IBOTE PRI', 41, 134),
(6276, 'ESSA MIOMPONI PRI', 41, 134),
(6277, 'KARAMBARI PRI', 41, 131),
(6278, 'NTENDERA PRI', 41, 131),
(6279, 'NJERU JUNIOR PRI', 41, 131),
(6280, 'ITUGURURU ACADEMY', 41, 131),
(6281, 'TUNYAI SPECIAL SCHOOL', 41, 134),
(6282, 'MAGUNDU SPECIAL UNIT', 41, 131),
(6283, 'KANYONGO PRI', 41, 131),
(6284, 'KIINI BOARDING PRI', 41, 131),
(6285, 'NGUNGA LOW COST BOARDING PRI', 41, 131),
(6286, 'OASIS MBETINI PRI', 41, 131),
(6287, 'KIBUGUA BANANA ACADEMY', 41, 131),
(6288, 'DEB KIORIMBA PRI', 41, 134),
(6289, 'MILLENIUM LIGHT SCH MUTHIMI', 41, 131),
(6290, 'SA KINYINGIRI PRI', 41, 134),
(6291, 'MUGONA YMCA', 41, 131),
(6292, 'IRERENI PRI', 41, 134),
(6293, 'PCEA IGWANJAU ACADEMY', 41, 131),
(6294, 'KIJEGE PRI', 41, 134),
(6295, 'NGERU ELITE ACADEMY', 41, 131),
(6296, 'IRIGA EBENEZER ACADEMY', 41, 131),
(6297, 'KARUGUYUNI PRI', 41, 134),
(6298, 'EAPC KIAIRANTHI PRI', 41, 134),
(6299, 'ST ALVINS ACADEMY', 41, 131),
(6300, 'CCM NKURURUNI PRI', 41, 134),
(6301, 'ST TERESA PRI', 41, 131),
(6302, 'ST LYDIA STUTZIE CHRISTIAN ACADEMY PRI', 41, 131),
(6303, 'CIGACIGI PRI', 41, 134),
(6304, 'CHUKA TOWNSHIP SPECIAL UNIT', 41, 131),
(6305, 'RIAKIRONGO PRI SCH', 41, 134),
(6306, 'NJERU JUNIOR ACADEMY PRI', 41, 131),
(6307, 'ST PETERS PREPARATORY', 41, 131),
(6308, 'LITTLE FLOWER PRI', 41, 131),
(6309, 'GATEWAY PRI SCH', 41, 139),
(6310, 'KIANAMUTHI PRI', 41, 134),
(6311, 'KIAMUCHII PRI', 41, 131),
(6312, 'EGAKIRAMBA SPECIAL UNIT', 41, 131),
(6313, 'MUTUGUNI  SPECIAL UNIT', 41, 131),
(6314, 'MUTUGUNI  PRI', 41, 131),
(6315, 'CHOGORIOR JUNIOR SCH', 41, 131),
(6316, 'IRURUMA PRI', 41, 134),
(6317, 'MWANJATI PRI', 41, 131),
(6318, 'GACHIBINE PRY', 41, 134),
(6319, 'KATHIGUNI PRI', 41, 131),
(6320, 'MURAGA GIRLS BOARDING PRI', 41, 131),
(6321, 'MUTINDWA SPECIAL UNIT', 41, 131),
(6322, 'DEB KARUMBI PRI', 41, 131),
(6323, 'MUBUKURO SPECIAL UNIT', 41, 131),
(6324, 'TAMU ACADEMY PRI', 41, 131),
(6325, 'MANDUGO PRI', 41, 131),
(6326, 'KANGUTU SPECIAL UNIT', 41, 131),
(6327, 'ITIRI ACADEMY', 41, 131),
(6328, 'GATUNGA JUNIOR PRI', 41, 134),
(6329, 'RUREA PRI', 41, 131),
(6330, 'COUNTY EDUCATION CENTRE', 41, 131),
(6331, 'KAMATUNGU SPECIAL SCHOOL', 41, 134),
(6332, 'KILIMANI PRI', 41, 134),
(6333, 'PRECIOUS SUPER KIDS', 41, 131),
(6334, 'KIAMAIRI PRI', 41, 134),
(6335, 'KITHINGE SPECIAL UNIT', 41, 131),
(6336, 'KAIRUNI SPECIAL UNIT', 41, 131),
(6337, 'GAKUNGUGUNI PRI', 41, 134),
(6338, 'NKOMARU PRI', 41, 134),
(6339, 'KIANTHANGA PRI', 41, 131),
(6340, 'ATHOMI ACADEMY', 41, 131),
(6341, 'GITOGOTO PRI', 41, 131),
(6342, 'KITHIORI PRI', 41, 134),
(6343, 'NOREC PRI SCH', 42, 135),
(6344, 'ST ANNES RANY ACA', 42, 135),
(6345, 'BRIGHT FUTURE ACA', 42, 135),
(6346, 'PURPOSE DRIVEN EDUCATION CENTRE', 42, 135),
(6347, 'SKY HIGH MASIELO ACADEMY', 42, 135),
(6348, 'FARAJA ACA PRI SCH', 42, 135),
(6349, 'VALENTINE EDUCATION CENTRE', 42, 135),
(6350, 'CENTRAL VALLEY PRI SCH', 42, 135),
(6351, 'VISION ACA', 42, 135),
(6352, 'ST. EMMANUEL ACADEMY', 42, 135),
(6353, 'WISDOM IMPART ACADEMY', 42, 135),
(6354, 'KIMININI SUNSHINE ACA', 42, 135),
(6355, 'ST. ANNES ACADEMY', 42, 135),
(6356, 'ST. BRIGIDS ACADEMY PRI SCH', 42, 135),
(6357, 'MASABA BRILLANT ACADEMY', 42, 135),
(6358, 'MWENCHA PRI SCH', 42, 135),
(6359, 'PHADITH PRI SCH', 42, 135),
(6360, 'MAKORI ACADEMY PRI SCH', 42, 135),
(6361, 'LIMA ACADEMY PRI SCH', 42, 135),
(6362, 'ST PETER''S JUNIOR ACADEMY BARSOMBE  PRI', 42, 139),
(6363, 'CHEBOMBAI DEB', 42, 136),
(6364, 'AIC GUTONGORIO PRI SCH', 42, 135),
(6365, 'CHEMOSET PRI SCH', 42, 135),
(6366, 'LULU F. ACADEMY', 42, 135),
(6367, 'MICHE PRI SCH', 42, 135),
(6368, 'MICHE JUNIOR ACADEMY PRI SCH', 42, 135),
(6369, 'QUACKER HILL ACADEMY  PRI SCH', 42, 135),
(6370, 'GRACE ACADEMY PRI SCH', 42, 135),
(6371, 'CHEPTILIL PRI SCH', 42, 135),
(6372, 'AKITES ACADEMY PRI SCH', 42, 135),
(6373, 'SIMATWET RC PRI SCH', 42, 135),
(6374, 'RIVER SIDE ACADEMY PRI', 42, 135),
(6375, 'KING DAVID ACADEMY PRI SCH', 42, 135),
(6376, 'BETHSAIDA ACADEMY PRI SCH', 42, 135),
(6377, 'NEEMA CHEBARUS PRI SCH', 42, 135),
(6378, 'POPE BENEDICT XVI PRI SCH', 42, 135),
(6379, 'ADAMS ACADEMY PRI SCH', 42, 135),
(6380, 'ST. BONIFACE ACA', 42, 135),
(6381, 'WAMUINI SHEFERD PRI SCH', 42, 135),
(6382, 'ROPHIS PRI SCH', 42, 135),
(6383, 'CHEPKOILEL PRI SCH', 42, 135),
(6384, 'NATURE ACADEMY PRI SCH', 42, 135),
(6385, 'KIBAGENGE ACADEMY PRI SCH', 42, 135),
(6386, 'GREENVALLEY ACADEMY PRI SCH', 42, 135),
(6387, 'INTERGRITY CENTRE PRI SCH', 42, 135),
(6388, 'LINE MEMBER ACADEMY PRI SCH', 42, 135),
(6389, 'MODERN ACADEMY PRI SCH', 42, 135),
(6390, 'ELIMU STAR ACADEMY PRI', 42, 135),
(6391, 'LENNY VISION ACADEMY PRI SCH', 42, 135),
(6392, 'CHERANGANY FRIENDS ACADEMY PRI SCH', 42, 135),
(6393, 'MERCY AND CARING ACADEMY PRI SCH', 42, 135),
(6394, 'ST. LAWRENCE CHILDREN''S CENTRE PRI SCH', 42, 135),
(6395, 'MBIO ACACDEMY PRI SCH', 42, 135),
(6396, 'KIPTANDANI BAPTIST PRI SCH', 42, 135),
(6397, 'SILVERSTONE ACADEMY PRI SCH', 42, 135),
(6398, 'KONY ACADEMY PRI SCH', 42, 135),
(6399, 'GLOUCESTER PRI SCH', 42, 135),
(6400, 'KAPLELUCH PRI SCH', 42, 135),
(6401, 'EMMANUEL JUNIOR ACACDEMY PRI SCH', 42, 135),
(6402, 'SHOW GROUND PRI SCH', 42, 135),
(6403, 'PANOCAL PRI SCH', 42, 135),
(6404, 'KALYEET PRI SCH', 42, 135),
(6405, 'KITALE FAMILY SCH', 42, 135),
(6406, 'GREEN FIELDS PRI SCH', 42, 135),
(6407, 'BAHARINI ACADEMY PRI SCH', 42, 135),
(6408, 'BARBS CACADEMY PRI SCH', 42, 135),
(6409, 'FAITH IS VICTOTRY PRI SCH', 42, 135),
(6410, 'KATALEEL PRI SCH', 42, 135),
(6411, 'BAHATI CHILDRENS HOME PRI SCH', 42, 135),
(6412, 'PAMARI JUNIOR ACADEMY PRI SCH', 42, 135),
(6413, 'EXCEL JUNIOR ACADEMY PRI SCH', 42, 135),
(6414, 'SAVATI ACADEMY PRI SCH', 42, 135),
(6415, 'KITALE MUSLIM ACADEMY PRI SCH', 42, 135),
(6416, 'BURNNETT PREP SCH PRI', 42, 135),
(6417, 'UJENZI PRI SCH', 42, 135),
(6418, 'DOMINION TALENT PRI SCH', 42, 135),
(6419, 'JJ ACADEMY PRI SCH', 42, 135),
(6420, 'SKY VISION ACADEMY PRI', 42, 135),
(6421, 'BEAITY BABIES EDUCATION CENTRE', 42, 135),
(6422, 'JOYLAND ACACDEMY PRI SCH', 42, 135),
(6423, 'SISELA ACADEMY PRI SCH', 42, 135),
(6424, 'JUNIOR KIN AND KINGS PRI SCH', 42, 135),
(6425, 'QUIET WATERS ACADEMY PRI SCH', 42, 135),
(6426, 'KILOTACT PRI SCH', 42, 135),
(6427, 'ERNEST FIFE PRI SCH', 42, 135),
(6428, 'ST. KIZITO ORPHANAGE PRI SCH', 42, 135),
(6429, 'DAYSTAR PRI SCH', 42, 135),
(6430, 'ST. JOHN BOSCO PRI SCH', 42, 135),
(6431, 'TUMAINI HILLS ACADEMY PRI SCH', 42, 135),
(6432, 'HILLTOP PREP SCH PRI', 42, 135),
(6433, 'CLASSIC PRI SCH', 42, 135),
(6434, 'NAMANDALA PRI SCH', 42, 135),
(6435, 'SEED OF HOPE PRI SCH', 42, 135),
(6436, 'TAITO ELLITE''S ACADEMY PRI SCH', 42, 135),
(6437, 'ST. BAKHITA ACADEMY PRI SCH', 42, 135),
(6438, 'USHINDI ACADEMY PRI SCH', 42, 135),
(6439, 'RUIRU ACADEMY PRI GOSETA', 42, 135),
(6440, 'ZEA ROYAL  AIC PRI', 42, 135),
(6441, 'LATIK  ACA PRIMARY SCH', 42, 135),
(6442, 'ELGON JUNOIR ACADEMY', 42, 135),
(6443, 'KIMARAN ELITE ACADEMY PRI SCH', 42, 135),
(6444, 'AFRESOMO PRI SCH', 42, 135),
(6445, 'KIMWONDO HILLS ACADEMY PRI SCH', 42, 135),
(6446, 'TONGI'' PRI SCH', 42, 135),
(6447, 'ST. ANDREWS PRIMARY SCH', 42, 135),
(6448, 'KAYOS PRI SCH', 42, 135),
(6449, 'DOALNARA ACADEMY PRI SCH', 42, 135),
(6450, 'FRIENDS ACADEMY PRI SCH', 42, 135),
(6451, 'KAIMBEI ACADEMY PRI SCH', 42, 135),
(6452, 'KOBOS S.U M.H', 42, 135),
(6453, 'MIREMBE ACADEMY PRI SCH', 42, 135),
(6454, 'PRAISE F ACA', 42, 135),
(6455, 'KWANZA SUN RISE ACADEMY PRI SCH', 42, 135),
(6456, 'ST. TERESA ACADEMY PRI SCH', 42, 135),
(6457, 'KAMBI NDEGE PRI SCH', 42, 135),
(6458, 'KESOGON S.U', 42, 135),
(6459, 'LAND MARK ACADEMY PRI SCH', 42, 135),
(6460, 'FRIENDS BRIGHT ACADEMY PRI SCH', 42, 135),
(6461, 'KOLONGOLO AC ACADEMY PRI SCH', 42, 135),
(6462, 'RIVERSIDE ADVENTIST SCH PRI', 43, 144),
(6463, 'AIC LOMIL PRI SCH', 43, 144),
(6464, 'ARUMRUM PRI', 43, 144),
(6465, 'ST TERESA  KIMABUR PRI', 43, 144),
(6466, 'NABEIYE PRI', 43, 144),
(6467, 'LORENGO PRI SCH', 43, 144),
(6468, 'KOYASA PRI SCH', 43, 144),
(6469, 'NAPETET PRI SCH', 43, 144),
(6470, 'LOUWAE PRI', 43, 144),
(6471, 'CHABAA PRI SCH', 43, 144),
(6472, 'KEKORISIGOL PRI', 43, 144),
(6473, 'GLOBAL SEED ACADEMY PRI', 43, 144),
(6474, 'NAMOROTOT PRI SCH', 43, 144),
(6475, 'KABULUKORN PRI', 43, 144),
(6476, 'RAJA PRI SCH', 43, 144),
(6477, 'LOKOYO PRI SCH', 43, 144),
(6478, 'LOMOPUTH PRI SCH', 43, 144),
(6479, 'KAARUKO PRI', 43, 144),
(6480, 'KAKONG PRI', 43, 144),
(6481, 'ST MARKS SONGOT PRI SCH', 43, 144),
(6482, 'NAKITOEKONOM PRI SCH', 43, 144),
(6483, 'NACHUKUI PRI SCH', 43, 144),
(6484, 'KAPUA PRI SCH', 43, 144),
(6485, 'LOTUBAE PRI', 43, 144),
(6486, 'LOKIRIAMA PRI', 43, 144),
(6487, 'LOKITAUNG MIXED PRI SCH', 43, 144),
(6488, 'KODOPA PRI SCH', 43, 144),
(6489, 'MORUESE PRI SCH', 43, 144),
(6490, 'KAKIMAT PRI', 43, 144),
(6491, 'NATAAGILAE PRI SCH', 43, 144),
(6492, 'KANGEGETEI  PRI SCH', 43, 144),
(6493, 'LOYA PRI', 43, 144),
(6494, 'LOKUII PRI', 43, 144),
(6495, 'NANAM MIXED PRI SCH', 43, 144),
(6496, 'KOTELA PRI', 43, 144),
(6497, 'LOMEKWI PRI SCH', 43, 144),
(6498, 'NAIPA PRI SCH', 43, 144),
(6499, 'ECHAMI LEARNING CENTER PRI', 43, 144),
(6500, 'NAKWAMEKWI MIXED PRI SCH', 43, 144),
(6501, 'LOYORO PRI SCH', 43, 144),
(6502, 'LOKORIO GIRLS PRI', 43, 144),
(6503, 'KALOMEGUR PRI SCH', 43, 144),
(6504, 'NABUIN PRI SCH', 43, 144),
(6505, 'NARENGEWOI PRI SCH', 43, 144),
(6506, 'BRIGHT SCH PRI', 43, 144),
(6507, 'NAOROS PRI SCH', 43, 144),
(6508, 'OROPOI PRI SCH', 43, 144),
(6509, 'NAKWAPERIT PRI', 43, 144),
(6510, 'KASUROI PRI', 43, 144),
(6511, 'LORENGELUP PRI', 43, 144),
(6512, 'NATAPARKAKONO PRI SCH', 43, 144),
(6513, 'AIC NAKULUJA ACADEMY PRI SCH', 43, 144),
(6514, 'LOSAJAIT PRI SCH', 43, 144),
(6515, 'ST BONIFACE NASIGER PRI SCH', 43, 144),
(6516, 'RIOKOMOR PRI SCH', 43, 144),
(6517, 'LOTUREREI PRI SCH', 43, 144),
(6518, 'NAGIS PRI SCH', 43, 144),
(6519, 'KANGALITA PRI', 43, 144),
(6520, 'LOYO UNIT OF DEATH PRI SCH', 43, 144);
INSERT INTO `school` (`school_id`, `school_name`, `school_county_id`, `school_district_id`) VALUES
(6521, 'NAMUKUSE PRI SCH', 43, 144),
(6522, 'ST LUKES NAKURURUM PRI SCH', 43, 144),
(6523, 'NAREMIT PRI', 43, 144),
(6524, 'NAPUSIMORU PRI', 43, 144),
(6525, 'KANGAKIPUR PRI', 43, 144),
(6526, 'LOKANGAE PRI SCH', 43, 144),
(6527, 'NAKABOSAN PRI', 43, 144),
(6528, 'COMBONI GIRLS BOARDING SCH', 43, 144),
(6529, 'LOCHOR AKENY PRI SCH', 43, 144),
(6530, 'LOPEDURU PRI', 43, 144),
(6531, 'LOGOGO PRI', 43, 144),
(6532, 'KANGIRISAE PRI', 43, 144),
(6533, 'NAKUKULAS PRI', 43, 144),
(6534, 'ST FRANCIS NAKAMANE PRI SCH', 43, 144),
(6535, 'OUTSPAN PRI SCH', 44, 139),
(6536, 'WILLINE GLORY PRI SCH', 44, 139),
(6537, 'ST GIDEON ACADEMY PRI', 44, 139),
(6538, 'BEAUTY BABIES PRI SCH', 44, 139),
(6539, 'ELDORET CHILDRENS RESCUE CENTRE PRI', 44, 139),
(6540, 'GOLDENB TOTS CHILDREN CENTRE PRI', 44, 139),
(6541, 'HAPPY CUT JUNIOR PRI SCH', 44, 139),
(6542, 'TALAI ACADEMY PRI SCH', 44, 139),
(6543, 'JOY VICTORY PRI SCH', 44, 139),
(6544, 'ST MONICA ACADEMY PRI SCH', 44, 139),
(6545, 'KAAA ACADEMY OF HOPE PRI SCH', 44, 139),
(6546, 'MARY IMMACULATE PRI SCH', 44, 139),
(6547, 'CHEBAROS PRI', 44, 139),
(6548, 'ST MARY''S MASABA PRI', 44, 139),
(6549, 'THE ROCK KIREMOTIO ACADEMY PRI SCH', 44, 139),
(6550, 'PROVIDENCE PRI', 44, 139),
(6551, 'ST GEORGES SINENDET  PRI SCH', 44, 139),
(6552, 'ST GEORGES SPECIAL UNIT', 44, 139),
(6553, 'HOPE PREPARATORY PRI', 44, 139),
(6554, 'BLUE BELLS JUNIOR PRI SCH', 44, 139),
(6555, 'ST MATHEW''S PRI SCH', 44, 139),
(6556, 'KIDIWA SPECIAL UNIT', 44, 139),
(6557, 'NANDI GAA PRI', 44, 139),
(6558, 'DAYTON ACADEMY PRI', 44, 139),
(6559, 'JUNIOR STAR PRI SCH', 44, 139),
(6560, 'MOTHER''S JOY PRI', 44, 139),
(6561, 'KIPKENYO SPECIAL UNIT', 44, 139),
(6562, 'RHEMA ACADEMY PRI', 44, 139),
(6563, 'ST THERESE''S HEKIMA PRI', 44, 139),
(6564, 'ST JAMES LEBERIO PRI SCH', 44, 139),
(6565, 'JULAT ACADEY PRI SCH', 44, 139),
(6566, 'LENGUT PRI SCH', 44, 139),
(6567, 'ELDO LIGHT PRI', 44, 139),
(6568, 'ELDORET ADVENTIST PRI SCH', 44, 139),
(6569, 'NGERIA WEST ACADEMY PRI', 44, 139),
(6570, 'PRESBYTERIAN ABUNDANT HOPE PRI SCH', 44, 139),
(6571, 'CHESEGEM PRI', 44, 139),
(6572, 'METKEI ACADEMY PRI', 44, 139),
(6573, 'DIAMOND ACADEMY PRI', 44, 139),
(6574, 'KANDIE SPECIAL UNIT', 44, 139),
(6575, 'THE REAL SCHOOL KAPTAGAT PRI SCH', 44, 139),
(6576, 'TOWNSHIP SPECIAL UNIT', 44, 139),
(6577, 'GATEWAYS ACADEMY PRI', 44, 139),
(6578, 'MIMOSA ACADEMY PRI SCH', 44, 139),
(6579, 'DAISSTI VISION PRI', 44, 139),
(6580, 'MOGIOBICH PRI', 44, 139),
(6581, 'TARAKWA SPECIAL UNIT', 44, 139),
(6582, 'ABUNDANT LIFE PRI SCH', 44, 139),
(6583, 'GREMA ACADEMY PRI', 44, 139),
(6584, 'MOGUNDOI SPECIAL UNIT', 44, 139),
(6585, 'LEACHILIMO PRI SCH', 44, 139),
(6586, 'MOGUNDOI PRI', 44, 139),
(6587, 'AIC CHILDRENS HOME PRI', 44, 139),
(6588, 'BINDURA CHILDREN FAMILY PRI', 44, 139),
(6589, 'SEIYO SPECIAL UNIT', 44, 139),
(6590, 'MITUME CHILD CARE PRI', 44, 139),
(6591, 'ROCMA PRI SCH', 44, 139),
(6592, 'ST MARY''S CHEBARUS PRI', 44, 139),
(6593, 'ROYAL ACADEMY PRI', 44, 139),
(6594, 'HIGHLANDS ACADEMY PRI SCH', 44, 139),
(6595, 'CENTRAL SPECIAL UNIT PRI', 44, 139),
(6596, 'KAPLES PRI SCH', 44, 139),
(6597, 'TOM N JERRY PRI SCH', 44, 139),
(6598, 'MOHAN ACADEMY PRI SCH', 44, 139),
(6599, 'ELDORET SCHOOL FOR THE HEARING IMPAIRED', 44, 139),
(6600, 'KONYIT PRI', 44, 139),
(6601, 'BRIGHT STAR PRI', 44, 139),
(6602, 'ELDORET SPECIAL SCHOOL', 44, 139),
(6603, 'ST ANTHONY''S PRI SCH', 44, 139),
(6604, 'BUSARA PRI', 44, 139),
(6605, 'TOP HILL ACADEMY PRI', 44, 139),
(6606, 'SAMETO ACADEMY PRI', 44, 139),
(6607, 'NGERIA HILL ACADEMY PRI', 44, 139),
(6608, 'MARANATHA ACADEMY PRI', 44, 139),
(6609, 'CHEBII PRI', 44, 139),
(6610, 'RAINBOW PRI', 44, 139),
(6611, 'PRECIOUS JEWELS PRI', 44, 139),
(6612, 'SOSIANI PRI', 44, 139),
(6613, 'SHAYONA PRI SCH', 44, 139),
(6614, 'WAUNIFOR CENTRAL PRI', 44, 139),
(6615, 'SIRIKWA ACADEMY PRI', 44, 139),
(6616, 'EPC ACADEMY PRI', 44, 139),
(6617, 'LELMOLOK SPECIAL UNIT', 44, 139),
(6618, 'FAITH CHILDREN CENTRE PRI SCH', 44, 139),
(6619, 'ELVIEW PRI', 44, 139),
(6620, 'AMOOS JUNIOR PRI', 44, 139),
(6621, 'SKYLINE SPECIAL UNIT', 44, 139),
(6622, 'ST JUDE MUMBI PRI', 44, 139),
(6623, 'LUCKSTAR PRI', 44, 139),
(6624, 'DEMA ACADEMY PRI', 44, 139),
(6625, 'JACKSON MAIYO PRI SCH', 44, 139),
(6626, 'LARY ACADEMY PRI SCH', 44, 139),
(6627, 'MENGECH ACADEMY PRI', 44, 139),
(6628, 'CHEPKIGEN SPECIAL UNIT', 44, 139),
(6629, 'OMEGA ACADEMY PRI', 44, 139),
(6630, 'GUARDIAN ACADEMY PRI', 44, 139),
(6631, 'KAMULAT PREPARATORY PRI', 44, 139),
(6632, 'ARISE AND SHINE CHEPSAITA PRI', 44, 139),
(6633, 'SHOWERS CHILDREN PRI', 44, 139),
(6634, 'STAR ROCK ACADEMY PRI', 44, 139),
(6635, 'CHEBICHI ACADEMY PRI SCH', 44, 139),
(6636, 'KIPTANUI PRI SCH', 44, 139),
(6637, 'SISAL HIGHLIGHT PRI', 44, 139),
(6638, 'HIGHLAND EDUCATION CENTRE PRI SCH', 44, 139),
(6639, 'ST MAGDALINE ACADEMY PRI SCH', 44, 139),
(6640, 'THE CHARIOT PRI', 44, 139),
(6641, 'GETHSEMAN CHRISTIAN PRI SCH', 44, 139),
(6642, 'DESTINY CHILD CENTRE PRI', 44, 139),
(6643, 'ST LUKE ACK SAOS PRI', 44, 139),
(6644, 'ST CATHERINE PRI KIMUMU SCH', 44, 139),
(6645, 'BARATON ROADSIDE PRI', 44, 139),
(6646, 'PLANET ACADEMY PRI', 44, 139),
(6647, 'HAPPY TIMES PRI SCH', 44, 139),
(6648, 'JOSEBET ACADEMY PRI', 44, 139),
(6649, 'PHILADELPHIA PRI', 44, 139),
(6650, 'CHAMIET SPECIAL UNIT', 44, 139),
(6651, 'ST PETER''S MOGOIYWET PRI SCH', 44, 139),
(6652, 'MOI''S BRIDGE JUNIOR PRI', 44, 139),
(6653, 'DAY STAR ACADEMY PRI', 44, 139),
(6654, 'LIGHT HOUSE BAPTIST PRI', 44, 139),
(6655, 'KINGS ACADEMY PRI', 44, 139),
(6656, 'MOI''S BRIDGE SPECIAL UNIT', 44, 139),
(6657, 'LITTLE ANGELS PRI', 44, 139),
(6658, 'AFLAME PRI', 44, 139),
(6659, 'KAPSAOS FAM SPECIAL UNIT', 44, 139),
(6660, 'WAYMARKS EDUCATION CENTRE PRI', 44, 139),
(6661, 'ST PETER''S ACADEMY PRI SCH', 44, 139),
(6662, 'THE PROMISE ACADEMY PRI SCH', 44, 139),
(6663, 'HOLY CROSS JUNIOR ACADEMY PRI', 44, 139),
(6664, 'VISION JOY PRI', 44, 139),
(6665, 'RABBI PRI', 44, 139),
(6666, 'AIC KIMOSSON ACADEMY PRI', 44, 139),
(6667, 'SHEPHERD''S  ACADEMY PRI', 44, 139),
(6668, 'KAPKEI SPECIAL UNIT', 44, 139),
(6669, 'TAMARILLO JUNIOR PRI SCH', 44, 139),
(6670, 'SHINERS EDUCATIONAL CENTRE PRI SCH', 44, 139),
(6671, 'FOUNTAIN ACADEMY PRI', 44, 139),
(6672, 'ELDORET ACHIEVER''S PRI', 44, 139),
(6673, 'GOOD NEWS CHILDREN CENTRE PRI SCH', 44, 139),
(6674, 'AIC UPENDO PRI SCH', 44, 139),
(6675, 'KAHOYA CHAMPIONS PRI SCH', 44, 139),
(6676, 'ST ALEX PRI', 44, 139),
(6677, 'MONES COMPLEX PRI', 44, 139),
(6678, 'LIFE FOUNDATION PRI', 44, 139),
(6679, 'AIC SITIYOT ACADEMY PRI', 44, 139),
(6680, 'LITTLE WOODS EDUCATION CENTRE PRI', 44, 139),
(6681, 'BLESSED KID PRI', 44, 139),
(6682, 'RORET ADVENTIST PRI', 44, 139),
(6683, 'ST THOMAS MARARAI PRI', 44, 139),
(6684, 'JERUSALEM ACADEMY PRI', 44, 139),
(6685, 'DOWNHILL MISSIONARY ACADEMY PRI', 44, 139),
(6686, 'COMIDO PRI', 44, 139),
(6687, 'ST JOHN''S KAPSIRWO PRI SCH', 44, 139),
(6688, 'JERUSALEM PRI', 44, 139),
(6689, 'ST MARK''S TELDET PRI', 44, 139),
(6690, 'BIDII PREPARATORY PRI', 44, 139),
(6691, 'HESHIMA JUNIOR PRI', 44, 139),
(6692, 'KIBANJA ACADEMY PRI', 44, 139),
(6693, 'APOSTLE JABEZ PRI', 44, 139),
(6694, 'AMAZING DISCOVERY ACADEMY PRI SCH', 44, 139),
(6695, 'JIRE CHILDREN CENTRE PRI', 44, 139),
(6696, 'SIRWO PRI', 44, 139),
(6697, 'MWIRUTI SPECIAL UNIT', 44, 139),
(6698, 'POTTERS HOUSE PRI', 44, 139),
(6699, 'REHEMA PRI SCH', 44, 135),
(6700, 'BETHAMY ACADEMY PRI', 44, 139),
(6701, 'BARAKA JUNIOR PRI', 44, 139),
(6702, 'EBENEZER ACADEMY PRI', 44, 139),
(6703, 'JOYDAY ACADEMY PRI', 44, 139),
(6704, 'KORMAET PREPARATORY PRI SCH', 44, 139),
(6705, 'BAHARINI SPECIAL UNIT', 44, 139),
(6706, 'HILLSIDE PREPARATORY PRI', 44, 139),
(6707, 'ELDORET PREPARATORY PRI SCH', 44, 139),
(6708, 'HAPPY CHILD PRI', 44, 139),
(6709, 'SAMINGO ACADEMY PRI', 44, 139),
(6710, 'PRECIOUS PRI', 44, 139),
(6711, 'USHINDI PAG PRI', 44, 139),
(6712, 'KAPSURUM ACADEMY PRI', 44, 139),
(6713, 'MOKOCHORET JUNIOR PRI SCH', 44, 139),
(6714, 'LANGAS PAG PRI', 44, 139),
(6715, 'SHIRLY CHILDREN CARE CENTRE PRI', 44, 139),
(6716, 'BLESSED ACADEMY PRI', 44, 139),
(6717, 'REVIMA ACADEMY PRI', 44, 139),
(6718, 'TOWN TOWERS PRI', 44, 139),
(6719, 'IFC ACADEMY PRI', 44, 139),
(6720, 'MARK''S ACADEMY PRI', 44, 139),
(6721, 'KORIOMAT PRI', 44, 139),
(6722, 'LANGAS BAPTIST PRI', 44, 139),
(6723, 'ELFEMA ACADEMY PRI', 44, 139),
(6724, 'ST MARY''S UPPER HILL PRI', 44, 139),
(6725, 'HOPKINS PRI', 44, 139),
(6726, 'BRIGHT STAR PRI', 44, 139),
(6727, 'LANGAS GOLDEN GATEWAY PRI', 44, 139),
(6728, 'ELIZABETH MEMORIAL PRI', 44, 139),
(6729, 'JUNIOR ELITE PRI', 44, 139),
(6730, 'BRIGHT FIELD PRI', 44, 139),
(6731, 'MAXIMUM MIRACLE PRI', 44, 139),
(6732, 'GOOD SHEPHERD PRI', 44, 139),
(6733, 'ELDORET ROHI PRI', 44, 139),
(6734, 'CHRISTIAN HOPE PRI', 44, 139),
(6735, 'JOY HILL PRI', 44, 139),
(6736, 'BLOSSOM PRI SCH', 44, 139),
(6737, 'KIMURUK PRI', 44, 139),
(6738, 'BIREMO ACADEMY PRI', 44, 139),
(6739, 'JITEGEMEA PRI', 44, 139),
(6740, 'TALENTED KIDS PRI', 44, 139),
(6741, 'PCEA ACADEMY LANGAS PRI', 44, 139),
(6742, 'ST JOHN PRI', 44, 139),
(6743, 'SHALOM ELITE PRI', 44, 139),
(6744, 'HARVEST ACADEMY PRI', 44, 139),
(6745, 'TRANSITION PRI', 44, 139),
(6746, 'MUSTARD SEED PREPARATORY PRI SCH', 44, 139),
(6747, 'LIGHT HOUSE ACADEMY LANGAS PRI', 44, 139),
(6748, 'LANGAS SPECIAL UNIT', 44, 139),
(6749, 'EMAUS PRI', 44, 139),
(6750, 'COMEN ACADEMY PRI', 44, 139),
(6751, 'CHELEMEI EDUCATION CENTRE PRI', 44, 139),
(6752, 'ZOCHIN ACADEMY PRI SCH', 44, 139),
(6753, 'TOLOITA SPECIAL UNIT', 44, 139),
(6754, 'PRILIMO ACADEMY PRI SCH', 44, 139),
(6755, 'PARK ACADEMY PRI SCH', 44, 139),
(6756, 'AINAMOI PRI', 44, 139),
(6757, 'KIPSOMBA SPECIAL UNIT', 44, 139),
(6758, 'CAMP DAVID ACADEMY PRI', 44, 139),
(6759, 'NELKON EDUCATION CENTRE PRI', 44, 139),
(6760, 'BLESSED ACADEMY PRI', 44, 140),
(6761, 'SINONI NPRI', 44, 139),
(6762, 'NGOBITWA PRIMARY SCHOOL', 44, 139),
(6763, 'ST PATRICK''S MEREWET PRI SCH', 44, 139),
(6764, 'HEKIMA ACADEMY PRI SCH', 44, 139),
(6765, 'SAMOEI EDUCATIONAL CENTRE PRI', 44, 139),
(6766, 'KAPKAWA ACADEMY PRI SCH', 44, 139),
(6767, 'VISIONARY ACADEMY PRI SCH', 44, 139),
(6768, 'SOY PROGRESSIVE ACADEMY PRI SCH', 44, 139),
(6769, 'MOUNTAIN ACADEMY PRI', 44, 139),
(6770, 'SAROPHINA ACADEMY PRI', 44, 139),
(6771, 'BIG SIX ACADEMY PRI', 44, 139),
(6772, 'KOLONGEI PRI SCH', 44, 139),
(6773, 'AINAPNGETICH PRI SCH', 44, 139),
(6774, 'HOUSE OF JACOB PRI SCH', 44, 139),
(6775, 'MATUMO ROAD PRI SCH', 44, 139),
(6776, 'STAR LIGHT PRI SCH', 44, 139),
(6777, 'EDWARD JUNIOR PRI', 44, 139),
(6778, 'CHEPLELAIBEI SDA ACADEMY PRI', 44, 139),
(6779, 'DRY''S FARM SPECIAL UNIT', 44, 139),
(6780, 'GREEN GARDEN PRI SCH', 44, 139),
(6781, 'BANIS ACADEMY PRI SCH', 44, 139),
(6782, 'KAMAGUT SPECIAL UNIT', 44, 139),
(6783, 'AIC CHEPLELAIBEI PREPARATORY PRI', 44, 139),
(6784, 'QUEEN OF ANGELS PRI', 44, 139),
(6785, 'AIC MOIBEN PREPARATORY PRI SCH', 44, 139),
(6786, 'SOIN PRI SCH', 44, 139),
(6787, 'MASHUA ACADEMY PRI SCH', 44, 139),
(6788, 'KAPKEI PRI SCH', 44, 145),
(6789, 'KAPKONG SPECIAL UNIT', 44, 139),
(6790, 'NEBET ACADEMY PRI', 44, 139),
(6791, 'BISHOP MUGE PRI SCH', 44, 139),
(6792, 'KUINET JUNIOR PRI SCH', 44, 139),
(6793, 'MOIBEN SPECIAL UNIT', 44, 139),
(6794, 'TUIGOI PRI', 44, 139),
(6795, 'KAPLAMAI ACADEMY PRI SCH', 44, 139),
(6796, 'USHINDI ACADEMY PRI', 44, 139),
(6797, 'ROCK MIRROR PRI', 44, 139),
(6798, 'SUNRISE ACADEMY PRI', 44, 139),
(6799, 'ST CECILIA JUNIOR PRI SCH', 44, 139),
(6800, 'KAPTEBENGWET PRI', 44, 139),
(6801, 'OASIS ACADEMY PRI', 44, 139),
(6802, 'KAMOKONO PRI SCH', 44, 139),
(6803, 'LIGHT JUNIOR ACADEMY PRI SCH', 44, 139),
(6804, 'ATUREI ADVENTIST PRI SCH', 44, 139),
(6805, 'ST JACOB''S EDUCATION CENTRE PRI', 44, 139),
(6806, 'KIPLOMBE SPECIAL UNIT', 44, 139),
(6807, 'ST MARY''S CATHOLIC PRI', 44, 139),
(6808, 'SIGOWET GOOD SHEPHERD PRI SCH', 44, 139),
(6809, 'CHEMWENO CHEBOR PRI SCH', 44, 139),
(6810, 'MORO PRI', 44, 139),
(6811, 'ST MARKS PROGRESSIVE PRI', 44, 139),
(6812, 'HARVEST VISION PRI', 44, 139),
(6813, 'KAPLOGOI PRI SCH', 44, 139),
(6814, 'SIMBIOS KAIBEIYO PRI SCH', 44, 139),
(6815, 'KIPCHOI JUNIOR PRI', 44, 139),
(6816, 'ST VERONICA TOWNSHIP PRI', 44, 139),
(6817, 'AIC MALEL PRI', 44, 139),
(6818, 'BUKWO PRI', 44, 139),
(6819, 'THE CONQUERORS PRI SCH', 44, 139),
(6820, 'MORISSO EDUCATION CENTRE PRI', 44, 139),
(6821, 'KAPSILIOT PRI SCH', 44, 139),
(6822, 'SUNVIEW ACADEMY PRI SCH', 44, 139),
(6823, 'KINGONGO B PRI SCH', 44, 139),
(6824, 'ARISE AND SHINE ACADEMY (SIRIKWA) PRI', 44, 139),
(6825, 'MAY JUNIOR PRI SCH', 44, 139),
(6826, 'MOI UNIVERSITY CHEPKOILEL PRI SCH', 44, 139),
(6827, 'SUCCESS ACADEMY PRI', 44, 139),
(6828, 'BABY SHINE PRI', 44, 139),
(6829, 'MIDLAND ACADEMY PRI SCH', 44, 139),
(6830, 'BABY JOY PRI', 44, 139),
(6831, 'SOLID ROCK PRI SCH', 44, 139),
(6832, 'SUNRISE ACADEMY PRI', 44, 139),
(6833, 'PRIME ACADEMY PRI', 44, 139),
(6834, 'KALLYPET''S PRI SCH', 44, 139),
(6835, 'ST JOSEPH''S ACADEMY PRI', 44, 139),
(6836, 'ZIWA UPCOUNTRY PRI', 44, 139),
(6837, 'JOYSHINERS ACADEMY PRI SCH', 44, 139),
(6838, 'IVOLA PRY SPECIAL UNIT', 45, 141),
(6839, 'BUKAYWA PRY SCH', 45, 141),
(6840, 'GOOD SHEPHERD ACADEMY PRY SCH', 45, 141),
(6841, 'TIRIMAS SPECIAL PRY SCH', 45, 141),
(6842, 'MADEGWA SPECIAL UNIT', 45, 141),
(6843, 'MBIHI PRY SCH', 45, 141),
(6844, 'ABUNDANT LIFE ACADEMY PRI', 45, 141),
(6845, 'CHATEX ACADEMY PRY SCH', 45, 141),
(6846, 'JOSEPH MIKUZI SCHOOL FOR THE DEAF PRI', 45, 141),
(6847, 'CHEKOMBERO SPECIAL SCH FOR DEAF', 45, 141),
(6848, 'GIVAVEI FRIENDS SCHOOL FOR THE DEAF PRY', 45, 141),
(6849, 'DUDUZILE ACADEMY PRY SCH', 45, 141),
(6850, 'ERUSUI TUITION CENTRE PRI. SCH', 45, 141),
(6851, 'ESIBEYE PRIMARY', 45, 141),
(6852, 'KAPSOGORO PRY SCH', 45, 141),
(6853, 'ELIAN PREP SCH PRY', 45, 141),
(6854, 'HAMISI CROSSROADS ACADEMY PRY SCH', 45, 141),
(6855, 'ST URSULAS SPECIAL SCH', 45, 141),
(6856, 'MWINAYA PRIMARY', 45, 141),
(6857, 'ITUMBU SPECIAL UNIT', 45, 141),
(6858, 'LUCKY STAR ACADEMY', 45, 141),
(6859, 'EDITH JUNIOR ACADEMY PRY SCH', 45, 141),
(6860, 'BABY SHINES ACADEMY', 45, 141),
(6861, 'EBUKUYA SCHOOL FOR THE DEAF PRIMARY', 45, 141),
(6862, 'BRIGHT ACADEMY ESIARAMBATSI', 45, 141),
(6863, 'SKYLIGHT  CHILDREN AND RESOURCE CENTRE PRI. SCH.', 45, 141),
(6864, 'ITOVO SATELLITE ACADEMY PRY SCH', 45, 141),
(6865, 'EBUSIRATSI SPECIAL SCHOOL', 45, 141),
(6866, 'AMANI ACADEMY', 45, 140),
(6867, 'MTUME PRY', 45, 141),
(6868, 'ST. JOHNS MUSTARD SEED PRY SCH', 45, 141),
(6869, 'JIDERERI  PRIM. SCH.', 45, 141),
(6870, 'DUNAMIS EDUCATION CENTRE', 45, 141),
(6871, 'EBUKOOLO PRIMARY', 45, 141),
(6872, 'CHANDOLO SPECIAL UNIT', 45, 141),
(6873, 'BUSAMO PRI', 45, 141),
(6874, 'JEBROK PREMIER ACADEMY PRY SCH', 45, 141),
(6875, 'IKUVU  SPECIAL UNIT', 45, 141),
(6876, 'FADHILI STAR ACADEMY', 45, 141),
(6877, 'ELUKHAMBI PRIMARY', 45, 141),
(6878, 'SAPPHIRE ACADEMY', 45, 141),
(6879, 'ESSABA SPECIAL UNIT', 45, 141),
(6880, 'AMANI ACADEMY', 45, 141),
(6881, 'REV. MOSES AKARANGA EGALONI PRY SCH', 45, 141),
(6882, 'TIRIKI ACADEMY PRI. SCH.', 45, 141),
(6883, 'SKY HIGH ACADEMY', 45, 141),
(6884, 'SUNSHINE JUNIOR ACADEMY PRY SCH', 45, 141),
(6885, 'MADIRA PRI', 45, 139),
(6886, 'NEEMA ACADEMY', 45, 141),
(6887, 'REHOBOTH ACADEMY', 45, 141),
(6888, 'ELBEN PRI SCH', 46, 142),
(6889, 'HALANE PRI SCH', 46, 142),
(6890, 'LAFALEY PRI SCH', 46, 142),
(6891, 'INGIRIR PRI SCH', 46, 142),
(6892, 'DASHEG PRI SCH', 46, 142),
(6893, 'KATOTE PRI SCH', 46, 142),
(6894, 'KHAJAJA I PRI SCH', 46, 142),
(6895, 'KHAJAJA PRI SCH', 46, 142),
(6896, 'KONTON PRI SCH', 46, 142),
(6897, 'FUNANBUA PRI SCH', 46, 142),
(6898, 'QARSAR PRI SCH', 46, 142),
(6899, 'QUDAMA PRI SCH', 46, 142),
(6900, 'OGORJI PRI SCH', 46, 142),
(6901, 'MATHO PRI SCH', 46, 142),
(6902, 'WARGADUD PRI SCH', 46, 142),
(6903, 'MACHESA PRI SCH', 46, 142),
(6904, 'BERAMO PRI SCH', 46, 142),
(6905, 'KANCHARA PRI SCH', 46, 142),
(6906, 'DAGAHALEY PRIMARY', 46, 146),
(6907, 'RONIE JUNIOR PRI SCH', 46, 142),
(6908, 'WAJIR SUNRISE ACADEMY', 46, 142),
(6909, 'MAADATHE PRI SCH', 46, 142),
(6910, 'HARAGAL PRI SCH', 46, 142),
(6911, 'SHINBIR BUL PRI SCH', 46, 142),
(6912, 'LESANYO PRI SCH', 46, 142),
(6913, 'PROPOSED KILKILEY PRI SCH', 46, 142),
(6914, 'DUNTO PRI SCH', 46, 142),
(6915, 'LAKOLE NORTH PRI SCH', 46, 142),
(6916, 'SARMAN PRI SCH', 46, 142),
(6917, 'MASALALE PRI SCH', 46, 142),
(6918, 'DUGO PRI SCH', 46, 142),
(6919, 'DAGAHALEY SPECIAL UNIT', 46, 146),
(6920, 'MALKAGUFU PRI SCH', 46, 142),
(6921, 'DADAJABULLA PRI SCH', 46, 142),
(6922, 'BOJIYARE PRI SCH', 46, 142),
(6923, 'OGORALEPRI SCH', 46, 142),
(6924, 'BARMISH PRI SCH', 46, 142),
(6925, 'EL ADOW PRI SCH', 46, 142),
(6926, 'WACHIR PRI SCH', 46, 142),
(6927, 'SHALAATEE INTEGRATED ACADEMY PRI SCH', 46, 142),
(6928, 'BANGAL PRI SCH', 46, 142),
(6929, 'WAJIR SCH FOR THE DEAF', 46, 142),
(6930, 'BARWAQO GIRLS PRI SCH', 46, 142),
(6931, 'BRILIANT PRI SCH', 46, 142),
(6932, 'ABAKORE PRI SCH', 46, 142),
(6933, 'WAJIR ACADEMY PRI SCH', 46, 142),
(6934, 'IQRA ELITE SCH', 46, 142),
(6935, 'HORSEET ACDEMY PRI SCH', 46, 142),
(6936, 'TESORIE PRI SCH', 46, 142),
(6937, 'CATHOLIC SPECIAL UNIT', 46, 142),
(6938, 'EXCEL ACADEMY WAJIR PRI SCH', 46, 142),
(6939, 'KACHEPKAI PRI', 47, 143),
(6940, 'KAPTARIN PRI SCH', 47, 143),
(6941, 'STLUCY''S ACADEMY', 47, 143),
(6942, 'BENDERA AIC ACADEMY', 47, 143),
(6943, 'NAKWANGAMORU PRI SCH', 47, 143),
(6944, 'SUKUK PRI SCH', 47, 143),
(6945, 'KODOSO PRI SCH', 47, 143),
(6946, 'CHEPKRAM PRI SCH', 47, 143),
(6947, 'CHEPKEMEI PRI SCH', 47, 143),
(6948, 'MWINO STAR ACADEMY PRI SCH', 47, 143),
(6949, 'BAPTIST PRI', 47, 143),
(6950, 'ST FRANCIS SCHOOL FOR THE BLIND', 47, 143),
(6951, 'EMPOGHAT PRI SCH', 47, 143),
(6952, 'PARSONGA PRI SCH', 47, 143),
(6953, 'CHELOKOTETWA PRI SCH', 47, 143),
(6954, 'KOPULIO PRI', 47, 143),
(6955, 'KARIAMAKITAI PRI SCH', 47, 143),
(6956, 'TIYINEI PRI', 47, 143),
(6957, 'ORTUM ACADEMY PRI SCH', 47, 143),
(6958, 'ORTUM MIXED PRI ACADEMY', 47, 143),
(6959, 'MORPUS ACADEMY PRI SCH', 47, 143),
(6960, 'PLANET ACADEMY', 47, 143),
(6961, 'NAKTOPAR PRI SCH', 47, 143),
(6962, 'LOROGON PRI', 47, 144),
(6963, 'PLALANG PRI SCH', 47, 143),
(6964, 'KACHELIBA SUNFLOWER PRI', 47, 143),
(6965, 'TIRIKIEN PRI SCH', 47, 143),
(6966, 'NACHECHEYA PRI SCH', 47, 143),
(6967, 'NGENGECHWO PRI', 47, 143),
(6968, 'KANGISHA PRI SCH', 47, 143),
(6969, 'SAWAYAN PRI', 47, 143),
(6970, 'CHEPKOGHIN PRI SCH', 47, 143),
(6971, 'ST COMBONI KAMWOTUNY PRI', 47, 143),
(6972, 'MARICH FIELD STUDY PRI SCH', 47, 143),
(6973, 'AIC ASLONG PRI', 47, 143),
(6974, 'LOKARKAR PRI SCH', 47, 143),
(6975, 'FR ANTONIO KAPUL PRI', 47, 143),
(6976, 'KIPSAKAS PRI SCH', 47, 143),
(6977, 'CHERANGAN PRI', 47, 143),
(6978, 'KASEPA PRI', 47, 143),
(6979, 'KASES PRI', 47, 143),
(6980, 'TUNOYO PRI SCH', 47, 143),
(6981, 'TEMON PRI SCH', 47, 143),
(6982, 'SARMACH PRI SCH', 47, 143),
(6983, 'KETIAM PRI SCH', 47, 143),
(6984, 'NAKWIJIT PRI', 47, 143),
(6985, 'WONYOI PRI', 47, 143),
(6986, 'KASAKA PRI SCH', 47, 143),
(6987, 'ORWA PRI SCH', 47, 143),
(6988, 'KAPSENTOI PRI', 47, 143),
(6989, 'TAMARUKWO PRI SCH', 47, 143),
(6990, 'RUKEI PRI SCH', 47, 143),
(6991, 'MADING PRI', 47, 143),
(6992, 'MERUR PRI SCH', 47, 143),
(6993, 'MORTOME PRI SCH', 47, 143),
(6994, 'LOSIALIMA TREASURE ACADEMY PRI SCH', 47, 143),
(6995, 'MOORLAND ACADEMY PRI SCH', 47, 143),
(6996, 'GEORGE KENDAGOR CHRISTIAN ACADEMY', 47, 143),
(6997, 'EMMANUELS FORTRESS ACADEMY', 47, 143),
(6998, 'MAKUTANO CENTRAL ACADEMY', 47, 143),
(6999, 'MAKUTANO SPECIAL UNIT', 47, 143),
(7000, 'KADOKONY PRI SCH', 47, 143),
(7001, 'RIRIMBOI PRI SCH', 47, 143),
(7002, 'KATIKOMOR PRI SCH', 47, 143),
(7003, 'LOLOTWO PRI SCH', 47, 143),
(7004, 'ST. MARY''S CHEPARERIA PRI SCH', 47, 143),
(7005, 'KOSULOL PRI SCH', 47, 143),
(7006, 'KAPENGURIA CENTRAL PRI', 47, 143),
(7007, 'KRESWO PRI SCH', 47, 143),
(7008, 'BENDERA HILLTOP ACADEMY', 47, 143),
(7009, 'KOTULPOGH PRI', 47, 143),
(7010, 'MUSTARD SEED ACADEMY', 47, 143),
(7011, 'RIRUTA SATELLITE PRIMARY SCHOOL', 1, 6),
(7020, 'NDURARUA PRIMARY SCHOOL', 1, 6);

-- --------------------------------------------------------

--
-- Table structure for table `system_log`
--

CREATE TABLE `system_log` (
  `s_log_number` int(100) NOT NULL,
  `system_log_id` varchar(100) NOT NULL,
  `s_county_id` int(10) NOT NULL,
  `s_district_id` int(10) NOT NULL,
  `s_school_id` int(20) NOT NULL,
  `s_teacher_id` int(10) NOT NULL,
  `s_class_id` int(10) NOT NULL,
  `s_class_name` varchar(10) NOT NULL,
  `s_term_id` int(10) NOT NULL,
  `s_other_info` varchar(100) NOT NULL,
  `s_year_log` year(4) NOT NULL
) ENGINE=InnoDB DEFAULT CHARSET=latin1;

--
-- Dumping data for table `system_log`
--

INSERT INTO `system_log` (`s_log_number`, `system_log_id`, `s_county_id`, `s_district_id`, `s_school_id`, `s_teacher_id`, `s_class_id`, `s_class_name`, `s_term_id`, `s_other_info`, `s_year_log`) VALUES
(1, '15760', 1, 6, 634, 123456, 5, 'YELLOW', 4, 'SPECIAL EXAMINATION ', 0000),
(3, '36682', 18, 79, 3487, 2424, 3, 'VICTORIA', 2, 'AWENDO', 0000),
(4, '435059', 1, 6, 7020, 123456, 5, 'EAST', 1, 'OPENER', 0000),
(5, '47867', 3, 15, 926, 2424, 3, 'RED', 4, 'ZONE EXAMS', 0000),
(7, '50819', 1, 4, 362, 123456, 5, 'EAST', 7, 'KAHAWA DIVISION', 0000),
(8, '527535', 1, 6, 634, 32645502, 4, 'blue', 1, 'Divisional', 0000),
(9, '67664', 1, 6, 96, 96, 5, 'GREEN', 4, 'WAITHAKA', 0000),
(10, '73788', 1, 4, 25, 2424, 4, 'PURPLE', 2, 'MWIKI', 0000),
(11, '80603', 1, 4, 609, 55678, 1, 'EAST', 3, 'Divisional', 0000),
(12, '860760', 0, 0, 0, 123456, 0, '', 0, '', 0000),
(16, '93167', 1, 6, 106, 106, 4, 'YELLOW', 4, '', 0000),
(17, '238790', 1, 6, 7020, 123456, 5, 'EAST', 4, 'WAITHAKA ZONE              ', 0000),
(18, '646589', 8, 36, 1542, 123456, 7, 'EAST', 1, 'IJARA ZONE', 0000),
(19, '696337', 1, 6, 7011, 123456, 6, 'EAST', 1, 'OPENER', 0000);

-- --------------------------------------------------------

--
-- Table structure for table `term`
--

CREATE TABLE `term` (
  `term_id` int(100) NOT NULL,
  `exam_term_name` varchar(100) NOT NULL
) ENGINE=InnoDB DEFAULT CHARSET=latin1;

--
-- Dumping data for table `term`
--

INSERT INTO `term` (`term_id`, `exam_term_name`) VALUES
(1, 'TERM 1'),
(2, 'TERM 2'),
(3, 'TERM 3'),
(4, 'MIDTERM TERM 1'),
(5, 'MIDTERM TERM 2'),
(6, 'MIDTERM TERM 3'),
(7, 'FINAL EXAM TERM 1'),
(8, 'FINAL EXAM TERM 2'),
(9, 'FINAL EXAM TERM 3');

-- --------------------------------------------------------

--
-- Table structure for table `users`
--

CREATE TABLE `users` (
  `user_id` int(5) NOT NULL,
  `username` varchar(25) NOT NULL,
  `id_number` varchar(35) NOT NULL,
  `password` varchar(50) NOT NULL
) ENGINE=MyISAM DEFAULT CHARSET=latin1;

--
-- Dumping data for table `users`
--

INSERT INTO `users` (`user_id`, `username`, `id_number`, `password`) VALUES
(10, 'roy', '654321', 'c33367701511b4f6020ec61ded352059'),
(9, 'Brian', '123456', 'd553d148479a268914cecb77b2b88e6a'),
(11, 'Jameson', '25252525', '8781eba6b2631a210de5e363c2834d83'),
(12, 'Emma ', '2424', '8cc946123dcf3c00c15de91c11db056f'),
(13, 'Emma', '55678', 'f962bed5616612c8c7053f6e97e72b12'),
(14, 'Omesa', '56459', 'b661d2e56f9c4a779f45f39c7f498ec2'),
(15, 'Ma''Leila', '11111', 'b0baee9d279d34fa1dfd71aadb908c3f'),
(16, 'nation tv', '12345', '827ccb0eea8a706c4c34a16891f84e7b'),
(17, '', '', 'e10adc3949ba59abbe56e057f20f883e'),
(18, 'Roy arita', '32645502', 'c44a471bd78cc6c2fea32b9fe028d30a');

-- --------------------------------------------------------

--
-- Table structure for table `year`
--

CREATE TABLE `year` (
  `year_id` int(11) NOT NULL DEFAULT '0',
  `year_name` varchar(10) NOT NULL
) ENGINE=InnoDB DEFAULT CHARSET=latin1;

--
-- Indexes for dumped tables
--

--
-- Indexes for table `class`
--
ALTER TABLE `class`
  ADD PRIMARY KEY (`class_id`);

--
-- Indexes for table `county`
--
ALTER TABLE `county`
  ADD PRIMARY KEY (`county_id`);

--
-- Indexes for table `district`
--
ALTER TABLE `district`
  ADD PRIMARY KEY (`district_id`);

--
-- Indexes for table `profile`
--
ALTER TABLE `profile`
  ADD PRIMARY KEY (`profile_id`);

--
-- Indexes for table `results`
--
ALTER TABLE `results`
  ADD PRIMARY KEY (`r_id`);

--
-- Indexes for table `school`
--
ALTER TABLE `school`
  ADD PRIMARY KEY (`school_id`);

--
-- Indexes for table `system_log`
--
ALTER TABLE `system_log`
  ADD PRIMARY KEY (`s_log_number`);

--
-- Indexes for table `term`
--
ALTER TABLE `term`
  ADD PRIMARY KEY (`term_id`);

--
-- Indexes for table `users`
--
ALTER TABLE `users`
  ADD PRIMARY KEY (`user_id`),
  ADD UNIQUE KEY `email` (`id_number`);

--
-- Indexes for table `year`
--
ALTER TABLE `year`
  ADD PRIMARY KEY (`year_id`);

--
-- AUTO_INCREMENT for dumped tables
--

--
-- AUTO_INCREMENT for table `district`
--
ALTER TABLE `district`
  MODIFY `district_id` int(5) NOT NULL AUTO_INCREMENT, AUTO_INCREMENT=148;
--
-- AUTO_INCREMENT for table `profile`
--
ALTER TABLE `profile`
  MODIFY `profile_id` int(100) NOT NULL AUTO_INCREMENT, AUTO_INCREMENT=13;
--
-- AUTO_INCREMENT for table `results`
--
ALTER TABLE `results`
  MODIFY `r_id` int(10) NOT NULL AUTO_INCREMENT, AUTO_INCREMENT=201;
--
-- AUTO_INCREMENT for table `school`
--
ALTER TABLE `school`
  MODIFY `school_id` int(10) NOT NULL AUTO_INCREMENT, AUTO_INCREMENT=7021;
--
-- AUTO_INCREMENT for table `system_log`
--
ALTER TABLE `system_log`
  MODIFY `s_log_number` int(100) NOT NULL AUTO_INCREMENT, AUTO_INCREMENT=20;
--
-- AUTO_INCREMENT for table `term`
--
ALTER TABLE `term`
  MODIFY `term_id` int(100) NOT NULL AUTO_INCREMENT, AUTO_INCREMENT=10;
--
-- AUTO_INCREMENT for table `users`
--
ALTER TABLE `users`
  MODIFY `user_id` int(5) NOT NULL AUTO_INCREMENT, AUTO_INCREMENT=19;
/*!40101 SET CHARACTER_SET_CLIENT=@OLD_CHARACTER_SET_CLIENT */;
/*!40101 SET CHARACTER_SET_RESULTS=@OLD_CHARACTER_SET_RESULTS */;
/*!40101 SET COLLATION_CONNECTION=@OLD_COLLATION_CONNECTION */;
